Organization Name,Domain,State,City,Address,Phone,Email,Website,Latitude,Longitude,Source
Alabama Food Bank (Montgomery),Food,AL,Montgomery,521 Trade Center St,334-263-2936,afoodbank@afoodbank.org,https://www.afoodbank.org,32.371178,-86.345696,https://www.afoodbank.org/contact
Feeding the Gulf Coast,Food,AL,Theodore,4060 Moffett Rd,251-653-1617,info@feedingthegulfcoast.org,https://feedingthegulfcoast.org,,,https://feedingthegulfcoast.org/contact
Community Food Bank of Central Alabama,Food,AL,Birmingham,107 Walter Davis Dr,205-942-8911,info@feedingal.org,https://www.feedingal.org,33.472613,-86.837974,https://www.feedingal.org/contact
West Alabama Food Bank,Food,AL,Tuscaloosa,3216 Greensboro Ave,205-345-7510,office@wafoodbank.org,https://www.wafoodbank.org,33.182272,-87.553933,https://www.wafoodbank.org
Food Bank of North Alabama,Food,AL,Huntsville,2085 Max Luther Dr NW,256-382-6800,info@fbna.org,https://fbna.org,34.758187,-86.59858,https://fbna.org/contact-us
Housing Authority of the Birmingham District,Housing,AL,Birmingham,1826 3rd Ave N,205-521-0600,info@habd.org,https://www.habd.org,33.515179,-86.809393,https://www.habd.org/contact
Montgomery Housing Authority,Housing,AL,Montgomery,525 South Lawrence St,334-206-7200,mha@mhatoday.org,https://www.mhatoday.org,32.371398,-86.305867,https://www.mhatoday.org/contact
Huntsville Housing Authority,Housing,AL,Huntsville,200 Washington St,256-539-0774,hha@huntsvilleha.org,https://www.huntsvilleha.org,34.73272,-86.586157,https://www.huntsvilleha.org/contact
Alabama Housing Finance Authority,Housing,AL,Montgomery,7460 Halcyon Pointe Dr,334-244-9200,ahfa@ahfa.com,https://www.ahfa.com,32.364496,-86.165396,https://www.ahfa.com/contact
One Roof HSV (Huntsville),Housing,AL,Huntsville,108 Pratt Ave NE,256-536-0481,info@oneroofhsv.org,https://www.oneroofhsv.org,34.738925,-86.585445,https://www.oneroofhsv.org/contact
Birmingham Transit Authority (MAX),Transportation,AL,Birmingham,1801 Morris Ave,205-521-0101,customerservice@maxtransit.org,https://www.maxtransit.org,33.512422,-86.807981,https://www.maxtransit.org/contact
Montgomery Area Transit System (MATS),Transportation,AL,Montgomery,1225 Coosa St,334-262-7321,mats@montgomeryal.gov,https://www.montgomeryal.gov/mats,32.380378,-86.31034,https://www.montgomeryal.gov/mats
Alabama DOT Transit Programs,Transportation,AL,Montgomery,1409 Coliseum Blvd,334-242-6358,aldot.transit@dot.state.al.us,https://www.dot.state.al.us,32.411303,-86.266023,https://www.dot.state.al.us/bureaus/Intermodal/transit
Easter Seals of Alabama,Transportation,AL,Montgomery,2448 Gordon Smith Dr,334-395-4489,info@eastersealsalabama.org,https://www.eastersealsalabama.org,,,https://www.eastersealsalabama.org/contact
North Alabama Transportation Services,Transportation,AL,Muscle Shoals,100 Avalon Ave,256-314-4311,nats@shoalstransit.com,https://www.shoalstransit.com,34.744934,-87.677609,https://www.shoalstransit.com/contact
Jefferson County Department of Health,Healthcare,AL,Birmingham,1400 6th Ave S,205-930-1200,jcdh@jcdh.org,https://www.jcdh.org,33.503121,-86.808975,https://www.jcdh.org/contact
Alabama Primary Health Care Association,Healthcare,AL,Montgomery,545 Adams Ave,334-263-5614,info@alphca.org,https://www.alphca.org,32.375385,-86.301827,https://www.alphca.org/contact
Cooper Green Mercy Health Services,Healthcare,AL,Birmingham,1515 6th Ave S,205-930-3350,cgmhs@jeffco.org,https://coopergreenmercy.org,33.503744,-86.807391,https://coopergreenmercy.org/contact
Family Guidance Center FQHC,Healthcare,AL,Montgomery,4123 Wall St,334-270-4880,info@familyguidancecenter.com,https://www.familyguidancecenter.com,32.35977,-86.234497,https://www.familyguidancecenter.com/contact
Cahaba Medical Care,Healthcare,AL,Centreville,20 Medical Dr,205-926-7881,info@cahabamedicalcare.com,https://cahabamedicalcare.com,32.951105,-87.146696,https://cahabamedicalcare.com/contact
Alabama Workforce Development Board,Education-Employment,AL,Montgomery,401 Adams Ave Ste 500,334-353-1819,workforce@adeca.alabama.gov,https://adeca.alabama.gov/workforce,32.375303,-86.303554,https://adeca.alabama.gov/workforce/contact
Goodwill Industries of Alabama,Education-Employment,AL,Birmingham,2350 Green Springs Hwy,205-323-6331,info@goodwillal.org,https://www.goodwillal.org,33.478782,-86.825203,https://www.goodwillal.org/contact
Jefferson State Community College Workforce Dev,Education-Employment,AL,Birmingham,2601 Carson Rd,205-856-7704,workforce@jeffstateonline.com,https://www.jeffstateonline.com/workforce,33.624058,-86.707831,https://www.jeffstateonline.com/workforce
Alabama Community Action Association,Education-Employment,AL,Montgomery,3138 McGehee Rd,334-462-5800,info@acaa.org,https://www.acaa.org,32.337681,-86.256271,https://www.acaa.org/contact
Skills for Life — Shelby County AL,Education-Employment,AL,Columbiana,102 Industrial Pkwy,205-669-3839,skillsforlife@shelbycountyalabama.com,https://www.shelbycountyalabama.com,33.180497,-86.62305,https://www.shelbycountyalabama.com/workforce
Food Bank of Alaska,Food,AK,Anchorage,2121 Merrill Field Dr,907-222-3105,info@foodbankofalaska.org,https://www.foodbankofalaska.org,61.214082,-149.83179,https://www.foodbankofalaska.org/contact
Fairbanks Community Food Bank,Food,AK,Fairbanks,725 26th Ave,907-456-9093,director@fairbanksfoodbank.org,https://www.fairbanksfoodbank.org,64.823332,-147.716244,https://www.fairbanksfoodbank.org/contact
Southeast Alaska Food Bank,Food,AK,Sitka,600 Lake St,907-747-7200,info@safb-sitka.org,https://www.safb-sitka.org,57.056764,-135.335135,https://www.safb-sitka.org
Kenai Peninsula Food Bank,Food,AK,Soldotna,40441 K-Beach Rd,907-262-3111,kpfb@kpfoodbank.org,https://www.kpfoodbank.org,60.510849,-151.274478,https://www.kpfoodbank.org/contact
Mat-Su Food Bank,Food,AK,Wasilla,3245 W Commercial Dr,907-376-4407,matsu@matsufoodbank.org,https://www.matsufoodbank.org,,,https://www.matsufoodbank.org/contact
Alaska Housing Finance Corporation,Housing,AK,Anchorage,4300 Boniface Pkwy,907-338-6100,ahfcinfo@ahfc.us,https://www.ahfc.us,61.181797,-149.778483,https://www.ahfc.us/about/contact
Anchorage Housing and Homeless Services,Housing,AK,Anchorage,825 L St,907-343-4308,housing@anchorageak.gov,https://www.muni.org/housing,61.214335,-149.903571,https://www.muni.org/housing/pages/contact.aspx
Catholic Community Service — Juneau Housing,Housing,AK,Juneau,350 Whittier St,907-586-9591,info@ccfajuneau.org,https://ccfajuneau.org,58.299922,-134.41408,https://ccfajuneau.org/contact
Interior Alaska Center for Nonviolent Living,Housing,AK,Fairbanks,912 Barnette St,907-452-2293,iacnv@iacnv.org,https://www.iacnv.org,64.839502,-147.726174,https://www.iacnv.org/contact
Sitka Tribe of Alaska Housing,Housing,AK,Sitka,456 Katlian St,907-747-3207,housing@sitkatribe.org,https://www.sitkatribe.org,57.052955,-135.344214,https://www.sitkatribe.org/housing
People Mover — Anchorage Transit,Transportation,AK,Anchorage,3600 Dr Martin Luther King Jr Ave,907-343-6543,peoplemover@anchorageak.gov,https://www.muni.org/peoplemover,61.178063,-149.802373,https://www.muni.org/peoplemover/pages/contact.aspx
Fairbanks North Star Borough Transit,Transportation,AK,Fairbanks,325 9th Ave,907-459-1010,transit@fnsb.us,https://www.fnsb.us/transit,64.829194,-147.669716,https://www.fnsb.us/transit/pages/contact.aspx
Alaska DOT Statewide Transportation Programs,Transportation,AK,Juneau,3132 Channel Dr,907-465-3900,dot.pf.programs@alaska.gov,https://dot.alaska.gov,58.327744,-134.47008,https://dot.alaska.gov/stwdplng/transit
Capital Transit — Juneau,Transportation,AK,Juneau,9107 Mendenhall Mall Rd,907-789-6901,transit@juneau.org,https://www.juneau.org/transit,58.372125,-134.587042,https://www.juneau.org/transit
Alaska Native Tribal Health Consortium — Transport,Transportation,AK,Anchorage,4000 Ambassador Dr,907-729-1900,info@anthc.org,https://www.anthc.org,61.183637,-149.80514,https://www.anthc.org/contact
Alaska Native Tribal Health Consortium,Healthcare,AK,Anchorage,4000 Ambassador Dr,907-729-1900,info@anthc.org,https://www.anthc.org,61.183637,-149.80514,https://www.anthc.org/contact
Anchorage Neighborhood Health Center,Healthcare,AK,Anchorage,4501 Diplomacy Dr,907-743-4300,info@anhc.org,https://www.anhc.org,61.182034,-149.798027,https://www.anhc.org/contact
Fairbanks Native Association Health Services,Healthcare,AK,Fairbanks,605 Hughes Ave,907-452-1648,health@fna.org,https://www.fna.org,64.818634,-147.711188,https://www.fna.org/departments/health
Southcentral Foundation — Nuka System of Care,Healthcare,AK,Anchorage,4085 Tudor Centre Dr,907-729-4955,info@southcentralfoundation.com,https://www.southcentralfoundation.com,61.183626,-149.797734,https://www.southcentralfoundation.com/contact
Bartlett Regional Hospital Community Health,Healthcare,AK,Juneau,3260 Hospital Dr,907-796-8900,info@bartletthospital.org,https://www.bartletthospital.org,58.330112,-134.470479,https://www.bartletthospital.org/contact
Alaska Job Center Network,Education-Employment,AK,Anchorage,3301 Eagle St,907-269-4700,labor.akmobile@alaska.gov,https://jobs.alaska.gov,61.190689,-149.873915,https://jobs.alaska.gov/contact
Cook Inlet Tribal Council Employment Services,Education-Employment,AK,Anchorage,3600 San Jeronimo Dr,907-793-3100,info@citci.org,https://www.citci.org,61.211582,-149.812317,https://www.citci.org/employment
Fairbanks Native Association Workforce Dev,Education-Employment,AK,Fairbanks,605 Hughes Ave,907-452-1648,workforce@fna.org,https://www.fna.org,64.818634,-147.711188,https://www.fna.org/departments/workforce
Kenai Peninsula Economic Development District,Education-Employment,AK,Soldotna,14896 Kenai Spur Hwy Ste 103A,907-283-3335,info@kpedd.org,https://www.kpedd.org,,,https://www.kpedd.org/contact
UAF Center for Employment and Market Research,Education-Employment,AK,Fairbanks,222 Lathrop St,907-474-7021,cem@alaska.edu,https://www.uaf.edu/cem,64.820807,-147.744832,https://www.uaf.edu/cem/contact
St. Mary's Food Bank — Phoenix,Food,AZ,Phoenix,2831 N 31st Ave,602-242-3663,info@firstfoodbank.org,https://www.firstfoodbank.org,33.479775,-112.125617,https://www.firstfoodbank.org/contact
Community Food Bank of Southern Arizona,Food,AZ,Tucson,3003 S Country Club Rd,520-622-0525,info@communityfoodbank.org,https://www.communityfoodbank.org,32.189155,-110.926409,https://www.communityfoodbank.org/contact
Yavapai Rescue Mission Food Bank,Food,AZ,Prescott Valley,7887 E Young America Rd,928-634-6776,info@yavapairescuemission.org,https://yavapairescuemission.org,,,https://yavapairescuemission.org/contact
Crossroads Mission Food Bank — Yuma,Food,AZ,Yuma,2225 S 4th Ave,928-782-2831,info@crossroadsmission.com,https://crossroadsmission.com,32.687198,-114.624564,https://crossroadsmission.com/contact
White Mountain Community Food Bank,Food,AZ,Show Low,1101 E Hall St,928-537-0050,wmcfb@wmcfoodbank.org,https://www.wmcfoodbank.org,34.251651,-110.030262,https://www.wmcfoodbank.org/contact
Arizona Department of Housing,Housing,AZ,Phoenix,1110 W Washington St Ste 280,602-771-1000,info@azhousing.gov,https://housing.az.gov,33.448237,-112.087125,https://housing.az.gov/contact
Chicanos Por La Causa Housing,Housing,AZ,Phoenix,1112 E Buckeye Rd,602-257-0700,info@cplc.org,https://www.cplc.org,33.436861,-112.058363,https://www.cplc.org/contact
Tucson Housing Authority,Housing,AZ,Tucson,421 N Court Ave,520-791-4171,tha@tucsonaz.gov,https://www.tucsonaz.gov/housing,32.22696,-110.97484,https://www.tucsonaz.gov/housing/contact
Community Housing Resources of Arizona,Housing,AZ,Flagstaff,1023 S Milton Rd Ste 200,928-213-5200,info@chra-az.org,https://www.chra-az.org,35.190652,-111.660957,https://www.chra-az.org/contact
Tumbleweed Center for Youth Development,Housing,AZ,Phoenix,1413 E Van Buren St,602-271-9904,info@tumbleweed.org,https://www.tumbleweed.org,33.451338,-112.051718,https://www.tumbleweed.org/contact
Valley Metro — Phoenix,Transportation,AZ,Phoenix,101 N 1st Ave Ste 1300,602-253-5000,customerservice@valleymetro.org,https://www.valleymetro.org,33.449361,-112.075052,https://www.valleymetro.org/contact
Sun Tran — Tucson,Transportation,AZ,Tucson,3920 N Oracle Rd,520-792-9222,suntrancomments@tucsonaz.gov,https://www.suntran.com,32.277851,-110.977994,https://www.suntran.com/contact
Northern AZ Intergovernmental Public Transportation,Transportation,AZ,Flagstaff,3773 N Kaspar Dr,928-773-1287,naipta@naipta.az.gov,https://www.mountaintransit.org,35.217581,-111.593655,https://www.mountaintransit.org/contact
YCAT — Yuma County Area Transit,Transportation,AZ,Yuma,2715 E 14th St,928-539-7076,ycat@yumacountyaz.gov,https://www.yumacountyaz.gov/ycat,32.70223,-114.587756,https://www.yumacountyaz.gov/ycat/contact
Arizona Community Action Association Transport,Transportation,AZ,Phoenix,3707 N 7th St Ste 100,602-604-0640,info@arizonacommunityaction.org,https://arizonacommunityaction.org,33.491035,-112.064977,https://arizonacommunityaction.org/contact
Valle del Sol Community Health,Healthcare,AZ,Phoenix,3006 N 3rd St,602-258-6797,info@valledelsol.com,https://www.valledelsol.com,33.482277,-112.069502,https://www.valledelsol.com/contact
El Rio Health Center,Healthcare,AZ,Tucson,839 W Congress St,520-792-9890,info@elrio.org,https://www.elrio.org,32.220388,-110.985445,https://www.elrio.org/contact
Sunset Community Health Center — Yuma,Healthcare,AZ,Yuma,3245 S Pacific Ave,928-783-0000,info@sunchc.org,https://www.sunchc.org,32.670058,-114.598638,https://www.sunchc.org/contact
Open Access Family Medicine — Mesa,Healthcare,AZ,Mesa,6060 N Central Ave Ste 206,480-966-9396,info@openaccess.care,https://openaccess.care,,,https://openaccess.care/contact
Canyon Vista Medical Center Community Health,Healthcare,AZ,Sierra Vista,5700 E Hwy 90,520-263-2000,info@canyonvista.com,https://www.canyonvista.com,31.554547,-110.230394,https://www.canyonvista.com/contact
Arizona@Work Workforce Development,Education-Employment,AZ,Phoenix,1789 W Jefferson St,602-827-4899,azatwork@azcommerce.com,https://arizonaatwork.com,33.446944,-112.097877,https://arizonaatwork.com/contact
Maricopa Workforce Connections,Education-Employment,AZ,Phoenix,3225 N Central Ave Ste 1100,602-506-3880,wcu@maricopa.gov,https://www.maricopaworkforce.com,33.485547,-112.073712,https://www.maricopaworkforce.com/contact
Goodwill of Central and Northern Arizona,Education-Employment,AZ,Phoenix,2626 W Beryl Ave,602-535-4000,careers@goodwillaz.org,https://www.goodwillaz.org,33.580024,-112.114042,https://www.goodwillaz.org/contact
Native Americans for Community Action,Education-Employment,AZ,Flagstaff,2717 N Steves Blvd Ste 11,928-526-2968,naca@nacaaz.org,https://www.nacaaz.org,35.212308,-111.606396,https://www.nacaaz.org/contact
Pima County One Stop Career Center,Education-Employment,AZ,Tucson,1313 S Mission Rd,520-243-4800,jobsearch@pima.gov,https://www.pima.gov/onestop,32.20275,-110.99558,https://www.pima.gov/onestop
Arkansas Foodbank,Food,AR,Little Rock,4301 W 65th St,501-565-8121,info@arkansasfoodbank.org,https://www.arkansasfoodbank.org,34.689896,-92.32388,https://www.arkansasfoodbank.org/contact
River Valley Regional Food Bank,Food,AR,Fort Smith,1617 S Zero St,479-785-0582,info@rvrfb.org,https://rvrfb.org,35.328176,-94.421461,https://rvrfb.org/contact
Northwest Arkansas Food Bank,Food,AR,Bethel Heights,2001 W Hudson Rd,479-872-8774,info@nwafoodbank.org,https://nwafoodbank.org,,,https://nwafoodbank.org/contact
Food Bank of Northeast Arkansas,Food,AR,Jonesboro,1400 E Matthews Ave,870-932-2240,info@foodbankofnear.org,https://www.foodbankofnear.org,35.835774,-90.689984,https://www.foodbankofnear.org/contact
Ouachita Area Food Bank — Hot Springs,Food,AR,Hot Springs,428 Whittington Ave,501-655-3264,oafb@gmail.com,https://oafbhs.org,34.516642,-93.06466,https://oafbhs.org/contact
Arkansas Development Finance Authority,Housing,AR,Little Rock,900 W Capitol Ave Ste 310,501-682-5900,info@adfa.org,https://www.adfa.org,34.745514,-92.280705,https://www.adfa.org/contact
Little Rock Housing Authority,Housing,AR,Little Rock,100 S Arch St,501-340-4800,info@lrha.org,https://www.lrha.org,34.748856,-92.276399,https://www.lrha.org/contact
Fayetteville Housing Authority,Housing,AR,Fayetteville,1 N School Ave,479-521-3850,info@fayha.com,https://www.fayha.com,36.062797,-94.16439,https://www.fayha.com/contact
Our House — Little Rock Transitional Housing,Housing,AR,Little Rock,302 E Roosevelt Rd,501-374-7383,info@ourhouseshelter.org,https://www.ourhouseshelter.org,34.72411,-92.269393,https://www.ourhouseshelter.org/contact
Habitat for Humanity of Arkansas,Housing,AR,Little Rock,801 S Victory St,501-372-3755,info@habitatarkansas.org,https://www.habitatarkansas.org,34.747248,-92.286364,https://www.habitatarkansas.org/contact
Central Arkansas Transit Authority (CATA),Transportation,AR,Little Rock,901 Maple St,501-375-1163,info@cat.org,https://www.cat.org,34.743011,-92.314399,https://www.cat.org/contact
Ozark Regional Transit,Transportation,AR,Fayetteville,612 E Emma Ave,479-756-5901,info@ozarktransit.com,https://www.ozarktransit.com,36.184834,-94.123417,https://www.ozarktransit.com/contact
Arkansas Transit Association,Transportation,AR,Little Rock,1406 Pleasant Valley Dr,501-374-9702,,https://www.arkansastransit.org,34.778767,-92.394148,https://www.arkansastransit.org — no public email; contact form only
Delta Rides — Delta Region Transportation,Transportation,AR,Marianna,101 W Main St,870-295-4803,deltarides@deltacommunity.org,https://deltacommunity.org,34.773425,-90.761081,https://deltacommunity.org/transportation
Southwest Arkansas Transportation Alliance,Transportation,AR,Texarkana,100 State Line Ave,870-772-7733,swata@swata.org,https://www.swata.org,33.421633,-94.042996,https://www.swata.org/contact
UAMS Health Community Clinics,Healthcare,AR,Little Rock,4301 W Markham St,501-686-7000,info@uams.edu,https://uamshealth.com,34.751481,-92.319954,https://uamshealth.com/contact
Arkansas Community Health Centers Association,Healthcare,AR,Little Rock,1401 W Capitol Ave Ste 300,501-374-6028,info@archca.org,https://www.archca.org,34.746121,-92.285981,https://www.archca.org/contact
Boston Mountain Rural Health Center FQHC,Healthcare,AR,Huntsville,213 E Oak St,479-738-1588,info@bmrhc.net,https://www.bmrhc.net,,,https://www.bmrhc.net/contact
NEA Clinic — Jonesboro,Healthcare,AR,Jonesboro,1311 E Johnson Ave,870-935-5556,contact@neasclinic.org,https://www.neasclinic.org,35.845167,-90.690671,https://www.neasclinic.org/contact
St. Bernards Medical Center Community Health,Healthcare,AR,Jonesboro,225 E Jackson Ave,870-207-4100,community@sbmc.org,https://www.stbernards.info,35.837446,-90.701687,https://www.stbernards.info/community
Arkansas Workforce Centers (DWS),Education-Employment,AR,Little Rock,2 Capitol Mall,501-682-2121,ewc.info@arkansas.gov,https://www.dws.arkansas.gov,34.746389,-92.290046,https://www.dws.arkansas.gov/contact
Goodwill Industries of Arkansas,Education-Employment,AR,Little Rock,7400 Scott Hamilton Dr,501-372-2354,info@goodwillar.org,https://www.goodwillar.org,34.681136,-92.319309,https://www.goodwillar.org/contact
NorthWest Arkansas Community College Workforce,Education-Employment,AR,Bentonville,1 College Dr,479-619-4383,workforce@nwacc.edu,https://www.nwacc.edu/workforce,36.356335,-94.172116,https://www.nwacc.edu/workforce/contact
Arkansas Community Action Agencies Association,Education-Employment,AR,Little Rock,523 S Louisiana St,501-372-0807,info@arcaa.org,https://arcaa.org,34.744058,-92.272288,https://arcaa.org/contact
Winrock International Job Skills — AR,Education-Employment,AR,Morrilton,60 Winrock Dr,501-727-5435,winrock@winrock.org,https://www.winrock.org,35.138489,-92.945895,https://www.winrock.org/contact
Los Angeles Regional Food Bank,Food,CA,Los Angeles,1734 E 41st St,323-234-3030,info@lafoodbank.org,https://www.lafoodbank.org,34.008,-118.242347,https://www.lafoodbank.org/contact
San Francisco-Marin Food Bank,Food,CA,San Francisco,900 Pennsylvania Ave,415-282-1900,info@sfmfoodbank.org,https://www.sfmfoodbank.org,37.755033,-122.392953,https://www.sfmfoodbank.org/contact
Second Harvest of Silicon Valley,Food,CA,San Jose,750 Curtner Ave,408-266-8866,info@shfb.org,https://www.shfb.org,37.292323,-121.879314,https://www.shfb.org/contact
Feeding San Diego,Food,CA,San Diego,9455 Waples St Ste 150,858-863-5122,info@feedingsandiego.org,https://feedingsandiego.org,32.902145,-117.183839,https://feedingsandiego.org/contact
Sacramento Food Bank and Family Services,Food,CA,Sacramento,3333 3rd Ave,916-456-1980,info@sacfoodbank.org,https://www.sacfoodbank.org,38.552283,-121.470626,https://www.sacfoodbank.org/contact
California Housing Finance Agency (CalHFA),Housing,CA,Sacramento,500 Capitol Mall Ste 1400,916-326-8000,homeownership@calhfa.ca.gov,https://www.calhfa.ca.gov,38.578674,-121.501489,https://www.calhfa.ca.gov/homeownership/contact
Housing Authority of the City of Los Angeles,Housing,CA,Los Angeles,2600 Wilshire Blvd,213-252-2500,info@hacla.org,https://www.hacla.org,34.060481,-118.281511,https://www.hacla.org/contact
San Diego Housing Commission,Housing,CA,San Diego,1122 Broadway Ste 300,619-578-7580,customer.service@sdhc.org,https://www.sdhc.org,32.715791,-117.154524,https://www.sdhc.org/contact
San Francisco Housing Authority,Housing,CA,San Francisco,1815 Egbert Ave,415-554-1200,info@sfha.org,https://www.sfha.org,37.726709,-122.399222,https://www.sfha.org/contact
East Bay Housing Organizations (EBHO),Housing,CA,Oakland,538 9th St Ste 200,510-663-3830,info@ebho.org,https://www.ebho.org,37.801787,-122.275507,https://www.ebho.org/contact
LA Metro — Los Angeles County MTA,Transportation,CA,Los Angeles,One Gateway Plaza,213-922-6235,customerrelations@metro.net,https://www.metro.net,34.055183,-118.23228,https://www.metro.net/about/contact
Bay Area Rapid Transit (BART),Transportation,CA,Oakland,300 Lakeside Dr,510-464-6000,customerservice@bart.gov,https://www.bart.gov,37.808559,-122.264636,https://www.bart.gov/about/contact
Sacramento Regional Transit District,Transportation,CA,Sacramento,1400 29th St,916-321-2877,customerservice@sacrt.com,https://www.sacrt.com,38.569009,-121.469894,https://www.sacrt.com/contact
San Diego Metropolitan Transit System,Transportation,CA,San Diego,1255 Imperial Ave,619-231-1466,customerservice@sdmts.com,https://www.sdmts.com,32.706208,-117.155407,https://www.sdmts.com/contact
Omnitrans — San Bernardino / Riverside,Transportation,CA,San Bernardino,1700 W 5th St,909-379-7100,customerservice@omnitrans.org,https://www.omnitrans.org,34.108414,-117.323108,https://www.omnitrans.org/contact
LA County Dept of Health Services,Healthcare,CA,Los Angeles,313 N Figueroa St,213-240-8101,dhs@lacounty.gov,https://dhs.lacounty.gov,34.059261,-118.249926,https://dhs.lacounty.gov/contact
San Francisco Dept of Public Health,Healthcare,CA,San Francisco,25 Van Ness Ave Ste 500,415-554-2500,dphinfo@sfdph.org,https://www.sfdph.org,37.775744,-122.419479,https://www.sfdph.org/dph/contact
California Primary Care Association (CPCA),Healthcare,CA,Sacramento,1231 I St Ste 400,916-440-8170,info@cpca.com,https://www.cpca.com,38.580478,-121.489311,https://www.cpca.com/contact
AltaMed Health Services,Healthcare,CA,Los Angeles,2040 Camfield Ave,323-869-1600,info@altamed.org,https://www.altamed.org,34.008595,-118.155859,https://www.altamed.org/contact
Planned Parenthood — Los Angeles,Healthcare,CA,Los Angeles,400 N Vermont Ave,213-380-2781,la.media@ppla.org,https://www.ppla.org,34.077788,-118.291621,https://www.ppla.org/contact
California Employment Development Department,Education-Employment,CA,Sacramento,722 Capitol Mall,800-300-5616,techsupport@edd.ca.gov,https://www.edd.ca.gov,38.577899,-121.498553,https://www.edd.ca.gov/About_EDD/contact
Goodwill of Southern California,Education-Employment,CA,Los Angeles,342 N San Fernando Rd,323-223-1211,info@goodwillsocal.org,https://www.goodwillsocal.org,34.077418,-118.223059,https://www.goodwillsocal.org/contact
LA County Workforce Development Aging Community Svcs,Education-Employment,CA,Los Angeles,3175 W 6th St,213-738-2600,workforce@wdacs.lacounty.gov,https://workforce.lacounty.gov,34.063743,-118.290779,https://workforce.lacounty.gov/contact
Workforce Alliance of the East Bay,Education-Employment,CA,Oakland,7600 Edgewater Dr Ste 650,510-627-2900,info@waeb.org,https://www.waeb.org,,,https://www.waeb.org/contact
Central Valley Opportunity Center,Education-Employment,CA,Madera,207 N Sunrise Dr,559-673-8367,info@cvocfresno.org,https://cvocfresno.org,37.354643,-119.719167,https://cvocfresno.org/contact
Food Bank of the Rockies,Food,CO,Denver,10700 E 45th Ave,303-371-9250,info@foodbankrockies.org,https://www.foodbankrockies.org,39.778631,-104.865679,https://www.foodbankrockies.org/contact
Care and Share Food Bank — Colorado Springs,Food,CO,Colorado Springs,2605 Preamble Pt,719-528-1247,info@careandshare.org,https://www.careandshare.org,,,https://www.careandshare.org/contact
Weld Food Bank — Greeley,Food,CO,Greeley,1108 H St,970-356-2199,info@weldfoodbank.org,https://weldfoodbank.org,40.444185,-104.69707,https://weldfoodbank.org/contact
Larimer County Food Bank,Food,CO,Fort Collins,1301 Blue Spruce Dr,970-493-4477,info@larimerfoodbank.org,https://www.larimerfoodbank.org,40.604323,-105.071866,https://www.larimerfoodbank.org/contact
Mesa County Food Bank — Grand Junction,Food,CO,Grand Junction,451 28 Rd,970-244-3662,info@mesacountyfoodbank.org,https://mesacountyfoodbank.org,39.064479,-108.533902,https://mesacountyfoodbank.org/contact
Colorado Housing and Finance Authority (CHFA),Housing,CO,Denver,1981 Blake St,303-297-2432,info@chfainfo.com,https://www.chfainfo.com,39.754166,-104.994588,https://www.chfainfo.com/contact
Denver Housing Authority,Housing,CO,Denver,777 Grant St,720-932-3000,info@denverhousing.org,https://www.denverhousing.org,39.728639,-104.983679,https://www.denverhousing.org/contact
Colorado Coalition for the Homeless,Housing,CO,Denver,2111 Champa St,303-595-9561,info@coloradocoalition.org,https://www.coloradocoalition.org,39.751352,-104.987785,https://www.coloradocoalition.org/contact
Springs Rescue Mission — Colorado Springs,Housing,CO,Colorado Springs,5 W Las Vegas St,719-632-1822,info@springsrescuemission.org,https://springsrescuemission.org,38.818436,-104.826239,https://springsrescuemission.org/contact
Homeward Alliance — Fort Collins,Housing,CO,Fort Collins,252 Willow St,970-493-5927,info@homewardalliance.org,https://homewardalliance.org,40.591236,-105.074563,https://homewardalliance.org/contact
Regional Transportation District (RTD) Denver,Transportation,CO,Denver,1600 Blake St,303-299-6000,customerservice@rtd-denver.com,https://www.rtd-denver.com,39.750552,-104.999082,https://www.rtd-denver.com/contact
Mountain Metropolitan Transit — Colorado Springs,Transportation,CO,Colorado Springs,1015 Transit Dr,719-385-7433,mountainmetro@coloradosprings.gov,https://coloradosprings.gov/mountainmetro,38.819285,-104.804882,https://coloradosprings.gov/mountainmetro/contact
Transfort — Fort Collins Transit,Transportation,CO,Fort Collins,6570 Portner Rd,970-224-6004,transfort@fcgov.com,https://www.ridetransfort.com,40.49534,-105.06624,https://www.ridetransfort.com/contact
Bustang Colorado DOT Intercity Bus,Transportation,CO,Denver,2829 W Howard Pl,800-900-3011,bustang@ridebustang.com,https://www.ridebustang.com,39.738327,-105.022382,https://www.ridebustang.com/contact
ElderHaus Senior Transportation — Glenwood Springs,Transportation,CO,Glenwood Springs,2110 Blake Ave,970-945-9192,info@elderhaus.net,https://www.elderhaus.net,39.531056,-107.322139,https://www.elderhaus.net/contact
Denver Health and Hospital Authority,Healthcare,CO,Denver,777 Bannock St,303-436-6000,info@denverhealth.org,https://www.denverhealth.org,39.728123,-104.990289,https://www.denverhealth.org/contact
Colorado Community Health Network,Healthcare,CO,Denver,1905 Sherman St Ste 800,303-861-5165,info@cchn.org,https://www.cchn.org,39.746272,-104.984929,https://www.cchn.org/contact
Salud Family Health Centers,Healthcare,CO,Fort Lupton,301 Mountain View Blvd,303-857-6600,info@salud.org,https://www.salud.org,40.082355,-104.788469,https://www.salud.org/contact
Peak Vista Community Health Centers,Healthcare,CO,Colorado Springs,3205 N Academy Blvd,719-632-5700,info@peakvista.org,https://www.peakvista.org,38.879643,-104.756872,https://www.peakvista.org/contact
Axis Health System — Durango CO,Healthcare,CO,Durango,281 Sawyer Dr,970-247-5245,info@axishealthsystem.org,https://www.axishealthsystem.org,37.241438,-107.87685,https://www.axishealthsystem.org/contact
Denver Workforce Centers,Education-Employment,CO,Denver,1200 Federal Blvd,720-944-3900,workforce@denvergov.org,https://www.denvergov.org/workforce,39.734816,-105.02509,https://www.denvergov.org/workforce/contact
Goodwill of Colorado,Education-Employment,CO,Colorado Springs,1460 N Union Blvd,719-635-1634,info@goodwillco.org,https://www.goodwillco.org,38.853464,-104.794284,https://www.goodwillco.org/contact
Denver Opportunity Youth Initiative,Education-Employment,CO,Denver,1391 Speer Blvd,720-449-3940,info@denveroyi.org,https://www.denveroyi.org,39.738258,-104.997583,https://www.denveroyi.org/contact
Colorado Workforce Development Council,Education-Employment,CO,Denver,1600 Glenarm Pl,303-318-8800,cwdc@state.co.us,https://cwdc.colorado.gov,39.74384,-104.990334,https://cwdc.colorado.gov/contact
SER Jobs for Progress — Denver CO,Education-Employment,CO,Denver,3252 N Federal Blvd,303-433-6310,info@serjobscolorado.org,https://serjobscolorado.org,39.762643,-105.025168,https://serjobscolorado.org/contact
Connecticut Foodshare,Food,CT,Bloomfield,2 Research Pkwy,860-286-9999,info@ctfoodshare.org,https://ctfoodshare.org,,,https://ctfoodshare.org/contact
New Haven Loaves and Fishes Food Pantry,Food,CT,New Haven,203 Orchard St,203-787-4338,info@loavesandfishesct.org,https://www.loavesandfishesct.org,41.307012,-72.942375,https://www.loavesandfishesct.org/contact
Foodshare Eastern Region — Willimantic CT,Food,CT,Willimantic,252 Main St,860-423-7722,willimantic@ctfoodshare.org,https://ctfoodshare.org,41.712633,-72.202398,https://ctfoodshare.org/contact
Person-to-Person Food Pantry — Darien CT,Food,CT,Darien,1864 Post Rd,203-655-0048,info@p2phelps.org,https://www.p2phelps.org,41.061768,-73.483388,https://www.p2phelps.org/contact
Open Hearth Association — Hartford CT,Food,CT,Hartford,155 Wyllys St,860-527-1700,info@openhearth.org,https://www.openhearth.org,41.757563,-72.669893,https://www.openhearth.org/contact
Connecticut Housing Finance Authority (CHFA),Housing,CT,Rocky Hill,999 West St,860-721-9501,info@chfa.org,https://www.chfa.org,41.649664,-72.678771,https://www.chfa.org/contact
Housing Authority of the City of Hartford,Housing,CT,Hartford,180 John D Wardlaw Way,860-723-8400,hach@hartfordhousing.org,https://www.hartfordhousing.org,41.73724,-72.712004,https://www.hartfordhousing.org/contact
Bridgeport Housing Authority,Housing,CT,Bridgeport,350 Housatonic Ave,203-337-8900,info@bridgeporthousing.org,https://www.bridgeporthousing.org,41.186147,-73.191994,https://www.bridgeporthousing.org/contact
New Haven Housing Authority,Housing,CT,New Haven,360 Orange St,203-498-8800,info@newhavenhousing.org,https://www.newhavenhousing.org,41.310741,-72.920346,https://www.newhavenhousing.org/contact
Mutual Housing Association of Greater Hartford,Housing,CT,Hartford,233 Main St,860-525-6400,info@mutualhousing.org,https://www.mutualhousing.org,41.759183,-72.675347,https://www.mutualhousing.org/contact
CTtransit — Connecticut Transit Hartford,Transportation,CT,Hartford,100 Leibert Rd,860-525-9181,info@cttransit.com,https://www.cttransit.com,41.784061,-72.657771,https://www.cttransit.com/contact
Greater New Haven Transit District,Transportation,CT,New Haven,420 James St,203-891-2600,info@gnhtd.org,https://www.gnhtd.org,41.315104,-72.904221,https://www.gnhtd.org/contact
Estuary Transit District — 9 Towns Transit,Transportation,CT,Old Saybrook,220 Main St,860-388-4433,info@9townstransit.com,https://www.9townstransit.com,41.291979,-72.376177,https://www.9townstransit.com/contact
Greater Waterbury Transit District,Transportation,CT,Waterbury,275 W Main St,203-753-2538,info@waterburytransit.com,https://www.waterburytransit.com,41.557487,-73.045723,https://www.waterburytransit.com
SEAT — Southeastern CT Transit District,Transportation,CT,Norwich,5 Connecticut Ave,860-886-2976,info@seccog.org,https://www.seccog.org,41.558034,-72.111776,https://www.seccog.org/contact
Community Health Center Inc CHCI — CT,Healthcare,CT,Middletown,675 Main St,860-347-6971,info@chc1.com,https://www.chc1.com,41.563934,-72.651954,https://www.chc1.com/contact
Fair Haven Community Health Care,Healthcare,CT,New Haven,374 Grand Ave,203-777-7411,info@fhchc.org,https://www.fhchc.org,41.308455,-72.90219,https://www.fhchc.org/contact
Charter Oak Health Center — Hartford CT,Healthcare,CT,Hartford,21 Grand St,860-550-7500,info@charteroakhealthcenter.org,https://www.charteroakhealthcenter.org,41.759353,-72.685641,https://www.charteroakhealthcenter.org/contact
Southwest Community Health Center — Bridgeport,Healthcare,CT,Bridgeport,228 Dr Martin Luther King Jr Dr,203-330-6000,info@swchc.org,https://www.swchc.org,41.161569,-73.227377,https://www.swchc.org/contact
Generations Family Health Center — Willimantic,Healthcare,CT,Willimantic,25 Clinic Dr,860-456-4791,info@gfhc.org,https://www.gfhc.org,,,https://www.gfhc.org/contact
Connecticut Dept of Labor American Job Centers,Education-Employment,CT,Wethersfield,200 Folly Brook Blvd,860-263-6000,dol.questions@ct.gov,https://www.ctdol.state.ct.us,41.721312,-72.677734,https://www.ctdol.state.ct.us/contactus.htm
Goodwill of Southern New England — CT,Education-Employment,CT,New Haven,200 Shelton Ave,203-777-2000,info@goodwillsne.org,https://www.goodwillsne.org,41.327702,-72.933002,https://www.goodwillsne.org/contact
Capital Region Workforce Board — Hartford,Education-Employment,CT,Hartford,340 Main St Ste 200,860-522-8781,info@capitalworkforce.org,https://capitalworkforce.org,41.760178,-72.674996,https://capitalworkforce.org/contact
EMERGE Connecticut Job Training,Education-Employment,CT,New Haven,54 Meadow St,203-776-7979,info@emergect.org,https://emergect.org,41.261785,-72.852974,https://emergect.org/contact
Community Action Agency of Western CT,Education-Employment,CT,Danbury,185 Main St,203-790-9228,caawestct@caawestct.org,https://www.caawestct.org,41.393656,-73.451323,https://www.caawestct.org/contact
Food Bank of Delaware,Food,DE,Newark,222 Lake Dr,302-292-1305,info@fbd.org,https://www.fbd.org,39.615698,-75.753179,https://www.fbd.org/contact
Westside Family Healthcare Food Pantry,Food,DE,Wilmington,1802 W 4th St,302-655-5228,info@westsidehealthcare.org,https://www.westsidehealthcare.org,39.748304,-75.570797,https://www.westsidehealthcare.org/contact
Sunday Breakfast Mission — Wilmington DE,Food,DE,Wilmington,110 N Poplar St,302-652-8152,info@sundaybreakfastmission.org,https://www.sundaybreakfastmission.org,39.736502,-75.548811,https://www.sundaybreakfastmission.org/contact
Catholic Charities Hunger Relief Delaware,Food,DE,Wilmington,2601 W 4th St,302-655-9624,info@ccwilm.org,https://www.ccwilm.org,39.752016,-75.579552,https://www.ccwilm.org/contact
Milford Ministerium Food Bank,Food,DE,Milford,308 E Commerce St,302-422-6773,milfordministerium@gmail.com,https://milfordministerium.org,,,https://milfordministerium.org/food-bank
Delaware State Housing Authority (DSHA),Housing,DE,Dover,18 The Green,302-739-4263,info@destatehousing.com,https://www.destatehousing.com,39.155794,-75.524159,https://www.destatehousing.com/contact
Wilmington Housing Authority,Housing,DE,Wilmington,400 N Walnut St,302-429-6700,info@wilmhousing.org,https://www.wilmhousing.org,39.739342,-75.548485,https://www.wilmhousing.org/contact
Housing Alliance Delaware,Housing,DE,Wilmington,100 W 10th St Ste 405,302-654-0126,info@housingalliancede.org,https://housingalliancede.org,39.745762,-75.548458,https://housingalliancede.org/contact
Interfaith Community Housing of Delaware,Housing,DE,Wilmington,2200 N Market St,302-652-3991,info@interfaithhousing.org,https://www.interfaithhousing.org,39.75263,-75.539853,https://www.interfaithhousing.org/contact
Habitat for Humanity of New Castle County,Housing,DE,Wilmington,2504 W 4th St,302-652-0365,info@habitatncc.org,https://habitatncc.org,39.75153,-75.578707,https://habitatncc.org/contact
DART First State — Delaware Transit,Transportation,DE,Dover,119 Lower Beech St,302-739-3278,customer.relations@dartfirststate.com,https://www.dartfirststate.com,,,https://www.dartfirststate.com/contact
Wilmington Area Planning Council Transit,Transportation,DE,Wilmington,850 Library Ave Ste 100,302-737-6205,info@wilmapco.org,https://www.wilmapco.org,,,https://www.wilmapco.org/contact
Delaware DOT Para-Transit Services,Transportation,DE,Dover,800 Bay Rd,302-760-2030,dot.public@state.de.us,https://www.deldot.gov,39.156194,-75.509237,https://www.deldot.gov/contact
St Patrick Community Outreach Transport — Wilmington,Transportation,DE,Wilmington,1012 W 9th St,302-652-5614,info@spcowilmington.org,https://spcowilmington.org,39.748561,-75.558126,https://spcowilmington.org/contact
Seashore Gardens Senior Transport — Sussex County,Transportation,DE,Bridgeville,1000 N Johnson St,302-337-3000,info@seashoregardens.org,https://seashoregardens.org,,,https://seashoregardens.org/contact
Westside Family Healthcare FQHC — DE,Healthcare,DE,Wilmington,1802 W 4th St,302-655-5228,info@westsidehealthcare.org,https://www.westsidehealthcare.org,39.748304,-75.570797,https://www.westsidehealthcare.org/contact
La Red Health Center — Georgetown DE,Healthcare,DE,Georgetown,100 S Bedford St,302-855-1233,info@laredhealthcenter.org,https://www.laredhealthcenter.org,38.688697,-75.384251,https://www.laredhealthcenter.org/contact
Delaware Center for Health Innovation,Healthcare,DE,Dover,417 S State St,302-658-1101,info@dchi.org,https://www.dchi.org,39.155768,-75.523462,https://www.dchi.org/contact
Henrietta Johnson Medical Center,Healthcare,DE,Wilmington,1800 N Market St,302-655-6187,info@hjmc.org,https://hjmc.org,39.749928,-75.543979,https://hjmc.org/contact
People's Place II Community Health Services,Healthcare,DE,Milford,226 N Walnut St,302-422-8104,info@peoplesplace2.com,https://peoplesplace2.com,38.915785,-75.428563,https://peoplesplace2.com/contact
Delaware Workforce Development Board,Education-Employment,DE,Wilmington,4425 N Market St,302-761-8160,wib@state.de.us,https://wib.delawareworks.com,39.762113,-75.519237,https://wib.delawareworks.com/contact
Goodwill of Delaware and Delaware County,Education-Employment,DE,Wilmington,300 E Lea Blvd,302-761-4242,info@goodwillde.org,https://www.goodwillde.org,39.756853,-75.517669,https://www.goodwillde.org/contact
Latin American Community Center Employment — DE,Education-Employment,DE,Wilmington,403 Roma Ave,302-655-7338,info@laccde.org,https://www.laccde.org,,,https://www.laccde.org/contact
Delaware Opportunities Community Action,Education-Employment,DE,Georgetown,308 N Railroad Ave,302-856-7761,info@delopportunities.org,https://www.delopportunities.org,38.694492,-75.386603,https://www.delopportunities.org/contact
Office of Vocational Rehabilitation Delaware,Education-Employment,DE,Wilmington,4425 N Market St,302-761-8275,ovr@state.de.us,https://www.dol.delaware.gov/dvr,39.762113,-75.519237,https://www.dol.delaware.gov/dvr/contact
Feeding Florida — State Network,Food,FL,Maitland,2411 Sand Lake Rd Ste 200,407-514-1100,info@feedingflorida.org,https://feedingflorida.org,,,https://feedingflorida.org/contact
Feeding South Florida,Food,FL,Pembroke Park,2501 SW 32nd Terrace,954-518-1818,info@feedingsouthflorida.org,https://feedingsouthflorida.org,25.987569,-80.174158,https://feedingsouthflorida.org/contact
Second Harvest Food Bank of Central Florida,Food,FL,Orlando,411 Mercy Dr,407-295-1066,info@cfb.net,https://www.feedhopenow.org,28.54913,-81.430298,https://www.feedhopenow.org/contact
Tampa Bay Network to End Hunger,Food,FL,Clearwater,900 Drew St,727-822-4933,info@tbnetwork.org,https://tbnetwork.org,27.968226,-82.794534,https://tbnetwork.org/contact
Harry Chapin Food Bank — SW Florida,Food,FL,Fort Myers,3760 Fowler St,239-334-7007,info@harrychapinfoodbank.org,https://www.harrychapinfoodbank.org,26.608479,-81.861877,https://www.harrychapinfoodbank.org/contact
Florida Housing Finance Corporation,Housing,FL,Tallahassee,227 N Bronough St Ste 5000,850-488-4197,info@floridahousing.org,https://www.floridahousing.org,30.443919,-84.284291,https://www.floridahousing.org/contact
Miami-Dade Public Housing and Community Dev,Housing,FL,Miami,701 NW 1st Court,305-403-5353,housing@miamidade.gov,https://www.miamidade.gov/housing,25.774817,-80.20616,https://www.miamidade.gov/housing/contact
Jacksonville Housing Authority,Housing,FL,Jacksonville,1300 N Broad St,904-630-3980,jha@jaxha.org,https://www.jaxha.org,30.340313,-81.661769,https://www.jaxha.org/contact
Habitat for Humanity of Greater Orlando,Housing,FL,Orlando,2501 Corporate Sq,407-855-0628,info@habitatorlando.org,https://www.habitatorlando.org,,,https://www.habitatorlando.org/contact
Homeless Services Network of Central Florida,Housing,FL,Orlando,1000 N Thornton Ave,407-893-0133,info@hsncfl.org,https://www.hsncfl.org,28.558636,-81.365543,https://www.hsncfl.org/contact
Miami-Dade Transit,Transportation,FL,Miami,3300 NW 32nd Ave,305-770-3131,customerservice@miamidade.gov,https://www.miamidade.gov/transit,25.8061,-80.248313,https://www.miamidade.gov/transit/contact
Jacksonville Transportation Authority (JTA),Transportation,FL,Jacksonville,100 N Myrtle Ave,904-630-3100,customerservice@jtafla.com,https://www.jtafla.com,30.330488,-81.676424,https://www.jtafla.com/contact
Lynx — Central Florida Regional Transportation,Transportation,FL,Orlando,455 N Garland Ave,407-841-2279,customerservice@golynx.com,https://www.golynx.com,28.54853,-81.381829,https://www.golynx.com/contact
Hillsborough Area Regional Transit (HART),Transportation,FL,Tampa,1201 E 7th Ave,813-254-4278,customerservice@gohart.org,https://www.gohart.org,27.96022,-82.446081,https://www.gohart.org/contact
Broward County Transit (BCT),Transportation,FL,Pompano Beach,1 N University Dr,954-357-8400,bctinfo@broward.org,https://www.broward.org/bct,,,https://www.broward.org/bct/contact
Florida Association of Community Health Centers,Healthcare,FL,Tallahassee,315 S Calhoun St Ste 600,850-942-5086,info@fachc.org,https://fachc.org,30.439465,-84.279521,https://fachc.org/contact
Jackson Health System — Miami,Healthcare,FL,Miami,1611 NW 12th Ave,305-585-1111,jhs.publicaffairs@jhsmiami.org,https://jacksonhealth.org,25.790603,-80.214983,https://jacksonhealth.org/contact
Tampa Family Health Centers,Healthcare,FL,Tampa,1404 Tampa Park Plaza,813-233-4100,info@tampafamilyhc.com,https://www.tampafamilyhc.com,27.957074,-82.450987,https://www.tampafamilyhc.com/contact
Broward Community and Family Health Centers,Healthcare,FL,Fort Lauderdale,1833 W Broward Blvd,954-989-5900,info@browardhealthcenter.com,https://www.browardhealthcenter.com,26.121585,-80.165991,https://www.browardhealthcenter.com/contact
Orlando Health Community Health Programs,Healthcare,FL,Orlando,1414 Kuhl Ave,321-843-7000,info@orlandohealth.com,https://www.orlandohealth.com,28.525218,-81.377869,https://www.orlandohealth.com/contact
CareerSource Florida — State Board,Education-Employment,FL,Tallahassee,The Atrium Bldg 325 John Knox Rd,850-245-7105,info@careersourceflorida.com,https://www.careersourceflorida.com,30.474427,-84.285848,https://www.careersourceflorida.com/contact
Goodwill Industries of South Florida,Education-Employment,FL,Miami,2121 NW 21st St,305-325-9114,customerservice@goodwillsf.org,https://www.goodwillsf.org,25.795555,-80.229927,https://www.goodwillsf.org/contact
CareerSource Broward,Education-Employment,FL,Fort Lauderdale,2890 W State Rd 84 Ste 100,954-537-2300,info@careersourcebroward.com,https://careersourcebroward.com,26.085617,-80.179381,https://careersourcebroward.com/contact
WorkForce Central Florida,Education-Employment,FL,Orlando,390 N Orange Ave Ste 700,407-531-1222,info@workforcecentralflorida.com,https://www.workforcecentralflorida.com,28.547368,-81.379178,https://www.workforcecentralflorida.com/contact
Urban League of Broward County,Education-Employment,FL,Fort Lauderdale,11 NW 36th Ave,954-584-0777,info@ulbc.org,https://www.ulbc.org,26.121275,-80.196158,https://www.ulbc.org/contact
Atlanta Community Food Bank,Food,GA,Atlanta,3400 N Desert Dr,404-892-9822,info@acfb.org,https://www.acfb.org,33.658164,-84.495011,https://www.acfb.org/contact
Golden Harvest Food Bank — Augusta GA,Food,GA,Augusta,3310 Commerce Dr,706-736-1199,info@goldenharvestfoodbank.org,https://www.goldenharvestfoodbank.org,33.450297,-82.059673,https://www.goldenharvestfoodbank.org/contact
Second Harvest of South Georgia,Food,GA,Valdosta,630 Toombs Ave,229-244-2678,info@shsga.org,https://www.shsga.org,30.836222,-83.28342,https://www.shsga.org/contact
Middle Georgia Community Food Bank,Food,GA,Macon,2631 Pio Nono Ave,478-781-7771,info@mgcfb.com,https://mgcfb.com,32.813007,-83.66296,https://mgcfb.com/contact
Northeast Georgia Food Bank — Gainesville,Food,GA,Gainesville,861 Athens St,770-534-0726,info@negfoodbank.org,https://www.negfoodbank.org,34.294311,-83.814517,https://www.negfoodbank.org/contact
Georgia Dept of Community Affairs Housing,Housing,GA,Atlanta,60 Executive Park South NE,404-679-4840,infodca@dca.ga.gov,https://www.dca.ga.gov,33.828255,-84.340607,https://www.dca.ga.gov/contact
Atlanta Housing Authority,Housing,GA,Atlanta,230 John Wesley Dobbs Ave NE,404-892-4700,info@atlantahousing.org,https://www.atlantahousing.org,33.757511,-84.379979,https://www.atlantahousing.org/contact
Columbus Housing Authority — GA,Housing,GA,Columbus,1000 Wynnton Rd,706-571-4320,cha@chacolumbus.org,https://www.chacolumbus.org,32.465761,-84.97823,https://www.chacolumbus.org/contact
Partners for HOME — Atlanta Continuum of Care,Housing,GA,Atlanta,86 Pryor St SW Ste 100,404-589-0051,info@partnersforhome.org,https://www.partnersforhome.org,33.753963,-84.388857,https://www.partnersforhome.org/contact
Habitat for Humanity Atlanta,Housing,GA,Atlanta,519 Memorial Dr SE,404-223-5180,info@habitatatlanta.org,https://www.habitatatlanta.org,33.746665,-84.369349,https://www.habitatatlanta.org/contact
MARTA — Metropolitan Atlanta Rapid Transit,Transportation,GA,Atlanta,2424 Piedmont Rd NE,404-848-5000,customerservice@itsmarta.com,https://www.itsmarta.com,33.82165,-84.367508,https://www.itsmarta.com/contact
Chatham Area Transit (CAT) — Savannah,Transportation,GA,Savannah,900 E Gwinnett St,912-233-5767,customerservice@catchacat.org,https://www.catchacat.org,32.063656,-81.082298,https://www.catchacat.org/contact
Columbus Consolidated Government Transit — GA,Transportation,GA,Columbus,900 Front Ave,706-225-4728,transit@columbusga.org,https://www.columbusga.org/transit,32.463044,-84.994471,https://www.columbusga.org/transit/contact
Georgia Regional Transportation Authority (GRTA),Transportation,GA,Atlanta,245 Peachtree Center Ave NE,404-463-3000,info@grta.org,https://www.grta.org,33.761021,-84.385969,https://www.grta.org/contact
Georgia DOT Transit Programs,Transportation,GA,Atlanta,600 W Peachtree St NW,404-631-1000,transit@dot.ga.gov,https://www.dot.ga.gov,33.771213,-84.38749,https://www.dot.ga.gov/programs/transit
Grady Health System — Atlanta,Healthcare,GA,Atlanta,80 Jesse Hill Jr Dr SE,404-616-4307,info@gradyhealth.org,https://www.gradyhealth.org,33.754211,-84.380395,https://www.gradyhealth.org/contact
Georgia Primary Care Association,Healthcare,GA,Atlanta,1800 Peachtree St NW Ste 370,404-588-0506,info@gapca.net,https://www.gapca.net,33.804044,-84.393452,https://www.gapca.net/contact
Federally Qualified Health Center — Community Health Care Systems GA,Healthcare,GA,Statesboro,22 S Zetterower Ave,912-764-6236,info@chcs-ga.org,https://www.chcs-ga.org,32.447227,-81.777869,https://www.chcs-ga.org/contact
Phoebe Putney Community Health — Albany GA,Healthcare,GA,Albany,417 3rd Ave,229-312-1000,community@phoebehealth.com,https://www.phoebehealth.com,31.590285,-84.156564,https://www.phoebehealth.com/contact
Good Samaritan Health Center — Atlanta,Healthcare,GA,Atlanta,1015 Donald Lee Hollowell Pkwy,404-523-6571,info@goodsamatlanta.org,https://www.goodsamatlanta.org,33.773255,-84.420358,https://www.goodsamatlanta.org/contact
Georgia Dept of Labor — Workforce Development,Education-Employment,GA,Atlanta,148 Andrew Young International Blvd NE,404-232-3990,gdol.commissioner@gdol.ga.gov,https://dol.georgia.gov,33.759718,-84.383674,https://dol.georgia.gov/contact-us
Goodwill of North Georgia,Education-Employment,GA,Atlanta,2201 Glenwood Ave SE,404-420-9900,info@goodwillng.org,https://www.goodwillng.org,33.740141,-84.315404,https://www.goodwillng.org/contact
Urban League of Greater Atlanta,Education-Employment,GA,Atlanta,100 Edgewood Ave NE Ste 600,404-659-1150,info@ulgatl.org,https://www.ulgatl.org,33.754541,-84.386374,https://www.ulgatl.org/contact
WorkSource Georgia — Metro Atlanta,Education-Employment,GA,Atlanta,818 Pollard Blvd SW,404-232-3990,info@worksourcega.com,https://www.worksourcega.com,33.732633,-84.39015,https://www.worksourcega.com/contact
Georgia Quick Start — Technical College System,Education-Employment,GA,Atlanta,1800 Century Pl NE Ste 400,404-679-1625,quickstart@tcsg.edu,https://www.tcsg.edu/quickstart,33.848269,-84.315425,https://www.tcsg.edu/quickstart/contact
Hawaii Foodbank,Food,HI,Honolulu,2611 Kilihau St,808-836-3600,info@hawaiifoodbank.org,https://www.hawaiifoodbank.org,21.335686,-157.894531,https://www.hawaiifoodbank.org/contact
Maui Food Bank,Food,HI,Kahului,760 Kolu St,808-243-9500,info@mauifoodbank.org,https://www.mauifoodbank.org,,,https://www.mauifoodbank.org/contact
Hawaii Island United Way — Food Pantry Network,Food,HI,Hilo,200 Kanoelehua Ave,808-935-6282,info@unitedwayhilo.org,https://www.unitedwayhilo.org,19.721126,-155.06439,https://www.unitedwayhilo.org/contact
Kauai Food Bank,Food,HI,Lihue,4490 Pahee St,808-245-6528,info@kauaifoodbank.org,https://www.kauaifoodbank.org,21.970228,-159.382795,https://www.kauaifoodbank.org/contact
Molokai Community Service Council — Food Pantry,Food,HI,Kaunakakai,P.O. Box 411,808-553-5393,mcscmolokai@gmail.com,https://www.molokaicsc.org,21.089891,-157.011188,https://www.molokaicsc.org/contact
Hawaii Housing Finance and Development Corporation,Housing,HI,Honolulu,677 Queen St Ste 300,808-587-0597,hhfdc@hawaii.gov,https://hhfdc.hawaii.gov,21.301384,-157.857538,https://hhfdc.hawaii.gov/contact
Honolulu Housing Authority,Housing,HI,Honolulu,1002 N School St,808-832-4694,info@hcdch.state.hi.us,https://hpha.hawaii.gov,21.327367,-157.863223,https://hpha.hawaii.gov/contact
Affordable Housing and Homeless Alliance — HI,Housing,HI,Honolulu,747 Amana St Ste 407,808-538-0603,info@ahha.org,https://www.ahha.org,21.293958,-157.840316,https://www.ahha.org/contact
Family Life Center — Maui Housing,Housing,HI,Kahului,160 Market St,808-579-8414,info@flcmaui.org,https://www.flcmaui.org,,,https://www.flcmaui.org/contact
Partners in Care Oahu — Homelessness Coalition,Housing,HI,Honolulu,680 Iwilei Rd Ste 430,808-587-7844,info@partnersincareoahu.org,https://www.partnersincareoahu.org,21.316347,-157.870307,https://www.partnersincareoahu.org/contact
Oahu Transit Services (TheBus),Transportation,HI,Honolulu,811 Middle St,808-848-4500,customerservice@thebus.org,https://www.thebus.org,21.335123,-157.887683,https://www.thebus.org/contact
Maui Bus — County of Maui,Transportation,HI,Wailuku,200 S High St,808-871-4838,mauibus@co.maui.hi.us,https://www.mauicounty.gov/bus,20.885273,-156.504595,https://www.mauicounty.gov/bus/contact
Hawaii County Mass Transit (Hele-On Bus),Transportation,HI,Hilo,25 Aupuni St,808-961-8744,heleon@hawaiicounty.gov,https://www.heleonbus.org,19.717341,-155.077436,https://www.heleonbus.org/contact
Kauai Bus — County of Kauai,Transportation,HI,Lihue,4444 Rice St,808-246-8110,kauaibus@kauai.gov,https://www.kauai.gov/bus,21.975151,-159.369225,https://www.kauai.gov/bus
Hawaii DOT — Statewide Transit Programs,Transportation,HI,Honolulu,869 Punchbowl St,808-587-2150,info@hawaii.gov,https://hidot.hawaii.gov,21.303899,-157.860212,https://hidot.hawaii.gov/highways/transit
Hawaii Primary Care Association,Healthcare,HI,Honolulu,560 N Nimitz Hwy Ste 200,808-521-2846,hpca@hpca.net,https://hpca.net,21.314233,-157.868886,https://hpca.net/contact
Waianae Coast Comprehensive Health Center,Healthcare,HI,Waianae,86-260 Farrington Hwy,808-697-3300,info@wcchc.com,https://www.wcchc.com,21.430058,-158.181813,https://www.wcchc.com/contact
Kokua Kalihi Valley Comprehensive Family Services,Healthcare,HI,Honolulu,2239 N School St,808-791-9400,info@kkv.net,https://www.kkv.net,21.340679,-157.874342,https://www.kkv.net/contact
Maui Lani Community Health Center,Healthcare,HI,Wailuku,100 Maui Lani Pkwy,808-270-3900,info@mauihealth.org,https://www.mauihealth.org,,,https://www.mauihealth.org/contact
Hilo Medical Center Community Health,Healthcare,HI,Hilo,1190 Waianuenue Ave,808-932-3000,community@hhsc.org,https://www.hilomedicalcenter.org,19.717512,-155.113335,https://www.hilomedicalcenter.org/contact
Hawaii Workforce Development Council,Education-Employment,HI,Honolulu,830 Punchbowl St Rm 304,808-586-8812,dlir.wdc@hawaii.gov,https://labormarketinfo.hawaii.gov,21.30373,-157.860775,https://labormarketinfo.hawaii.gov/contact
Goodwill Hawaii,Education-Employment,HI,Honolulu,2610 Kilihau St,808-836-0313,info@goodwillhawaii.org,https://www.goodwillhawaii.org,21.33549,-157.89454,https://www.goodwillhawaii.org/contact
Maui Economic Development Board,Education-Employment,HI,Kihei,1305 N Holopono St Ste 1,808-875-2300,medb@medb.org,https://www.medb.org,20.751042,-156.438153,https://www.medb.org/contact
Helping Hands Hawaii — Employment Services,Education-Employment,HI,Honolulu,680 Iwilei Rd Ste 410,808-536-7234,info@helpinghandshawaii.org,https://helpinghandshawaii.org,21.316347,-157.870307,https://helpinghandshawaii.org/contact
Native Hawaiian Hospitality Association — Workforce,Education-Employment,HI,Honolulu,737 Bishop St Ste 1900,808-973-9118,info@nahha.com,https://nahha.com,21.307438,-157.862916,https://nahha.com/contact
Idaho Foodbank — Boise,Food,ID,Boise,3562 S TK Ave,208-336-9643,info@idahofoodbank.org,https://www.idahofoodbank.org,43.569531,-116.192011,https://www.idahofoodbank.org/contact
Idaho Foodbank — Twin Falls Branch,Food,ID,Twin Falls,150 Shoup Ave W,208-733-5553,twinfalls@idahofoodbank.org,https://www.idahofoodbank.org,42.565223,-114.481828,https://www.idahofoodbank.org/contact
Community Food Basket — Idaho Falls,Food,ID,Idaho Falls,535 W 1st St,208-524-3404,cfb@cfbidaho.org,https://cfbidaho.org,42.528595,-114.30237,https://cfbidaho.org/contact
Second Chance Food Pantry — Coeur d'Alene,Food,ID,Coeur d'Alene,1765 W Golf Course Rd,208-667-4357,info@secondchancefoodpantry.org,https://www.secondchancefoodpantry.org,47.70455,-116.810413,https://www.secondchancefoodpantry.org/contact
Latah Recovery Center — Food Pantry Moscow ID,Food,ID,Moscow,405 S Main St,208-883-1045,info@latahrecovery.org,https://latahrecovery.org,46.73164,-117.001433,https://latahrecovery.org/contact
Idaho Housing and Finance Association,Housing,ID,Boise,565 W Myrtle St,208-331-4882,ihfa@ihfa.org,https://www.ihfa.org,43.611112,-116.203684,https://www.ihfa.org/contact
Boise City/Ada County Housing Authorities,Housing,ID,Boise,1276 W River St,208-345-4907,info@bcacha.org,https://bcacha.org,43.614877,-116.214586,https://bcacha.org/contact
Jesse Tree — Boise Eviction Prevention,Housing,ID,Boise,2145 S Owyhee St,208-344-5557,info@jessetreeidaho.org,https://www.jessetreeidaho.org,43.58324,-116.223684,https://www.jessetreeidaho.org/contact
Pocatello/Chubbuck Housing Authority,Housing,ID,Pocatello,156 N Arthur Ave,208-232-3512,pcha@pcha.info,https://www.pcha.info,42.861929,-112.452066,https://www.pcha.info/contact
Community Council of Idaho — Housing,Housing,ID,Caldwell,208 N 9th Ave Ste 300,208-459-3330,info@communitycouncilid.org,https://communitycouncilid.org,43.666762,-116.684477,https://communitycouncilid.org/contact
ValleyRide — Community Transportation Boise,Transportation,ID,Boise,1401 S Shoreline Dr,208-345-7433,info@valleyride.org,https://www.valleyride.org,43.614845,-116.21905,https://www.valleyride.org/contact
Idaho Falls Targhee Regional Public Transportation,Transportation,ID,Idaho Falls,1800 S Skyline Dr,208-535-0356,trpt@idahofalls.gov,https://www.idahofalls.gov/trpt,43.510136,-112.063139,https://www.idahofalls.gov/trpt/contact
Treasure Valley Transit — Nampa ID,Transportation,ID,Nampa,204 3rd St S,208-467-7433,info@tvt.idaho.gov,https://www.tvt.idaho.gov,43.584388,-116.57205,https://www.tvt.idaho.gov/contact
Idaho DOT — Public Transportation Programs,Transportation,ID,Boise,3311 W State St,208-334-8000,idtransit@itd.idaho.gov,https://itd.idaho.gov/transit,43.636589,-116.230358,https://itd.idaho.gov/transit/contact
City of Lewiston Transit,Transportation,ID,Lewiston,215 D St,208-746-9540,transit@cityoflewiston.org,https://www.cityoflewiston.org/transit,46.42204,-117.030307,https://www.cityoflewiston.org/transit
Idaho Primary Care Association,Healthcare,ID,Boise,1087 W River St Ste 290,208-345-9456,info@idahopca.org,https://www.idahopca.org,43.61223,-116.211704,https://www.idahopca.org/contact
Terry Reilly Health Services — Boise,Healthcare,ID,Boise,1300 N Curtis Rd,208-375-3773,info@terryreilly.org,https://terryreilly.org,43.593138,-116.253551,https://terryreilly.org/contact
Dirne Community Health Centers — Coeur d'Alene,Healthcare,ID,Coeur d'Alene,2301 N Ironwood Ct,208-664-3434,info@dirneclinic.org,https://www.dirneclinic.org,47.696577,-116.796119,https://www.dirneclinic.org/contact
Community Health Centers of the Snake River Plain,Healthcare,ID,Pocatello,820 Memorial Dr,208-233-8530,info@chcsrp.org,https://www.chcsrp.org,42.871721,-112.432505,https://www.chcsrp.org/contact
Blaine County Community Health Clinic,Healthcare,ID,Hailey,106 First Ave S,208-726-9074,info@bcchc.org,https://bcchc.org,43.67856,-114.364454,https://bcchc.org/contact
Idaho Department of Labor — American Job Centers,Education-Employment,ID,Boise,317 W Main St,208-332-3570,idl.idaho.gov@labor.idaho.gov,https://labor.idaho.gov,43.612716,-116.197882,https://labor.idaho.gov/contact
Goodwill of the Inland Northwest — Idaho,Education-Employment,ID,Coeur d'Alene,2902 N Government Way,208-664-4116,info@goodwillinw.org,https://www.goodwillinw.org,47.703636,-116.786254,https://www.goodwillinw.org/contact
Idaho Commission for Libraries — Adult Literacy,Education-Employment,ID,Boise,325 W State St,208-334-2150,icfl@libraries.idaho.gov,https://libraries.idaho.gov,43.615819,-116.195024,https://libraries.idaho.gov/contact
Community Council of Idaho Workforce Development,Education-Employment,ID,Caldwell,208 N 9th Ave Ste 300,208-459-3330,workforce@communitycouncilid.org,https://communitycouncilid.org,43.666762,-116.684477,https://communitycouncilid.org/workforce
College of Southern Idaho Workforce Training,Education-Employment,ID,Twin Falls,315 Falls Ave,208-733-9554,workforce@csi.edu,https://www.csi.edu/workforce,42.577938,-114.47355,https://www.csi.edu/workforce/contact
Greater Chicago Food Depository,Food,IL,Chicago,4100 W Ann Lurie Pl,773-247-3663,info@gcfd.org,https://www.gcfd.org,41.817317,-87.726873,https://www.gcfd.org/contact
Central Illinois Foodbank — Springfield,Food,IL,Springfield,2331 E Lake Shore Dr,217-522-4022,info@centralilfoodbank.org,https://www.centralilfoodbank.org,39.693076,-89.602251,https://www.centralilfoodbank.org/contact
Eastern Illinois Foodbank,Food,IL,Urbana,2405 N Mattis Ave,217-328-3663,info@eifoodbank.org,https://www.eifoodbank.org,,,https://www.eifoodbank.org/contact
River Bend Foodbank — Rock Island,Food,IL,Rock Island,4010 Canal Rd,309-786-6603,info@riverbendgb.org,https://www.riverbendgb.org,41.480532,-90.617281,https://www.riverbendgb.org/contact
Northern Illinois Food Bank — Geneva,Food,IL,Geneva,273 Dearborn Court,630-443-6910,info@solvehungertoday.org,https://solvehungertoday.org,41.888558,-88.268928,https://solvehungertoday.org/contact
Illinois Housing Development Authority (IHDA),Housing,IL,Chicago,111 E Wacker Dr Ste 1000,312-836-5200,info@ihda.org,https://www.ihda.org,41.88814,-87.623818,https://www.ihda.org/contact
Chicago Housing Authority (CHA),Housing,IL,Chicago,60 E Van Buren St,312-742-8500,customerservice@thecha.org,https://www.thecha.org,41.877042,-87.625609,https://www.thecha.org/contact
Heartland Housing — Chicago Affordable Housing,Housing,IL,Chicago,208 S LaSalle St Ste 1300,312-660-1300,info@heartlandalliance.org,https://www.heartlandhousing.org,41.879132,-87.632361,https://www.heartlandhousing.org/contact
Housing Authority of Champaign County,Housing,IL,Champaign,404 N Walnut St,217-378-7030,info@hacc.info,https://www.hacc.info,40.118876,-88.241518,https://www.hacc.info/contact
Springfield Housing Authority,Housing,IL,Springfield,200 N 11th St,217-753-5757,sha@springfieldha.org,https://www.springfieldha.org,39.802756,-89.640692,https://www.springfieldha.org/contact
Chicago Transit Authority (CTA),Transportation,IL,Chicago,567 W Lake St,312-836-7000,cta@transitchicago.com,https://www.transitchicago.com,41.885647,-87.642185,https://www.transitchicago.com/contact
Pace Suburban Bus Service — Chicagoland,Transportation,IL,Arlington Heights,550 W Algonquin Rd,847-364-7223,customerservice@pacebus.com,https://www.pacebus.com,42.047269,-87.988483,https://www.pacebus.com/contact
Bloomington-Normal Public Transit System (BNPTS),Transportation,IL,Bloomington,101 S Eldorado Rd,309-828-9714,connect@showbusconnect.com,https://www.showbusconnect.com,40.472873,-88.951709,https://www.showbusconnect.com/contact
Metro East Transit — Madison County IL,Transportation,IL,Granite City,1600 Nameoki Rd,618-874-7433,metroeast@metrotransit.org,https://www.ridesmetro.org,38.727405,-90.123432,https://www.ridesmetro.org/contact
Illinois DOT — Public Transportation Division,Transportation,IL,Springfield,2300 S Dirksen Pkwy,217-782-7820,dot.transit@illinois.gov,https://idot.illinois.gov,39.785932,-89.60575,https://idot.illinois.gov/transportation-system/transit
Cook County Health — FQHC Network,Healthcare,IL,Chicago,69 W Washington St Ste 2200,312-864-6000,info@cookcountyhealth.org,https://cookcountyhealth.org,41.883154,-87.630039,https://cookcountyhealth.org/contact
Illinois Primary Health Care Association,Healthcare,IL,Springfield,500 S Fourth St Ste 1,217-522-8178,info@iphca.org,https://www.iphca.org,39.797196,-89.650747,https://www.iphca.org/contact
Sinai Health System — Chicago,Healthcare,IL,Chicago,1500 S California Ave,773-542-2000,info@sinai.org,https://www.sinai.org,41.86112,-87.695826,https://www.sinai.org/contact
Mile Square Health Center — Chicago FQHC,Healthcare,IL,Chicago,2045 W Roosevelt Rd,312-996-2000,info@milesquarehealthcenter.org,https://www.milesquarehealthcenter.org,41.866896,-87.677116,https://www.milesquarehealthcenter.org/contact
SIU Center for Family Medicine — Springfield,Healthcare,IL,Springfield,520 N 4th St,217-545-8000,siumed@siu.edu,https://www.siumed.edu,39.806428,-89.650497,https://www.siumed.edu/cfm/contact
Illinois Dept of Employment Security — Workforce,Education-Employment,IL,Chicago,33 S State St,800-244-5631,ides.director@illinois.gov,https://www2.illinois.gov/ides,41.881652,-87.627682,https://www2.illinois.gov/ides/contact
Goodwill Industries of Metropolitan Chicago,Education-Employment,IL,Chicago,935 W Chestnut St,312-994-1440,info@goodwillchicago.org,https://www.goodwillchicago.org,41.898127,-87.654269,https://www.goodwillchicago.org/contact
Chicago Cook Workforce Partnership,Education-Employment,IL,Chicago,69 W Washington St Ste 2860,312-603-0200,info@workforceboard.org,https://www.workforceboard.org,41.883154,-87.630039,https://www.workforceboard.org/contact
Heartland Alliance — Employment Services IL,Education-Employment,IL,Chicago,208 S LaSalle St Ste 1300,312-660-1300,info@heartlandalliance.org,https://www.heartlandalliance.org,41.879132,-87.632361,https://www.heartlandalliance.org/contact
Illinois WorkNet — Statewide Career Portal,Education-Employment,IL,Springfield,2300 S Dirksen Pkwy Rm 100,217-557-0983,dceo.webmaster@illinois.gov,https://www.illinoisworknet.com,39.785932,-89.60575,https://www.illinoisworknet.com/contact
Gleaners Food Bank of Indiana,Food,IN,Indianapolis,3737 Waldemere Ave,317-925-0191,info@gleaners.org,https://www.gleaners.org,39.708098,-86.261677,https://www.gleaners.org/contact
Feeding Indiana's Hungry — State Network,Food,IN,Indianapolis,1602 N Meridian St,317-926-3726,info@feedingindianashungry.org,https://feedingindianashungry.org,39.788484,-86.157341,https://feedingindianashungry.org/contact
Tri State Food Bank — Evansville IN,Food,IN,Evansville,801 E Diamond Ave,812-425-0775,info@tristatefoodbank.org,https://tristatefoodbank.org,37.999257,-87.551731,https://tristatefoodbank.org/contact
Food Bank of Northern Indiana,Food,IN,South Bend,702 Chapin St,574-232-9986,info@feedingamerica.org,https://www.feedninorthernindiana.org,41.667696,-86.261245,https://www.feedninorthernindiana.org/contact
Second Harvest Food Bank of East Central IN,Food,IN,Muncie,2901 S Cowan Rd,765-287-8698,info@secondharvest-in.org,https://www.secondharvest-in.org,40.169309,-85.405244,https://www.secondharvest-in.org/contact
Indiana Housing and Community Development Authority,Housing,IN,Indianapolis,30 S Meridian St Ste 1000,317-232-7777,info@ihcda.in.gov,https://www.in.gov/ihcda,39.766113,-86.158203,https://www.in.gov/ihcda/contact
Indianapolis Housing Agency,Housing,IN,Indianapolis,1919 N Meridian St,317-261-7200,info@indyhousing.org,https://indyhousing.org,39.792749,-86.157254,https://indyhousing.org/contact
Fort Wayne Housing Authority,Housing,IN,Fort Wayne,Headwaters Park E 333 E Superior St,260-422-1474,fwha@fwha.org,https://www.fwha.org,41.082971,-85.136795,https://www.fwha.org/contact
Horizon House — Indianapolis Transitional Housing,Housing,IN,Indianapolis,415 W Vermont St,317-684-3670,info@horizonhouseindy.org,https://www.horizonhouseindy.org,39.772837,-86.165746,https://www.horizonhouseindy.org/contact
Habitat for Humanity of Greater Indianapolis,Housing,IN,Indianapolis,3310 N Meridian St,317-921-2630,info@habitatindy.org,https://www.habitatindy.org,39.815914,-86.156847,https://www.habitatindy.org/contact
IndyGo — Indianapolis Public Transportation,Transportation,IN,Indianapolis,1501 W Washington St,317-635-3344,customerservice@indygo.net,https://www.indygo.net,39.767058,-86.188329,https://www.indygo.net/contact
Citilink — Fort Wayne Transit,Transportation,IN,Fort Wayne,200 E Berry St Ste 300,260-432-1542,citilink@cityoffortwayne.org,https://www.fwcitilink.com,41.079469,-85.137941,https://www.fwcitilink.com/contact
South Bend Public Transportation (Transpo),Transportation,IN,South Bend,1401 S Michigan St,574-233-2131,transpo@transpo.com,https://www.transpo.com,41.659989,-86.250049,https://www.transpo.com/contact
Indiana DOT — Public Transit Programs,Transportation,IN,Indianapolis,100 N Senate Ave,317-232-5533,transit@indot.in.gov,https://www.in.gov/indot,39.768737,-86.163616,https://www.in.gov/indot/contact
Community Transportation Network — Evansville,Transportation,IN,Evansville,900 Court St,812-435-6196,mets@evansvillegov.org,https://www.metsrides.com,37.963299,-87.479258,https://www.metsrides.com/contact
Indiana Primary Health Care Association,Healthcare,IN,Indianapolis,201 E Ohio St Ste 500,317-630-0845,info@iphca.org,https://www.iphca.org,39.769773,-86.154285,https://www.iphca.org/contact
Eskenazi Health — FQHC Indianapolis,Healthcare,IN,Indianapolis,720 Eskenazi Ave,317-880-0000,info@eskenazihealth.edu,https://eskenazihealth.edu,39.778118,-86.182951,https://eskenazihealth.edu/contact
Open Door Health Services — Muncie IN,Healthcare,IN,Muncie,420 S Tillotson Ave,765-288-2006,info@opendoorhealth.com,https://opendoorhealth.com,40.191077,-85.419072,https://opendoorhealth.com/contact
Healthlinc Community Health Center,Healthcare,IN,Valparaiso,301 W Lincolnway,219-462-3001,info@myhealthlinc.org,https://www.myhealthlinc.org,41.467741,-87.064721,https://www.myhealthlinc.org/contact
Community Health Network — FQHC Indiana,Healthcare,IN,Indianapolis,7330 Shadeland Station,317-355-1411,info@ecommunity.com,https://www.ecommunity.com,39.887827,-86.044519,https://www.ecommunity.com/contact
Indiana Dept of Workforce Development,Education-Employment,IN,Indianapolis,10 N Senate Ave,317-232-7670,webmaster@dwd.in.gov,https://www.in.gov/dwd,39.767377,-86.163558,https://www.in.gov/dwd/contact
Goodwill of Central and Southern Indiana,Education-Employment,IN,Indianapolis,1635 W Michigan St,317-524-4313,info@goodwillindy.org,https://www.goodwillindy.org,39.77467,-86.191582,https://www.goodwillindy.org/contact
WorkOne Indiana — Indianapolis Career Center,Education-Employment,IN,Indianapolis,4995 N Central Ave,317-684-2300,workone@workone.in.gov,https://www.workone.in.gov,39.843716,-86.149903,https://www.workone.in.gov/contact
Pace Community Action Agency — Evansville,Education-Employment,IN,Evansville,224 N W 6th St,812-425-4241,info@paceindiana.org,https://www.paceindiana.org,37.974543,-87.570537,https://www.paceindiana.org/contact
Urban League of Indianapolis,Education-Employment,IN,Indianapolis,777 Indiana Ave,317-693-7603,info@indplsul.org,https://www.indplsul.org,39.777359,-86.169454,https://www.indplsul.org/contact
Food Bank of Iowa,Food,IA,Des Moines,2457 Elwood Dr,515-564-0330,info@foodbankiowa.org,https://www.foodbankiowa.org,,,https://www.foodbankiowa.org/contact
Northeast Iowa Food Bank,Food,IA,Waterloo,1605 Lafayette St,319-235-0507,info@neifoodbank.org,https://www.neifoodbank.org,42.492978,-92.322316,https://www.neifoodbank.org/contact
Eastern Iowa Food Bank,Food,IA,Marion,2250 Heinz Rd,319-393-7changing,info@eifoodbank.org,https://www.eifoodbank.org,,,https://www.eifoodbank.org/contact
Iowa Able Foundation — Food Resource,Food,IA,Iowa City,900 N Dubuque St,319-351-4776,info@iowable.org,https://www.iowable.org,41.673047,-91.532571,https://www.iowable.org/contact
Dubuque Area Food Pantry,Food,IA,Dubuque,1256 Iowa St,563-582-5656,info@dubuquefoodpantry.org,https://www.dubuquefoodpantry.org,42.504922,-90.668016,https://www.dubuquefoodpantry.org/contact
Iowa Finance Authority (IFA) — Housing,Housing,IA,Des Moines,1963 Bell Ave Ste 200,515-452-0400,info@iowafinanceauthority.gov,https://www.iowafinanceauthority.gov,41.562761,-93.642239,https://www.iowafinanceauthority.gov/contact
Des Moines Housing Authority,Housing,IA,Des Moines,3310 Easton Blvd,515-323-8950,info@dmha.info,https://www.dmha.info,41.61255,-93.551316,https://www.dmha.info/contact
Habitat for Humanity of Iowa,Housing,IA,Des Moines,501 SW 7th St Ste R,515-282-2636,info@iowahfh.org,https://www.iowahfh.org,41.578404,-93.6231,https://www.iowahfh.org/contact
Iowa Homeless Youth Consortium,Housing,IA,Des Moines,100 Euclid Ave,515-288-4033,info@iowahomelessyouth.org,https://iowahomelessyouth.org,41.627635,-93.619334,https://iowahomelessyouth.org/contact
Community Housing Initiatives — Spencer IA,Housing,IA,Spencer,122 W Milwaukee Ave,712-262-6420,info@chihousing.com,https://www.chihousing.com,43.14475,-95.146732,https://www.chihousing.com/contact
Des Moines Area Regional Transit (DART),Transportation,IA,Des Moines,620 Cherry St,515-283-8100,customerservice@ridedart.com,https://www.ridedart.com,41.583907,-93.6242,https://www.ridedart.com/contact
Cedar Rapids Transit,Transportation,IA,Cedar Rapids,1200 6th St SW,319-286-5560,crtransit@cedar-rapids.org,https://www.cedar-rapids.org/transit,41.965593,-91.677133,https://www.cedar-rapids.org/transit/contact
Iowa City Transit,Transportation,IA,Iowa City,1200 S Riverside Dr,319-356-5151,transit@iowa-city.org,https://www.icgov.org/transit,41.646488,-91.540063,https://www.icgov.org/transit/contact
Iowa DOT — Public Transit Bureau,Transportation,IA,Ames,800 Lincoln Way,515-239-1140,transit@iowadot.us,https://iowadot.gov/transit,42.022768,-93.622015,https://iowadot.gov/transit/contact
Southeast Iowa Regional Planning Commission Transit,Transportation,IA,Burlington,211 N Gear Ave Ste 100,319-753-6189,transit@seirpc.com,https://www.seirpc.com,40.830356,-91.170368,https://www.seirpc.com/transit
Iowa Primary Care Association,Healthcare,IA,Des Moines,500 SW 7th St Ste 200,515-288-5600,info@iowapca.org,https://www.iowapca.org,41.578374,-93.623248,https://www.iowapca.org/contact
Community Health Centers of Southeast Iowa,Healthcare,IA,Burlington,400 N 4th St,319-753-0783,info@chcsei.org,https://www.chcsei.org,40.811083,-91.10345,https://www.chcsei.org/contact
Peoples Community Health Clinic — Waterloo,Healthcare,IA,Waterloo,1002 Mulberry St,319-272-6100,info@peopleshealthclinic.org,https://www.peopleshealthclinic.org,42.496963,-92.329821,https://www.peopleshealthclinic.org/contact
Robert Young Center — Quad Cities FQHC,Healthcare,IA,Rock Island,2701 17th St,309-779-2090,info@ryc.org,https://ryc.org,41.483401,-90.572715,https://ryc.org/contact
Broadlawns Medical Center — Des Moines,Healthcare,IA,Des Moines,1801 Hickman Rd,515-282-2200,info@broadlawns.org,https://www.broadlawns.org,41.615105,-93.641253,https://www.broadlawns.org/contact
Iowa Workforce Development,Education-Employment,IA,Des Moines,1000 E Grand Ave,515-281-5387,iwd@iwd.iowa.gov,https://www.iowaworkforcedevelopment.gov,41.59188,-93.605726,https://www.iowaworkforcedevelopment.gov/contact
Goodwill of the Heartland — Iowa,Education-Employment,IA,Cedar Rapids,1550 16th Ave SW,319-365-0351,info@goodwillheartland.org,https://www.goodwillheartland.org,41.962295,-91.692944,https://www.goodwillheartland.org/contact
Iowa Valley Community College — Workforce Dev,Education-Employment,IA,Marshalltown,3702 S Center St,641-752-4645,workforce@iavalley.edu,https://www.iavalley.edu,42.001616,-92.912369,https://www.iavalley.edu/workforce
Northeast Iowa Community Action Corporation,Education-Employment,IA,Decorah,316 Heivly St,563-382-2991,neicac@neicac.org,https://www.neicac.org,43.304968,-91.787459,https://www.neicac.org/contact
Urban Dreams — Des Moines Employment,Education-Employment,IA,Des Moines,1117 Pleasant St,515-246-6669,info@urbandreams.org,https://www.urbandreams.org,41.588898,-93.631398,https://www.urbandreams.org/contact
Harvesters Community Food Network — Kansas City KS,Food,KS,Kansas City,3801 Topping Ave,816-929-3000,info@harvesters.org,https://www.harvesters.org,,,https://www.harvesters.org/contact
Kansas Food Bank — Wichita,Food,KS,Wichita,1765 Steele St,316-265-3663,info@kfb.org,https://www.kfb.org,,,https://www.kfb.org/contact
Inter-Faith Ministries Wichita — Food Pantry,Food,KS,Wichita,829 N Market St,316-264-9303,info@ifmwichita.org,https://www.ifmwichita.org,37.697941,-97.336962,https://www.ifmwichita.org/contact
Second Harvest Community Food Bank — Manhattan KS,Food,KS,Manhattan,1010 N Manhattan Ave,785-537-7761,info@secondharvest-mhk.org,https://secondharvest-mhk.org,39.189064,-96.576332,https://secondharvest-mhk.org/contact
Southeast Kansas Community Action Program (SEK-CAP),Food,KS,Girard,P.O. Box 128,620-724-8204,sekcap@sekcap.org,https://sekcap.org,37.51116,-94.838021,https://sekcap.org/contact
Kansas Housing Resources Corporation (KHRC),Housing,KS,Topeka,611 S Kansas Ave Ste 300,785-217-2001,khrc@kshousingcorp.org,https://www.kshousingcorp.org,39.051532,-95.673421,https://www.kshousingcorp.org/contact
Wichita Housing Authority,Housing,KS,Wichita,332 N Riverview St,316-462-3700,wha@wichita.gov,https://www.wichita.gov/wha,37.69044,-97.343306,https://www.wichita.gov/wha/contact
Kansas City Kansas Housing Authority,Housing,KS,Kansas City,1124 N 9th St,913-281-3300,info@kckha.org,https://www.kckha.org,39.116817,-94.632454,https://www.kckha.org/contact
GraceMed Health Clinic — Transitional Housing KS,Housing,KS,Wichita,3421 E Central Ave,316-691-0249,info@gracemed.org,https://www.gracemed.org,37.693655,-97.296412,https://www.gracemed.org/contact
Catholic Charities — Housing Assistance Wichita,Housing,KS,Wichita,437 N Topeka St,316-264-8344,info@catholiccharitieswichita.org,https://www.catholiccharitieswichita.org,37.692317,-97.334365,https://www.catholiccharitieswichita.org/contact
Wichita Transit — WTA,Transportation,KS,Wichita,214 S Topeka St,316-265-7221,wta@wichita.gov,https://www.wichitatransit.org,37.684753,-97.334197,https://www.wichitatransit.org/contact
Johnson County Transit — RideKC,Transportation,KS,Olathe,111 S Cherry St,913-782-2210,jctransit@jocogov.org,https://www.kcata.org,38.881815,-94.819514,https://www.kcata.org/contact
Lawrence Transit — T,Transportation,KS,Lawrence,1260 Timberedge Rd,785-312-7433,lawrencetransit@lawrenceks.org,https://lawrenceks.org/transit,39.00202,-95.262083,https://lawrenceks.org/transit/contact
KDOT — Public Transit and Rail,Transportation,KS,Topeka,700 SW Harrison St,785-296-3461,transit@ksdot.org,https://www.ksdot.org/transit,39.051308,-95.678122,https://www.ksdot.org/transit/contact
Manhattan Area Transportation Services — MATS KS,Transportation,KS,Manhattan,1101 Westloop Pl,785-537-6345,mats@cityofmhk.com,https://www.cityofmhk.com/mats,39.191319,-96.609778,https://www.cityofmhk.com/mats/contact
GraceMed Health Clinic — FQHC Wichita KS,Healthcare,KS,Wichita,3421 E Central Ave,316-691-0249,info@gracemed.org,https://www.gracemed.org,37.693655,-97.296412,https://www.gracemed.org/contact
Kansas Association for the Medically Underserved,Healthcare,KS,Topeka,330 SW Oakley Ave,785-235-1022,info@kamu.org,https://www.kamu.org,39.062432,-95.715341,https://www.kamu.org/contact
Heartland Community Health Center — Lawrence KS,Healthcare,KS,Lawrence,1 Riverfront Plaza Ste 1200,785-841-3478,info@heartlandhealthcenter.org,https://www.heartlandhealthcenter.org,38.97314,-95.235127,https://www.heartlandhealthcenter.org/contact
Catholic Charities Medical Clinic — Wichita,Healthcare,KS,Wichita,437 N Topeka St,316-264-8344,info@catholiccharitieswichita.org,https://www.catholiccharitieswichita.org,37.692317,-97.334365,https://www.catholiccharitieswichita.org/healthcare
Primary Care Centers of Kansas — Dodge City,Healthcare,KS,Dodge City,701 W Comanche St,620-371-7002,info@pcck.org,https://www.pcck.org,37.765439,-100.02317,https://www.pcck.org/contact
Kansas Workforce Centers — Wichita,Education-Employment,KS,Wichita,2021 N Amidon Ave Ste 1100,316-771-6800,kansasworks@kansasworks.com,https://www.kansasworks.com,37.720164,-97.363129,https://www.kansasworks.com/contact
Goodwill Industries of Kansas,Education-Employment,KS,Wichita,1215 E 2nd St N,316-383-6600,info@goodwillks.org,https://www.goodwillks.org,37.689769,-97.323931,https://www.goodwillks.org/contact
El Centro — Kansas City KS Hispanic Workforce,Education-Employment,KS,Kansas City,650 Minnesota Ave,913-677-0100,info@elcentro.org,https://www.elcentro.org,39.115598,-94.625468,https://www.elcentro.org/contact
Kansas Community Action Network,Education-Employment,KS,Topeka,1508 SW Topeka Blvd,785-233-6309,kan@kancap.org,https://kancap.org,39.039589,-95.682781,https://kancap.org/contact
Washburn University — Workforce Institute KS,Education-Employment,KS,Topeka,1700 SW College Ave,785-670-1100,workforce@washburn.edu,https://www.washburn.edu/workforce,39.035401,-95.700331,https://www.washburn.edu/workforce/contact
Dare to Care Food Bank — Louisville,Food,KY,Louisville,5803 Fern Valley Rd,502-966-3821,info@daretocare.org,https://www.daretocare.org,38.155941,-85.653455,https://www.daretocare.org/contact
God's Pantry Food Bank — Lexington,Food,KY,Lexington,1685 Jaggie Fox Way,859-255-6592,info@godspantry.org,https://www.godspantry.org,38.08564,-84.517481,https://www.godspantry.org/contact
Kentucky Heartland Food Bank,Food,KY,Elizabethtown,P.O. Box 1076,270-765-3234,info@kyhfb.org,https://www.kyhfb.org,,,https://www.kyhfb.org/contact
TENCO Community Services — NE KY Food Bank,Food,KY,Morehead,P.O. Box 689,606-784-5271,info@tencocapaa.org,https://tencocapaa.org,38.183971,-83.432684,https://tencocapaa.org/contact
Feeding America Kentucky's Heartland — Elizabethtown,Food,KY,Elizabethtown,P.O. Box 1076,270-765-3234,info@kyhfb.org,https://www.kyhfb.org,,,https://www.kyhfb.org/contact
Kentucky Housing Corporation (KHC),Housing,KY,Frankfort,1231 Louisville Rd,502-564-7630,info@kyhousing.org,https://www.kyhousing.org,38.177979,-84.899966,https://www.kyhousing.org/contact
Louisville Metropolitan Housing Authority,Housing,KY,Louisville,420 S 8th St,502-569-3600,lmha@lmha1.org,https://www.lmha1.org,38.253086,-85.763969,https://www.lmha1.org/contact
Lexington Housing Authority,Housing,KY,Lexington,300 W New Circle Rd,859-281-5000,info@lexpublichousing.com,https://lexpublichousing.com,38.069361,-84.474918,https://lexpublichousing.com/contact
Volunteers of America — Kentuckiana Housing,Housing,KY,Louisville,1801 Farnsley Rd,502-451-0041,info@voaky.org,https://www.voaky.org,38.20086,-85.802266,https://www.voaky.org/contact
Community Action of Southern Kentucky (CASK),Housing,KY,Bowling Green,317 Dishman Lane,270-782-5481,cask@cask.org,https://cask.org,36.955351,-86.482583,https://cask.org/contact
Transit Authority of River City (TARC) — Louisville,Transportation,KY,Louisville,1000 W Broadway,502-585-1234,tarc@ridetarc.org,https://www.ridetarc.org,38.247056,-85.768405,https://www.ridetarc.org/contact
LexTran — Lexington Transit Authority,Transportation,KY,Lexington,200 W Loudon Ave,859-255-7756,info@lextran.com,https://www.lextran.com,38.054747,-84.478839,https://www.lextran.com/contact
Bowling Green Transit (WKU Smart Bus),Transportation,KY,Bowling Green,1001 College St,270-745-4857,transit@bgky.org,https://www.bgky.org/transit,36.993025,-86.442976,https://www.bgky.org/transit/contact
Kentucky Transportation Cabinet — Transit Programs,Transportation,KY,Frankfort,200 Mero St,502-564-4890,kytc.transit@ky.gov,https://transportation.ky.gov,38.201379,-84.87404,https://transportation.ky.gov/public-transit
LKLP Community Action Agency Transport — SE KY,Transportation,KY,Hindman,620 Main St,606-886-2374,info@lklp.org,https://www.lklp.org,37.343077,-82.977426,https://www.lklp.org/contact
Louisville Metro Dept of Public Health,Healthcare,KY,Louisville,400 E Gray St,502-574-6520,louisvillehealth@louisvilleky.gov,https://louisvilleky.gov/government/health,38.246427,-85.747356,https://louisvilleky.gov/government/health/contact
Kentucky Primary Care Association (KPCA),Healthcare,KY,Lexington,2313 Alexandria Dr,502-459-8000,info@kpca.com,https://www.kpca.com,38.020419,-84.551735,https://www.kpca.com/contact
Seven Counties Services — FQHC Louisville,Healthcare,KY,Louisville,101 W Muhammad Ali Blvd,502-589-8600,info@sevencounties.org,https://sevencounties.org,38.25066,-85.752584,https://sevencounties.org/contact
Mountain Comprehensive Health Center — Hazard KY,Healthcare,KY,Hazard,P.O. Box 990,606-436-8491,info@mchcky.org,https://mchcky.org,37.248964,-83.193389,https://mchcky.org/contact
Family Health Centers — Louisville FQHC,Healthcare,KY,Louisville,2215 Portland Ave,502-772-1162,info@familyhealthcenters.org,https://www.familyhealthcenters.org,38.269121,-85.784367,https://www.familyhealthcenters.org/contact
Kentucky Career Center — Workforce Development,Education-Employment,KY,Frankfort,500 Mero St,502-564-0871,labor.cabinet@ky.gov,https://kcc.ky.gov,38.202029,-84.875512,https://kcc.ky.gov/contact
Goodwill Industries of Kentucky,Education-Employment,KY,Louisville,1325 S 4th St,502-585-4623,info@goodwillky.org,https://www.goodwillky.org,38.231457,-85.760877,https://www.goodwillky.org/contact
Workforce Connections — Northern Kentucky,Education-Employment,KY,Covington,2505 Dixie Hwy,859-392-1900,info@nkychamber.com,https://nkyworkforce.com,39.036406,-84.56067,https://nkyworkforce.com/contact
Community Action Kentucky — Employment Programs,Education-Employment,KY,Frankfort,P.O. Box 1689,502-695-0526,info@communityactionky.org,https://www.communityactionky.org,,,https://www.communityactionky.org/contact
Urban League of Lexington-Fayette County,Education-Employment,KY,Lexington,532 Angliana Ave,859-233-1561,info@ullexington.org,https://ullexington.org,38.043458,-84.513069,https://ullexington.org/contact
Second Harvest Food Bank — New Orleans,Food,LA,Harahan,700 Edwards Ave,504-734-1322,info@secondharvest.org,https://www.secondharvest.org,29.95134,-90.191597,https://www.secondharvest.org/contact
Greater Baton Rouge Food Bank,Food,LA,Baton Rouge,10600 S Choctaw Dr,225-359-9940,info@brfoodbank.org,https://www.brfoodbank.org,30.472138,-91.06657,https://www.brfoodbank.org/contact
Food Bank of Central Louisiana,Food,LA,Alexandria,751 Murray St,318-445-2773,info@foodbankcenla.org,https://www.foodbankcenla.org,31.308936,-92.447332,https://www.foodbankcenla.org/contact
Food Bank of Northeast Louisiana,Food,LA,Monroe,2015 Broadmoor Dr,318-322-3567,info@fbnel.org,https://fbnel.org,32.537879,-92.103075,https://fbnel.org/contact
Acadiana Food Bank — Lafayette LA,Food,LA,Lafayette,2735 Eraste Landry Rd,337-237-3663,info@acadianafoodbank.org,https://acadianafoodbank.org,30.219511,-92.081417,https://acadianafoodbank.org/contact
Louisiana Housing Corporation (LHC),Housing,LA,Baton Rouge,2415 Quail Dr,225-763-8700,info@lhc.la.gov,https://www.lhc.la.gov,30.402308,-91.127008,https://www.lhc.la.gov/contact
Housing Authority of New Orleans (HANO),Housing,LA,New Orleans,4100 Touro St,504-670-3300,info@hano.org,https://www.hano.org,29.999874,-90.061845,https://www.hano.org/contact
Baton Rouge Housing Authority,Housing,LA,Baton Rouge,2726 Oleander St,225-389-9875,info@brha.net,https://www.brha.net,30.44234,-91.160297,https://www.brha.net/contact
Catholic Charities Archdiocese of New Orleans,Housing,LA,New Orleans,1000 Howard Ave Ste 3500,504-523-3755,info@ccano.org,https://www.ccano.org,29.945496,-90.076164,https://www.ccano.org/contact
Providence Community Housing — New Orleans,Housing,LA,New Orleans,1532 Tulane Ave,504-529-4488,info@providencecommunityhousing.org,https://www.providencecommunityhousing.org,29.955923,-90.078001,https://www.providencecommunityhousing.org/contact
New Orleans Regional Transit Authority (NORTA),Transportation,LA,New Orleans,2817 Canal St,504-248-3900,customerservice@norta.com,https://www.norta.com,29.966789,-90.08888,https://www.norta.com/contact
Baton Rouge Metro Council Transit (BR Urban Transit),Transportation,LA,Baton Rouge,2253 Florida Blvd,225-389-8920,catsbus@brgov.com,https://www.brcats.com,30.450068,-91.165108,https://www.brcats.com/contact
Lafayette Transit System (LTS),Transportation,LA,Lafayette,1515 E University Ave,337-291-8570,lts@lafayettela.gov,https://www.lafayettela.gov/lts,30.208899,-92.00394,https://www.lafayettela.gov/lts/contact
Louisiana DOT Transit Programs,Transportation,LA,Baton Rouge,1201 Capitol Access Rd,225-379-1200,transit@la.gov,https://www.dotd.la.gov,30.458286,-91.178426,https://www.dotd.la.gov/transit
Community Transportation of Louisiana,Transportation,LA,Rayville,5025 Front St,318-728-4585,ctla@ctla.org,https://www.ctla.org,,,https://www.ctla.org/contact
LSU Health New Orleans Community Health,Healthcare,LA,New Orleans,433 Bolivar St,504-568-4808,community@lsuhsc.edu,https://www.lsuhsc.edu/community,29.957691,-90.082887,https://www.lsuhsc.edu/community/contact
Federally Qualified Health Center — Daughters of Charity,Healthcare,LA,New Orleans,2747 Carondelet St,504-899-2600,info@ldchc.com,https://ldchc.com,29.932157,-90.086208,https://ldchc.com/contact
Our Lady of the Lake — Community Health,Healthcare,LA,Baton Rouge,5000 Hennessy Blvd,225-765-8300,community@ololrmc.com,https://www.ololrmc.com,30.40374,-91.106223,https://www.ololrmc.com/community
Tulane Community Health Center at Covenant House,Healthcare,LA,New Orleans,611 N Rampart St,504-584-1400,communityclinic@tulane.edu,https://medicine.tulane.edu,29.95987,-90.069156,https://medicine.tulane.edu/community
Southwest Louisiana Area Health Education Center,Healthcare,LA,Lake Charles,P.O. Box 3696,337-478-2855,info@swlahec.org,https://www.swlahec.org,,,https://www.swlahec.org/contact
Louisiana Workforce Commission,Education-Employment,LA,Baton Rouge,1001 N 23rd St,225-342-3111,support@lwc.la.gov,https://www.laworks.net,30.457481,-91.164964,https://www.laworks.net/contact
Goodwill Industries of Southeastern Louisiana,Education-Employment,LA,New Orleans,4200 Magazine St,504-895-4011,info@goodwillno.org,https://www.goodwillno.org,29.920927,-90.099148,https://www.goodwillno.org/contact
Louisiana Community Action Association,Education-Employment,LA,Baton Rouge,701 Government St,225-343-4970,info@lacaa.net,https://www.lacaa.net,30.443479,-91.183675,https://www.lacaa.net/contact
Urban League of Louisiana,Education-Employment,LA,New Orleans,2010 Canal St,504-620-3650,info@urbanleaguegno.org,https://www.urbanleaguegno.org,29.960872,-90.080738,https://www.urbanleaguegno.org/contact
Southeast Louisiana Education Initiative,Education-Employment,LA,Baton Rouge,825 Commercial Dr Ste 300,225-614-5000,info@selei.org,https://selei.org,,,https://selei.org/contact
Good Shepherd Food Bank — Maine,Food,ME,Auburn,3 Enterprise Dr,207-782-3554,info@gsfb.org,https://www.gsfb.org,,,https://www.gsfb.org/contact
Preble Street Food Pantry — Portland ME,Food,ME,Portland,252 Oxford St,207-775-0026,info@preblestreet.org,https://www.preblestreet.org,43.658827,-70.262011,https://www.preblestreet.org/contact
Mid-Coast Hunger Prevention Program — Rockland,Food,ME,Rockland,P.O. Box 983,207-596-6451,info@mchpp.org,https://mchpp.org,44.104833,-69.109182,https://mchpp.org/contact
Bangor Area Food Pantry,Food,ME,Bangor,P.O. Box 1748,207-947-7770,director@bangorfoodpantry.org,https://bangorfoodpantry.org,,,https://bangorfoodpantry.org/contact
Full Plates Full Potential — Statewide ME,Food,ME,Portland,47 Elm St,207-772-0920,info@fullplates.org,https://fullplates.org,43.658667,-70.259876,https://fullplates.org/contact
Maine State Housing Authority (MaineHousing),Housing,ME,Augusta,353 Water St,207-626-4600,mainehousing@mainehousing.org,https://www.mainehousing.org,44.313503,-69.774828,https://www.mainehousing.org/contact
Portland Housing Authority,Housing,ME,Portland,14 Baxter Blvd,207-772-4708,info@portlandhousing.org,https://www.portlandhousing.org,43.664951,-70.270893,https://www.portlandhousing.org/contact
Preble Street Resource Center — Housing ME,Housing,ME,Portland,252 Oxford St,207-775-0026,info@preblestreet.org,https://www.preblestreet.org,43.658827,-70.262011,https://www.preblestreet.org/contact
Bangor Housing Authority,Housing,ME,Bangor,161 Davis Rd,207-942-6365,bha@bangorhousing.org,https://www.bangorhousing.org,44.842421,-68.825379,https://www.bangorhousing.org/contact
Avesta Housing — Portland ME,Housing,ME,Portland,307 Cumberland Ave,207-553-7777,info@avestahousing.org,https://www.avestahousing.org,43.658912,-70.260025,https://www.avestahousing.org/contact
Greater Portland Metro Bus — METRO,Transportation,ME,Portland,114 Valley St,207-774-0351,info@gpmetrobus.net,https://www.gpmetrobus.net,43.649496,-70.277798,https://www.gpmetrobus.net/contact
Concord Coach Lines — Maine Intercity,Transportation,ME,Portland,100 Thompson's Point Rd,207-228-3300,info@concordcoachlines.com,https://www.concordcoachlines.com,43.653686,-70.291927,https://www.concordcoachlines.com/contact
Maine DOT — Passenger Transportation,Transportation,ME,Augusta,16 State House Station,207-624-3000,mdot.transit@maine.gov,https://www.maine.gov/mdot,,,https://www.maine.gov/mdot/transit
Bangor Area Transit (BAT),Transportation,ME,Bangor,395 Griffin Rd,207-992-4670,bat@bangormaine.gov,https://www.bangormaine.gov/bat,44.816669,-68.81749,https://www.bangormaine.gov/bat/contact
Knox County Regional Transportation Program,Transportation,ME,Rockland,P.O. Box 1113,207-596-6078,krtp@kmcommunications.net,https://knox.mainePublicTransit.net,,,https://knox.mainepublictransit.net/contact
MaineHealth Community Health — FQHC,Healthcare,ME,Portland,22 Bramhall St,207-662-0111,communityhealth@mainehealth.org,https://www.mainehealth.org,43.652657,-70.274636,https://www.mainehealth.org/contact
Community Health Center — Waterville ME,Healthcare,ME,Waterville,113 North St,207-873-3500,info@chcwaterville.org,https://www.chcwaterville.org,44.560161,-69.642176,https://www.chcwaterville.org/contact
Penobscot Community Health Care — FQHC Bangor,Healthcare,ME,Bangor,1135 Broadway,207-947-0700,info@pchc.com,https://www.pchc.com,44.8358,-68.791039,https://www.pchc.com/contact
Federally Qualified Health Center — Aroostook Medical,Healthcare,ME,Presque Isle,140 Academy St,207-768-4000,info@tamc.org,https://www.tamc.org,46.676712,-67.999491,https://www.tamc.org/contact
York County Community Action (YCCA) Health,Healthcare,ME,Sanford,6 Spruce St,207-324-5762,ycca@yccac.org,https://www.yccac.org,43.443927,-70.771766,https://www.yccac.org/contact
Maine Department of Labor — CareerCenters,Education-Employment,ME,Augusta,45 Commerce Dr Ste 1,207-623-7900,mdol.careercenter@maine.gov,https://www.maine.gov/labor,,,https://www.maine.gov/labor/contact
Goodwill Northern New England — Maine,Education-Employment,ME,Portland,34 Hutcherson Dr,207-774-6323,info@goodwillnne.org,https://www.goodwillnne.org,43.63351,-70.284596,https://www.goodwillnne.org/contact
Community Concepts Inc — Oxford Hills ME,Education-Employment,ME,South Paris,17 Market Sq,207-743-7763,info@community-concepts.org,https://www.community-concepts.org,44.223646,-70.513293,https://www.community-concepts.org/contact
Eastern Maine Development Corporation,Education-Employment,ME,Bangor,40 Harlow St,207-942-6389,emdc@emdc.org,https://emdc.org,44.802903,-68.77005,https://emdc.org/contact
Coastal Enterprises Inc — Rural Maine Jobs,Education-Employment,ME,Brunswick,36 Water St,207-504-5900,info@ceimaine.org,https://www.ceimaine.org,43.920302,-69.962352,https://www.ceimaine.org/contact
Maryland Food Bank,Food,MD,Baltimore,2200 Halethorpe Farms Rd,410-737-8282,info@mdfoodbank.org,https://mdfoodbank.org,39.22516,-76.684397,https://mdfoodbank.org/contact
Capital Area Food Bank — Maryland Suburbs,Food,MD,Silver Spring,4900 Puerto Rico Ave NE,202-526-5344,info@capitalareafoodbank.org,https://www.capitalareafoodbank.org,,,https://www.capitalareafoodbank.org/contact
Manna Food Center — Montgomery County MD,Food,MD,Gaithersburg,9311 Gaither Rd,301-424-1130,info@mannafood.org,https://www.mannafood.org,39.117832,-77.191989,https://www.mannafood.org/contact
Anne Arundel County Food Bank,Food,MD,Millersville,118 Old Solomons Island Rd,410-987-6530,info@aafoodbank.org,https://www.aafoodbank.org,,,https://www.aafoodbank.org/contact
Frederick County Food Bank,Food,MD,Frederick,P.O. Box 3264,301-663-0473,info@frederickcountyfoodbank.org,https://frederickcountyfoodbank.org,,,https://frederickcountyfoodbank.org/contact
Maryland DHCD — Housing Programs,Housing,MD,Baltimore,2 N Charles St Ste 1550,410-514-7000,info@mdhousing.org,https://dhcd.maryland.gov,39.289595,-76.61528,https://dhcd.maryland.gov/contact
Housing Authority of Baltimore City (HABC),Housing,MD,Baltimore,417 E Fayette St,410-396-3232,habc@habc.org,https://www.habc.org,39.290469,-76.61001,https://www.habc.org/contact
Montgomery County Housing Opportunities Commission,Housing,MD,Kensington,10400 Detrick Ave,240-627-9400,info@hocmc.org,https://www.hocmc.org,39.026662,-77.078696,https://www.hocmc.org/contact
Interfaith Works — MD Affordable Housing,Housing,MD,Rockville,114-A Park Ave,301-762-4636,info@iworksmc.org,https://iworksmc.org,39.081031,-77.147249,https://iworksmc.org/contact
Community Assistance Network — Baltimore Housing,Housing,MD,Lutherville,P.O. Box 638,410-435-3266,info@communityassistance.net,https://www.communityassistance.net,39.42363,-76.620915,https://www.communityassistance.net/contact
Maryland Transit Administration (MTA),Transportation,MD,Baltimore,6 St Paul St,410-539-5000,mta.info@maryland.gov,https://www.mta.maryland.gov,39.289666,-76.613905,https://www.mta.maryland.gov/contact
Montgomery County Ride On Transit,Transportation,MD,Rockville,101 Monroe St,240-777-7433,rideon@montgomerycountymd.gov,https://www.montgomerycountymd.gov/rideon,39.083037,-77.149046,https://www.montgomerycountymd.gov/rideon/contact
Prince George's County TheBus,Transportation,MD,Largo,9400 Peppercorn Pl,301-324-2877,thebus@co.pg.md.us,https://www.princegeorgescountymd.gov/thebus,38.912826,-76.846088,https://www.princegeorgescountymd.gov/thebus
Maryland DOT — Transit Administration Programs,Transportation,MD,Hanover,7201 Corporate Center Dr,410-865-1000,mdot.mta@maryland.gov,https://www.mdot.maryland.gov,39.192072,-76.702046,https://www.mdot.maryland.gov/transit
Corridor Transportation Corp — Rural MD Transit,Transportation,MD,Westminster,P.O. Box 155,410-857-0888,ctcride@corridortransit.com,https://www.corridortransit.com,39.575172,-76.995917,https://www.corridortransit.com/contact
Baltimore City Health Department FQHC Programs,Healthcare,MD,Baltimore,1001 E Fayette St,410-396-4398,bchd@baltimorecity.gov,https://health.baltimorecity.gov,39.291402,-76.603637,https://health.baltimorecity.gov/contact
Maryland Community Health Initiative,Healthcare,MD,Owings Mills,9809 Reisterstown Rd,410-785-7830,info@mchimd.org,https://www.mchimd.org,39.408593,-76.764578,https://www.mchimd.org/contact
Chase Brexton Health Care — FQHC Baltimore,Healthcare,MD,Baltimore,1111 N Charles St,410-837-2050,info@chasebrexton.org,https://chasebrexton.org,39.302563,-76.615916,https://chasebrexton.org/contact
Luminis Health — AAMC Community Health,Healthcare,MD,Annapolis,2001 Medical Pkwy,443-481-1000,community@aahs.org,https://www.luminishealth.org,38.990332,-76.534787,https://www.luminishealth.org/contact
Eastern Shore Rural Health System — FQHC MD,Healthcare,MD,Onancock,20477 Market St,757-302-2009,info@ersrhs.org,https://www.esrhs.org,37.700003,-75.721229,https://www.esrhs.org/contact
Maryland Department of Labor — American Job Centers,Education-Employment,MD,Baltimore,1100 N Eutaw St,410-767-2357,mdlabor@maryland.gov,https://www.dllr.state.md.us,39.302193,-76.624231,https://www.dllr.state.md.us/contact
Goodwill Industries of Chesapeake,Education-Employment,MD,Baltimore,3319 Benson Ave,410-646-9200,info@goodwillches.org,https://www.goodwillches.org,39.269178,-76.669099,https://www.goodwillches.org/contact
Employ Prince George's — Workforce Dev MD,Education-Employment,MD,Largo,9200 Basil Court Ste 500,301-618-8400,info@employpg.org,https://employpg.org,38.914946,-76.846613,https://employpg.org/contact
Baltimore Workforce Funders Collaborative,Education-Employment,MD,Baltimore,2 Hopkins Plaza,410-347-7300,info@bcfoundation.org,https://bcfoundation.org,39.289419,-76.61639,https://bcfoundation.org/contact
Women Empowered — Job Training Baltimore MD,Education-Employment,MD,Baltimore,800 N Charles St Ste 400,410-539-5511,info@wewomenempowered.org,https://wewomenempowered.org,39.299142,-76.615859,https://wewomenempowered.org/contact
Greater Boston Food Bank,Food,MA,Boston,70 South Bay Ave,617-427-5200,info@gbfb.org,https://www.gbfb.org,42.333719,-71.065233,https://www.gbfb.org/contact
Worcester County Food Bank,Food,MA,Shrewsbury,474 Boston Tpke Ste 15,508-842-3663,info@worcestercountyfoodbank.org,https://www.worcestercountyfoodbank.org,42.27618,-71.727525,https://www.worcestercountyfoodbank.org/contact
Merrimack Valley Food Bank,Food,MA,Lowell,663 Merrimack St,978-454-3700,info@mvfb.org,https://www.mvfb.org,42.648173,-71.318648,https://www.mvfb.org/contact
Cape Cod Hunger Network,Food,MA,Yarmouth Port,P.O. Box 576,508-394-3663,info@capecodhungernetwork.org,https://www.capecodhungernetwork.org,41.708228,-70.221686,https://www.capecodhungernetwork.org/contact
Springfield Partners for Community Action — Food,Food,MA,Springfield,1414 State St,413-263-6500,info@springfieldpartners.org,https://www.springfieldpartners.org,42.120164,-72.545878,https://www.springfieldpartners.org/contact
Massachusetts Housing Finance Agency (MassHousing),Housing,MA,Boston,One Beacon St,617-854-1000,info@masshousing.com,https://www.masshousing.com,42.358166,-71.060408,https://www.masshousing.com/en/contact
Boston Housing Authority,Housing,MA,Boston,52 Chauncy St,617-988-4000,info@bostonhousing.org,https://www.bostonhousing.org,42.353726,-71.059974,https://www.bostonhousing.org/contact
Springfield Housing Authority,Housing,MA,Springfield,25 Saab Court,413-785-4500,sha@sha.springfield.ma.us,https://www.sha.springfield.ma.us,42.11144,-72.592456,https://www.sha.springfield.ma.us/contact
Home City Development — CHDO Springfield,Housing,MA,Springfield,101 Wilbraham Rd,413-736-6680,info@homecity.org,https://www.homecity.org,42.111718,-72.559593,https://www.homecity.org/contact
Fenway Community Development Corp — Boston,Housing,MA,Boston,70 Burbank St,617-267-4637,info@fenwaycdc.org,https://www.fenwaycdc.org,42.344487,-71.089291,https://www.fenwaycdc.org/contact
MBTA — Massachusetts Bay Transportation Authority,Transportation,MA,Boston,10 Park Plaza Ste 3910,617-222-3200,customerprofile@mbta.com,https://www.mbta.com,42.351634,-71.068371,https://www.mbta.com/contact
WRTA — Worcester Regional Transit Authority,Transportation,MA,Worcester,60 Foster St,508-791-9782,wrta@therta.com,https://www.therta.com,42.264884,-71.801166,https://www.therta.com/contact
Pioneer Valley Transit Authority (PVTA) — Springfield,Transportation,MA,Springfield,2808 Main St,413-781-7882,pvtainfo@pvta.com,https://www.pvta.com,42.116652,-72.606968,https://www.pvta.com/contact
Cape Ann Transportation Authority (CATA),Transportation,MA,Gloucester,3 Duncan St,978-283-7916,catarider@capeannrta.org,https://www.capeannrta.org,42.612187,-70.661172,https://www.capeannrta.org/contact
Lowell Regional Transit Authority (LRTA),Transportation,MA,Lowell,100 Adequate Blvd,978-452-6161,info@lrta.com,https://www.lrta.com,,,https://www.lrta.com/contact
Boston Public Health Commission,Healthcare,MA,Boston,1010 Massachusetts Ave,617-534-5395,bphc@boston.gov,https://www.boston.gov/departments/public-health-commission,42.327789,-71.067539,https://www.boston.gov/departments/public-health-commission
Massachusetts League of Community Health Centers,Healthcare,MA,Boston,40 Court St Ste 1200,617-426-2225,info@massleague.org,https://massleague.org,42.359164,-71.059301,https://massleague.org/contact
Codman Square Health Center — Dorchester MA,Healthcare,MA,Dorchester,637 Washington St,617-825-9660,info@codman.org,https://www.codman.org,42.289402,-71.071412,https://www.codman.org/contact
Community Health Center of Cape Cod,Healthcare,MA,Mashpee,3533 State Hwy Rte 28,508-477-7090,info@chcofcapecod.org,https://chcofcapecod.org,,,https://chcofcapecod.org/contact
Lynn Community Health Center — FQHC MA,Healthcare,MA,Lynn,269 Union St,781-581-3900,info@lchcnet.org,https://lchcnet.org,42.465365,-70.943178,https://lchcnet.org/contact
Massachusetts Executive Office of Labor and Workforce Dev,Education-Employment,MA,Boston,1 Ashburton Pl Rm 2112,617-626-7100,eolwd.webmaster@mass.gov,https://www.mass.gov/orgs/executive-office-of-labor-and-workforce-development,42.359258,-71.062782,https://www.mass.gov/contact/eolwd
Goodwill Industries of Northern New England — MA,Education-Employment,MA,Portland,34 Hutcherson Dr,207-774-6323,info@goodwillnne.org,https://www.goodwillnne.org,,,https://www.goodwillnne.org/contact
Year Up Greater Boston,Education-Employment,MA,Boston,1 Lincoln St,617-542-1533,info@yearup.org,https://www.yearup.org,42.353294,-71.057917,https://www.yearup.org/contact
SkillWorks — Boston Workforce Collaborative,Education-Employment,MA,Boston,294 Washington St Ste 730,617-338-1700,info@skill-works.org,https://www.skill-works.org,42.357297,-71.058314,https://www.skill-works.org/contact
Springfield WorkForce Center — MassHire,Education-Employment,MA,Springfield,1350 Main St,413-858-2900,springfield.masshire@detma.org,https://www.mass.gov/masshire,42.102063,-72.589367,https://www.mass.gov/masshire/contact
Forgotten Harvest — Metro Detroit Food Bank,Food,MI,Oak Park,21800 Greenfield Rd,248-547-3663,info@forgottenharvest.org,https://www.forgottenharvest.org,42.453672,-83.200713,https://www.forgottenharvest.org/contact
Food Bank of Eastern Michigan — Flint,Food,MI,Flint,2300 N Dort Hwy,810-239-4441,info@fbem.org,https://www.fbem.org,43.036414,-83.655318,https://www.fbem.org/contact
West Michigan Food Bank — Grand Rapids,Food,MI,Wyoming,864 W River Center Dr NE,616-784-3250,info@feedwm.org,https://www.feedwm.org,,,https://www.feedwm.org/contact
Gleaners Community Food Bank of SE Michigan,Food,MI,Detroit,2131 Beaufait St,313-923-3535,info@gcfb.org,https://www.gcfb.org,42.353708,-83.013492,https://www.gcfb.org/contact
Feeding America West Michigan — Holland,Food,MI,Holland,864 W River Center Dr NE,616-784-3250,info@feedwm.org,https://www.feedwm.org,,,https://www.feedwm.org/contact
Michigan State Housing Development Authority (MSHDA),Housing,MI,Lansing,735 E Michigan Ave,517-373-8370,mshda-info@michigan.gov,https://www.michigan.gov/mshda,42.733636,-84.541785,https://www.michigan.gov/mshda/contact
Detroit Housing Commission,Housing,MI,Detroit,1301 E Jefferson Ave,313-877-8000,info@detroithousingcomm.org,https://www.detroithousingcomm.org,42.333361,-83.034143,https://www.detroithousingcomm.org/contact
Grand Rapids Housing Commission,Housing,MI,Grand Rapids,1420 Fuller Ave SE,616-235-2600,info@grhousing.org,https://www.grhousing.org,42.937607,-85.638593,https://www.grhousing.org/contact
Southwest Economic Solutions — Detroit Housing,Housing,MI,Detroit,6071 W Fort St,313-897-7600,info@sweconomicsolutions.org,https://www.sweconomicsolutions.org,42.307778,-83.100601,https://www.sweconomicsolutions.org/contact
Habitat for Humanity Greater Grand Rapids,Housing,MI,Grand Rapids,425 Scribner Ave NW,616-241-2441,info@habitatgr.org,https://www.habitatgr.org,42.970682,-85.677839,https://www.habitatgr.org/contact
SMART — Suburban Mobility Authority SE Michigan,Transportation,MI,Detroit,535 Griswold St Ste 600,866-962-5515,customerservice@smartbus.org,https://www.smartbus.org,42.329314,-83.04636,https://www.smartbus.org/contact
DDOT — Detroit Dept of Transportation,Transportation,MI,Detroit,1301 E Warren Ave,313-933-1300,ddot@detroitmi.gov,https://detroitmi.gov/ddot,42.361626,-83.052794,https://detroitmi.gov/ddot/contact
The Rapid — Grand Rapids Transit,Transportation,MI,Grand Rapids,250 Cesar E Chavez Ave SW,616-456-7514,customerservice@ridetherapid.org,https://www.ridetherapid.org,42.958444,-85.67326,https://www.ridetherapid.org/contact
Capital Area Transportation Authority (CATA) — Lansing,Transportation,MI,Lansing,5520 Collins Rd,517-394-1000,cata@cata.org,https://www.cata.org,42.702022,-84.498807,https://www.cata.org/contact
Michigan DOT — Specialized Services Transportation,Transportation,MI,Lansing,425 W Ottawa St,517-373-2090,mdot-transit@michigan.gov,https://www.michigan.gov/mdot/transit,42.734635,-84.557378,https://www.michigan.gov/mdot/transit/contact
Wayne County Health Authority — Detroit FQHC,Healthcare,MI,Detroit,3031 W Grand Blvd Ste 500,313-876-4800,info@waynecounty.com,https://waynecounty.com/health,42.369475,-83.075916,https://waynecounty.com/health/contact
Michigan Primary Care Association,Healthcare,MI,Lansing,3883 Okemos Rd Ste B2,517-381-8000,info@mpca.net,https://mpca.net,,,https://mpca.net/contact
Cherry Health — Grand Rapids FQHC,Healthcare,MI,Grand Rapids,100 Michigan St NE,616-965-8490,info@cherryhealth.org,https://www.cherryhealth.org,42.970454,-85.66646,https://www.cherryhealth.org/contact
Covenant Community Care — Detroit,Healthcare,MI,Detroit,6031 Trumbull St,313-371-1450,info@covenantcommunitycare.org,https://www.covenantcommunitycare.org,42.361425,-83.08382,https://www.covenantcommunitycare.org/contact
Northern Michigan Community Health Center — Traverse City,Healthcare,MI,Traverse City,550 Munson Ave,231-935-6720,info@nmchealth.org,https://nmchealth.org,44.757862,-85.577839,https://nmchealth.org/contact
Michigan Works! — Statewide Employment Service,Education-Employment,MI,Lansing,300 N Washington Sq,517-241-4000,michiganworks@michigan.gov,https://www.michiganworks.org,42.736045,-84.552212,https://www.michiganworks.org/contact
Goodwill Industries of Greater Detroit,Education-Employment,MI,Detroit,4925 Grandy St,313-964-3900,info@goodwilldetroit.org,https://www.goodwilldetroit.org,42.366009,-83.03856,https://www.goodwilldetroit.org/contact
Southwest Solutions — Detroit Workforce,Education-Employment,MI,Detroit,6071 W Fort St,313-297-0011,info@swsol.org,https://www.swsol.org,42.307778,-83.100601,https://www.swsol.org/contact
Detroit Employment Solutions Corp (DESC),Education-Employment,MI,Detroit,440 E Congress St 5th Fl,313-456-3200,info@descmiworks.com,https://www.descmiworks.com,42.332008,-83.041465,https://www.descmiworks.com/contact
Urban League of West Michigan,Education-Employment,MI,Grand Rapids,745 Eastern Ave SE,616-245-2207,info@ulwestmi.org,https://www.ulwestmi.org,42.949026,-85.649332,https://www.ulwestmi.org/contact
Second Harvest Heartland — Minneapolis-St. Paul,Food,MN,Brooklyn Park,7101 Winnetka Ave N,651-484-5117,info@2harvest.org,https://www.2harvest.org,45.083047,-93.381599,https://www.2harvest.org/contact
Duluth Superior Area Community Foundation Food,Food,MN,Duluth,222 E Superior St Ste 302,218-726-0232,info@dsacommunityfoundation.org,https://dsacommunityfoundation.org,46.789045,-92.095344,https://dsacommunityfoundation.org/contact
Channel One Regional Food Bank — Rochester,Food,MN,Rochester,2228 2nd St SW,507-285-5070,info@channel-one.org,https://channel-one.org,44.021607,-92.497978,https://channel-one.org/contact
Greater Minnesota Food Bank — St. Cloud,Food,MN,St. Cloud,1900 US Hwy 52 N,320-252-3559,info@foodbankstcloud.org,https://www.foodbankstcloud.org,,,https://www.foodbankstcloud.org/contact
Keystone Community Services Food Shelf — St. Paul,Food,MN,St. Paul,1380 Corcoran Ave,651-646-7127,info@keystoneservices.org,https://www.keystoneservices.org,,,https://www.keystoneservices.org/contact
Minnesota Housing Finance Agency (MHFA),Housing,MN,St. Paul,400 Sibley St Ste 300,651-296-7608,info@mnhousing.gov,https://www.mnhousing.gov,44.949591,-93.088883,https://www.mnhousing.gov/contact
Minneapolis Public Housing Authority (MPHA),Housing,MN,Minneapolis,1001 Washington Ave N,612-342-1400,mpha@mplspha.org,https://www.mplspha.org,44.990323,-93.2807,https://www.mplspha.org/contact
CommonBond Communities — MN Affordable Housing,Housing,MN,St. Paul,328 Kellogg Blvd W Ste 400,651-291-1750,info@commonbond.org,https://www.commonbond.org,44.943938,-93.101631,https://www.commonbond.org/contact
Simpson Housing Solutions — Minneapolis,Housing,MN,Minneapolis,2740 1st Ave S,612-874-8511,info@simpsonhousing.org,https://www.simpsonhousing.org,44.952991,-93.276713,https://www.simpsonhousing.org/contact
Catholic Charities — Twin Cities Housing,Housing,MN,St. Paul,165 E Kellogg Blvd,651-228-3600,info@cctwincities.org,https://www.cctwincities.org,44.945551,-93.089692,https://www.cctwincities.org/contact
Metro Transit — Twin Cities,Transportation,MN,Minneapolis,560 6th Ave N,612-373-3333,feedback@metrotransit.org,https://www.metrotransit.org,44.984369,-93.279553,https://www.metrotransit.org/contact
Rochester Public Transit,Transportation,MN,Rochester,211 4th St SE,507-328-2900,transit@rochestermn.gov,https://www.rochestermn.gov/transit,44.019346,-92.459681,https://www.rochestermn.gov/transit/contact
Duluth Transit Authority,Transportation,MN,Duluth,2402 W Michigan St,218-722-7283,dta@duluthtransit.com,https://www.duluthtransit.com,46.763587,-92.12743,https://www.duluthtransit.com/contact
Minnesota DOT — Greater Minnesota Transit,Transportation,MN,St. Paul,395 John Ireland Blvd,651-296-3000,mndot.transit@state.mn.us,https://www.dot.state.mn.us/transit,44.949081,-93.107462,https://www.dot.state.mn.us/transit/contact
St. Cloud Metro Bus,Transportation,MN,St. Cloud,665 Franklin Ave NE,320-252-7433,metrobus@stcloud.org,https://www.ridemetrobus.com,45.576029,-94.14804,https://www.ridemetrobus.com/contact
Hennepin Healthcare — FQHC Minneapolis,Healthcare,MN,Minneapolis,730 S 8th St,612-873-3000,info@hennepinhealthcare.org,https://www.hennepinhealthcare.org,44.971765,-93.263012,https://www.hennepinhealthcare.org/contact
Minnesota Community Care — FQHC St. Paul,Healthcare,MN,St. Paul,1020 Arcade St,651-772-5500,info@communitycare.org,https://communitycare.org,44.97192,-93.065882,https://communitycare.org/contact
Comunidades Latinas Unidas en Servicio (CLUES) Health,Healthcare,MN,St. Paul,797 E 7th St,651-379-4200,info@clues.org,https://www.clues.org,44.960963,-93.067991,https://www.clues.org/contact
North Memorial Health — Community Clinics MN,Healthcare,MN,Robbinsdale,3300 Oakdale Ave N,763-520-5200,info@northmemorial.com,https://www.northmemorial.com,45.01449,-93.321911,https://www.northmemorial.com/contact
Essentia Health — Duluth Community Clinic,Healthcare,MN,Duluth,502 E 2nd St,218-786-8376,info@essentiahealth.org,https://www.essentiahealth.org,46.79299,-92.094162,https://www.essentiahealth.org/contact
Minnesota DEED — Workforce Development,Education-Employment,MN,St. Paul,1st National Bank Bldg 332 Minnesota St,651-259-7114,deed.customerservice@state.mn.us,https://www.deed.state.mn.us,,,https://www.deed.state.mn.us/contact
Goodwill-Easter Seals Minnesota,Education-Employment,MN,St. Paul,553 Fairview Ave N,651-379-5800,info@goodwilleasterseals.org,https://goodwilleasterseals.org,44.958002,-93.177278,https://goodwilleasterseals.org/contact
Workforce Solutions — Twin Cities Metro WIB,Education-Employment,MN,St. Paul,W 7th Place 340 Wabasha St N,651-645-7271,info@abettermnworkforce.org,https://www.abettermnworkforce.org,44.945226,-93.093917,https://www.abettermnworkforce.org/contact
Resource Connections — Duluth MN Job Training,Education-Employment,MN,Duluth,222 E Superior St,218-723-5660,info@resourceconnectionsmn.org,https://www.resourceconnectionsmn.org,46.789045,-92.095344,https://www.resourceconnectionsmn.org/contact
Urban Homeworks — Minneapolis Community Dev,Education-Employment,MN,Minneapolis,1635 Dupont Ave N,612-374-3040,info@urbanhomeworks.org,https://www.urbanhomeworks.org,44.995635,-93.292666,https://www.urbanhomeworks.org/contact
Mississippi Food Network — Jackson,Food,MS,Jackson,939 Vance Blvd,601-353-7363,info@msfoodnet.org,https://www.msfoodnet.org,,,https://www.msfoodnet.org/contact
Coast Area Community Action Agency — Food Pantry,Food,MS,Gulfport,11975 Old Hwy 49,228-868-2000,cacaa@cacaa.org,https://www.cacaa.org,30.456745,-89.10412,https://www.cacaa.org/contact
Society of St. Andrew — MS Gleaning,Food,MS,Jackson,3865 I-55 N Frontage Rd,601-372-0999,info@endhunger.org,https://endhunger.org,32.340963,-90.158788,https://endhunger.org/contact
Palmer Home Communities — MS Food Ministry,Food,MS,Columbus,P.O. Box 746,662-328-5683,palmerhome@palmerhome.org,https://www.palmerhome.org,33.495674,-88.427263,https://www.palmerhome.org/contact
Catholic Charities of Mississippi — Food,Food,MS,Natchez,107 Jefferson Davis Blvd,601-446-6890,info@mscccs.org,https://www.mscccs.org,,,https://www.mscccs.org/contact
Mississippi Home Corporation (MHC),Housing,MS,Jackson,735 Riverside Dr,601-718-4636,info@mshomecorp.com,https://www.mshomecorp.com,32.323533,-90.176349,https://www.mshomecorp.com/contact
Jackson Housing Authority,Housing,MS,Jackson,300 W Woodrow Wilson Ave Ste 100,601-965-0450,info@jacksonha.com,https://www.jacksonha.com,32.326854,-90.194287,https://www.jacksonha.com/contact
Gulf Coast Housing Partnership,Housing,MS,New Orleans,P.O. Box 231,985-807-2665,info@gchp.net,https://gchp.net,29.956142,-90.073393,https://gchp.net/contact
Open Doors Hattiesburg — MS Transitional Housing,Housing,MS,Hattiesburg,1401 W Pine St,601-264-7779,info@opendoorshattiesburg.org,https://opendoorshattiesburg.org,31.313285,-89.305861,https://opendoorshattiesburg.org/contact
Habitat for Humanity of Mississippi,Housing,MS,Jackson,P.O. Box 24061,601-948-6600,info@habitatms.org,https://www.habitatms.org,,,https://www.habitatms.org/contact
JATRAN — Jackson Transit,Transportation,MS,Jackson,1025 Terry Rd,601-948-3840,jatran@jacksonms.gov,https://www.jacksonms.gov/jatran,32.29246,-90.201102,https://www.jacksonms.gov/jatran/contact
Coast Transit Authority (CTA) — Gulfport MS,Transportation,MS,Gulfport,19350 Stone Dr,228-896-8080,cta@coasttransit.com,https://www.coasttransit.com,,,https://www.coasttransit.com/contact
Mississippi DOT — Public Transit Programs,Transportation,MS,Jackson,401 N West St,601-359-7001,transit@mdot.ms.gov,https://www.mdot.ms.gov/transit,32.303678,-90.183454,https://www.mdot.ms.gov/transit
North Mississippi Rural Transportation,Transportation,MS,Tupelo,P.O. Box 1870,662-844-1832,nmrt@nmrt.org,https://www.nmrt.org,,,https://www.nmrt.org/contact
East Mississippi Electric Power Association Transport,Transportation,MS,Meridian,P.O. Box 5399,601-483-5491,transport@emepa.org,https://www.emepa.org,,,https://www.emepa.org/transport
Mississippi Primary Health Care Association,Healthcare,MS,Jackson,5375 Executive Pl Ste 1,601-981-3222,info@mphca.com,https://www.mphca.com,32.371609,-90.15153,https://www.mphca.com/contact
North Sunflower Medical Center — FQHC Ruleville,Healthcare,MS,Ruleville,840 N Oak Ave,662-756-2711,info@northsunflowermedcenter.org,https://www.northsunflowermedcenter.org,33.733805,-90.546728,https://www.northsunflowermedcenter.org/contact
Federally Qualified Health Center — Aaron Henry Community,Healthcare,MS,Clarksdale,2459 State St,662-627-6382,info@ahchs.org,https://www.ahchs.org,34.19672,-90.556928,https://www.ahchs.org/contact
Rural Health Alliance of Mississippi,Healthcare,MS,Jackson,P.O. Box 4050,601-352-4820,info@mrhalliance.org,https://mrhalliance.org,,,https://mrhalliance.org/contact
Pine Belt Mental Healthcare — FQHC Hattiesburg,Healthcare,MS,Hattiesburg,4 Medical Park Dr,601-544-4641,info@pinebeltmhr.com,https://www.pinebeltmhr.com,31.318414,-89.331398,https://www.pinebeltmhr.com/contact
Mississippi Dept of Employment Security (MDES),Education-Employment,MS,Jackson,1235 Echelon Pkwy,601-321-6000,mdes@mdes.ms.gov,https://mdes.ms.gov,32.396697,-90.184091,https://mdes.ms.gov/contact
Goodwill Industries of Mississippi,Education-Employment,MS,Jackson,2600 McDowell Rd,601-969-5666,info@goodwillms.org,https://www.goodwillms.org,32.268838,-90.253724,https://www.goodwillms.org/contact
Community Action Agency of Southern Mississippi,Education-Employment,MS,Purvis,307 N Main Ave,601-794-8522,info@caasm.net,https://www.caasm.net,31.1448,-89.412321,https://www.caasm.net/contact
Mississippi Band of Choctaw Indians — Workforce,Education-Employment,MS,Choctaw,16 Industrial Park Rd,601-650-1400,info@choctaw.org,https://www.choctaw.org,,,https://www.choctaw.org/workforce
Alcorn State University Small Business Dev Center,Education-Employment,MS,Lorman,1000 ASU Dr,601-877-2637,sbdc@alcorn.edu,https://www.alcorn.edu/sbdc,31.875737,-91.144123,https://www.alcorn.edu/sbdc/contact
Harvesters Community Food Network — Kansas City MO,Food,MO,Kansas City,3801 Topping Ave,816-929-3000,info@harvesters.org,https://www.harvesters.org,39.056189,-94.516545,https://www.harvesters.org/contact
St. Louis Area Foodbank,Food,MO,Bridgeton,70 Corporate Woods Dr,314-292-6262,info@stlfoodbank.org,https://www.stlfoodbank.org,38.783727,-90.461639,https://www.stlfoodbank.org/contact
Ozarks Food Harvest — Springfield MO,Food,MO,Springfield,2810 N Cedarbrook Ave,417-865-3411,info@ozarksfoodharvest.org,https://www.ozarksfoodharvest.org,37.244664,-93.236723,https://www.ozarksfoodharvest.org/contact
Food Bank for Central and Northeast Missouri,Food,MO,Columbia,2101 W Worley St,573-474-1020,info@sharefoodbankmo.org,https://www.sharefoodbankmo.org,38.961228,-92.371346,https://www.sharefoodbankmo.org/contact
Southeast Missouri Food Bank,Food,MO,Sikeston,P.O. Box 974,573-471-1818,info@semofoodbank.org,https://www.semofoodbank.org,36.876719,-89.587858,https://www.semofoodbank.org/contact
Missouri Housing Development Commission (MHDC),Housing,MO,Kansas City,920 Main St Ste 1400,816-759-6600,info@mhdc.com,https://www.mhdc.com,39.103269,-94.583159,https://www.mhdc.com/contact
Housing Authority of Kansas City Missouri,Housing,MO,Kansas City,920 Main St,816-968-4100,hakc@hakc.org,https://www.hakc.org,39.103269,-94.583159,https://www.hakc.org/contact
St. Louis Housing Authority,Housing,MO,St. Louis,3520 Page Blvd,314-551-8000,info@slha.org,https://www.slha.org,38.64565,-90.22693,https://www.slha.org/contact
Community Development Corporation of Kansas City,Housing,MO,Kansas City,1812 Vine St,816-221-2300,info@cdckc.org,https://www.cdckc.org,39.091019,-94.563442,https://www.cdckc.org/contact
Habitat for Humanity Kansas City,Housing,MO,Kansas City,2101 E 27th St,816-924-1096,info@habitatkc.org,https://www.habitatkc.org,39.077231,-94.55817,https://www.habitatkc.org/contact
Kansas City Area Transit Authority (KC Metro),Transportation,MO,Kansas City,1350 E 17th St,816-221-0660,customerservice@kcata.org,https://www.kcata.org,39.09284,-94.56619,https://www.kcata.org/contact
Metro Transit St. Louis — Bi-State Development,Transportation,MO,St. Louis,One Metropolitan Square Ste 1600,314-982-1400,customerservice@metrostlouis.org,https://www.metrostlouis.org,38.627558,-90.189822,https://www.metrostlouis.org/contact
Springfield City Utilities Transit — CU,Transportation,MO,Springfield,301 E Central St,417-863-9050,cutransit@cityutilities.net,https://www.cityutilities.net/transit,37.217433,-93.290917,https://www.cityutilities.net/transit/contact
Missouri DOT — Public Transit Programs,Transportation,MO,Jefferson City,105 W Capitol Ave,573-751-2551,modot.transit@modot.mo.gov,https://www.modot.org/transit,38.578002,-92.171369,https://www.modot.org/transit/contact
Columbia Transit — COMO,Transportation,MO,Columbia,707 N College Ave,573-874-7282,transit@como.gov,https://www.como.gov/transit,38.958524,-92.321429,https://www.como.gov/transit/contact
St. Louis County Department of Public Health FQHC,Healthcare,MO,Bellefontaine Neighbors,6121 N Hanley Rd,314-615-0600,info@stlouisco.com,https://www.stlouisco.com/health,,,https://www.stlouisco.com/health/contact
Missouri Primary Care Association,Healthcare,MO,Jefferson City,3325 American Ave,573-636-4222,info@mopca.com,https://mopca.com,38.578085,-92.244957,https://mopca.com/contact
Samuel U. Rodgers Community Health Center — KC MO,Healthcare,MO,Kansas City,825 Euclid Ave,816-474-4920,info@samuelrodgers.org,https://www.samuelrodgers.org,39.103476,-94.558143,https://www.samuelrodgers.org/contact
Affinia Healthcare — St. Louis FQHC,Healthcare,MO,St. Louis,1717 Biddle St,314-814-8500,info@affiniahealthcare.org,https://www.affiniahealthcare.org,38.638724,-90.201132,https://www.affiniahealthcare.org/contact
Ozarks Healthcare Community Clinic,Healthcare,MO,West Plains,1100 Kentucky Ave,417-256-9111,info@ozarkshealthcare.com,https://www.ozarkshealthcare.com,36.737131,-91.875547,https://www.ozarkshealthcare.com/contact
Missouri Division of Workforce Development,Education-Employment,MO,Jefferson City,421 E Dunklin St,573-751-3349,mowd@labor.mo.gov,https://jobs.mo.gov,38.570007,-92.172913,https://jobs.mo.gov/contact
Goodwill Industries of Western Missouri and Eastern Kansas,Education-Employment,MO,Kansas City,1817 Oak Tower Dr,816-756-6390,info@goodwillmo-ks.org,https://goodwillmo-ks.org,,,https://goodwillmo-ks.org/contact
Full Employment Council — Kansas City MO,Education-Employment,MO,Kansas City,1740 Paseo Blvd,816-471-2330,info@feckc.org,https://www.feckc.org,39.092522,-94.564746,https://www.feckc.org/contact
Urban League of Metropolitan St. Louis,Education-Employment,MO,St. Louis,3701 Grandel Square,314-615-3600,info@ulstl.com,https://www.ulstl.com,38.641103,-90.232577,https://www.ulstl.com/contact
Community Opportunities — Columbia MO Job Training,Education-Employment,MO,Columbia,3406 I-70 Dr SE,573-874-1995,info@communityopportunities.org,https://www.communityopportunities.org,38.961234,-92.286987,https://www.communityopportunities.org/contact
Montana Food Bank Network — Missoula,Food,MT,Missoula,1916 Brooks St,406-721-3825,info@mtfoodbank.org,https://www.mtfoodbank.org,46.853121,-114.011445,https://www.mtfoodbank.org/contact
Billings Community Food Bank,Food,MT,Billings,P.O. Box 20614,406-252-0860,info@billingsfoodbank.org,https://www.billingsfoodbank.org,,,https://www.billingsfoodbank.org/contact
Great Falls Food Bank,Food,MT,Great Falls,P.O. Box 2283,406-453-4200,info@greatfallsfoodbank.org,https://www.greatfallsfoodbank.org,,,https://www.greatfallsfoodbank.org/contact
Helena Food Share,Food,MT,Helena,P.O. Box 4735,406-443-3663,info@helenafoodshare.org,https://helenafoodshare.org,,,https://helenafoodshare.org/contact
Flathead Valley Food Bank — Kalispell MT,Food,MT,Kalispell,P.O. Box 7783,406-752-2663,info@flatheadvalleyfoodbank.org,https://flatheadvalleyfoodbank.org,,,https://flatheadvalleyfoodbank.org/contact
Montana Board of Housing,Housing,MT,Helena,301 S Park Ave Ste 240,406-841-2840,mboh@mt.gov,https://housing.mt.gov,46.585797,-112.041734,https://housing.mt.gov/contact
Billings Housing Authority,Housing,MT,Billings,2415 Stockman Lane,406-245-6933,bha@billingshousing.org,https://www.billingshousing.org,,,https://www.billingshousing.org/contact
Missoula Housing Authority,Housing,MT,Missoula,1235 34th St,406-549-4113,info@missoulahousing.org,https://www.missoulahousing.org,46.837468,-114.015628,https://www.missoulahousing.org/contact
NeighborWorks Montana — Great Falls,Housing,MT,Great Falls,P.O. Box 2566,406-604-4540,info@nwmt.org,https://www.nwmt.org,,,https://www.nwmt.org/contact
Human Resource Development Council — Bozeman MT,Housing,MT,Bozeman,32 S Tracy Ave,406-587-4486,info@hrdc9.org,https://www.hrdc9.org,45.678605,-111.037167,https://www.hrdc9.org/contact
Mountain Line — Missoula Urban Transportation District,Transportation,MT,Missoula,1221 Shakespeare St,406-543-8386,info@mountainline.com,https://www.mountainline.com,46.883183,-114.009379,https://www.mountainline.com/contact
MET Transit — Billings,Transportation,MT,Billings,2415 Stockman Lane,406-657-8218,mettransit@billingsmt.gov,https://www.billingsmt.gov/mettransit,,,https://www.billingsmt.gov/mettransit/contact
Cascade County Transportation — Great Falls MT,Transportation,MT,Great Falls,P.O. Box 2844,406-761-4000,transport@greatfallsmt.net,https://www.greatfallsmt.net/transit,,,https://www.greatfallsmt.net/transit/contact
Montana DOT — Public Transportation Programs,Transportation,MT,Helena,2701 Prospect Ave,406-444-7696,mtdot.transit@mt.gov,https://www.mdt.mt.gov/transit,46.591145,-111.992033,https://www.mdt.mt.gov/transit/contact
Blackfeet Community Transit — Browning MT,Transportation,MT,Browning,P.O. Box 850,406-338-7276,info@blackfeetnation.com,https://www.blackfeetnation.com,48.557743,-113.017258,https://www.blackfeetnation.com/transit
Missoula County Public Health — Community Clinics,Healthcare,MT,Missoula,301 W Alder St,406-258-4720,health@missoulacounty.us,https://www.missoulacounty.us/health,46.875871,-113.995214,https://www.missoulacounty.us/health/contact
Montana Primary Care Association,Healthcare,MT,Helena,P.O. Box 505,406-442-2750,info@mtpca.org,https://www.mtpca.org,46.592742,-112.036277,https://www.mtpca.org/contact
Billings Clinic Community Health — FQHC,Healthcare,MT,Billings,2800 10th Ave N,406-657-4000,community@billingsclinic.org,https://www.billingsclinic.com,45.790428,-108.514049,https://www.billingsclinic.com/contact
Flathead Community Health Center — Kalispell,Healthcare,MT,Kalispell,P.O. Box 1399,406-751-4700,info@fchmt.org,https://www.fchmt.org,,,https://www.fchmt.org/contact
Indian Health Board of Billings — FQHC MT,Healthcare,MT,Billings,PO Box 20069,406-245-5352,info@ihb-billings.org,https://www.ihb-billings.org,,,https://www.ihb-billings.org/contact
Montana Dept of Labor and Industry — Job Service,Education-Employment,MT,Helena,P.O. Box 1728,406-444-2840,dli@mt.gov,https://dli.mt.gov,,,https://dli.mt.gov/contact
Goodwill Industries of Montana,Education-Employment,MT,Billings,P.O. Box 80967,406-657-4333,info@goodwillmt.org,https://www.goodwillmt.org,,,https://www.goodwillmt.org/contact
Rocky Boy Community Development Corp — MT,Education-Employment,MT,Box Elder,P.O. Box 909,406-395-4478,info@rockyboyhealth.org,https://www.rockyboyhealth.org,48.301355,-109.994227,https://www.rockyboyhealth.org/workforce
Vocational Rehabilitation — Montana,Education-Employment,MT,Helena,P.O. Box 4210,406-444-2590,dphhs-dvrcontactus@mt.gov,https://dphhs.mt.gov/dvr,,,https://dphhs.mt.gov/dvr/contact
Big Sky Economic Development Authority,Education-Employment,MT,Billings,222 N 32nd St Ste 200,406-256-6871,info@bigskyeda.org,https://www.bigskyeda.org,45.780784,-108.511788,https://www.bigskyeda.org/contact
Food Bank of Lincoln,Food,NE,Lincoln,4840 Doris Bair Circle,402-466-8170,info@lincolnfoodbank.org,https://lincolnfoodbank.org,40.861959,-96.652979,https://lincolnfoodbank.org/contact
Food Bank for the Heartland — Omaha,Food,NE,Omaha,10525 J St,402-331-1213,info@foodbankheartland.org,https://foodbankheartland.org,41.214159,-96.077054,https://foodbankheartland.org/contact
Mid-Nebraska Community Services — Grand Island,Food,NE,Grand Island,P.O. Box 129,308-389-3200,info@midnebcommunity.org,https://midnebcommunity.org,40.924271,-98.338685,https://midnebcommunity.org/contact
Salvation Army — Fremont NE Food Pantry,Food,NE,Fremont,445 E 6th St,402-727-5541,fremont.ne@usc.salvationarmy.org,https://centralusa.salvationarmy.org/fremont,41.434485,-96.492947,https://centralusa.salvationarmy.org/fremont/contact
Platte Valley Community Center — Norfolk NE,Food,NE,Norfolk,P.O. Box 1665,402-371-7900,pvcc@pvcc.net,https://www.pvcc.net,,,https://www.pvcc.net/contact
Nebraska Investment Finance Authority (NIFA),Housing,NE,Lincoln,1230 O St Ste 200,402-434-3900,nifa@nifa.org,https://www.nifa.org,40.813709,-96.703565,https://www.nifa.org/contact
Omaha Housing Authority,Housing,NE,Omaha,540 S 27th St,402-444-4000,oha@omahahousing.org,https://omahahousing.org,41.255198,-95.951911,https://omahahousing.org/contact
Lincoln Housing Authority,Housing,NE,Lincoln,5700 S 16th St,402-434-5500,info@lincolnha.org,https://www.lincolnha.org,40.784126,-96.699206,https://www.lincolnha.org/contact
Community Action Partnership of Western NE,Housing,NE,Gering,4318 Dick Wilson Dr,308-635-3089,info@capwn.org,https://capwn.org,,,https://capwn.org/contact
Heartland Housing Initiative — Omaha NE,Housing,NE,Omaha,2120 S 72nd St Ste 840,402-342-7363,info@hearlandhousingomaha.org,https://heartlandhousingomaha.org,41.247117,-96.024016,https://heartlandhousingomaha.org/contact
Metro Area Transit (MAT) — Omaha,Transportation,NE,Omaha,2222 Cuming St,402-341-0800,customerservice@ometro.com,https://www.ometro.com,41.268031,-95.945251,https://www.ometro.com/contact
StarTran — Lincoln City Transit,Transportation,NE,Lincoln,710 J St,402-476-1234,startran@lincoln.ne.gov,https://lincoln.ne.gov/startran,40.808147,-96.711268,https://lincoln.ne.gov/startran/contact
Nebraska DOT — Public Transit Program,Transportation,NE,Lincoln,1500 Nebraska Hwy 2,402-479-4512,transit@nebraska.gov,https://dot.nebraska.gov/travel/transit,40.770961,-96.698691,https://dot.nebraska.gov/travel/transit/contact
Grand Island Metropolitan Planning Transit,Transportation,NE,Grand Island,100 E 1st St,308-385-5455,transit@grand-island.com,https://www.grand-island.com/transit,40.924169,-98.338708,https://www.grand-island.com/transit/contact
Panhandle Community Services Transit — Scottsbluff,Transportation,NE,Gering,4318 Dick Wilson Dr,308-635-3089,transit@capwn.org,https://capwn.org/transit,,,https://capwn.org/transit/contact
Charles Drew Health Center — Omaha FQHC,Healthcare,NE,Omaha,2915 Grant St,402-451-3553,info@charlesdrewhs.org,https://www.charlesdrewhs.org,41.279955,-95.955331,https://www.charlesdrewhs.org/contact
Community Health Center of Southeastern NE,Healthcare,NE,Lincoln,3200 O St Ste 1,402-420-3393,info@commonhealthne.org,https://commonhealthne.org,40.813592,-96.674555,https://commonhealthne.org/contact
Nebraska Primary Care Association,Healthcare,NE,Lincoln,1200 Libra Dr Ste 100,402-742-0940,info@nepca.org,https://www.nepca.org,40.735157,-96.704286,https://www.nepca.org/contact
Heartland Health — St. Joseph MO/NE Border FQHC,Healthcare,NE,St. Joseph,5325 Faraon St,816-271-6000,info@heartlandhealth.com,https://www.heartlandhealth.com,39.770191,-94.771773,https://www.heartlandhealth.com/contact
Norfolk Community Health Center — NE,Healthcare,NE,Norfolk,309 Braasch Ave,402-379-2000,info@norfolkchc.org,https://www.norfolkchc.org,42.034076,-97.403447,https://www.norfolkchc.org/contact
Nebraska Workforce Development — NEworks,Education-Employment,NE,Lincoln,550 S 16th St,402-471-9000,neworks@dol.nebraska.gov,https://neworks.nebraska.gov,40.808606,-96.69815,https://neworks.nebraska.gov/contact
Goodwill Industries Serving Southeast Nebraska,Education-Employment,NE,Lincoln,2525 O St,402-438-2022,info@goodwillse.org,https://www.goodwillse.org,40.81346,-96.684792,https://www.goodwillse.org/contact
Urban League of Nebraska — Omaha,Education-Employment,NE,Omaha,3040 Lake St,402-451-9449,info@ulne.org,https://ulne.org,41.281508,-95.957198,https://ulne.org/contact
Metropolitan Community College Workforce — Omaha,Education-Employment,NE,Omaha,P.O. Box 3777,402-457-2400,workforce@mccneb.edu,https://www.mccneb.edu/workforce,,,https://www.mccneb.edu/workforce/contact
Nebraska Community Action Partnership,Education-Employment,NE,Lincoln,1645 N St Ste 300,402-477-8200,info@necomonaction.org,https://www.necomonaction.org,40.81242,-96.697544,https://www.necomonaction.org/contact
Three Square Food Bank — Las Vegas,Food,NV,Las Vegas,4190 N Pecos Rd,702-765-4030,info@threesquare.org,https://www.threesquare.org,36.236465,-115.098654,https://www.threesquare.org/contact
Food Bank of Northern Nevada — Reno,Food,NV,Sparks,550 Italy Dr,775-331-3663,info@fbnn.org,https://www.fbnn.org,,,https://www.fbnn.org/contact
Catholic Charities of Southern Nevada — Food,Food,NV,Las Vegas,1501 Las Vegas Blvd N,702-385-2662,info@catholiccharities.com,https://www.catholiccharities.com,36.186335,-115.134106,https://www.catholiccharities.com/contact
Carson City Food Bank,Food,NV,Carson City,P.O. Box 2015,775-887-1113,info@carsoncityfoodbank.org,https://www.carsoncityfoodbank.org,,,https://www.carsoncityfoodbank.org/contact
Elko Community Action — Northern NV Food,Food,NV,Elko,P.O. Box 3308,775-738-8888,info@elkocaa.org,https://www.elkocaa.org,,,https://www.elkocaa.org/contact
Nevada Housing Division,Housing,NV,Carson City,1535 Old Hot Springs Rd Ste 50,775-687-2040,nvhousing@housing.nv.gov,https://housing.nv.gov,39.192965,-119.750434,https://housing.nv.gov/contact
Southern Nevada Regional Housing Authority,Housing,NV,Las Vegas,5390 Cambridge St,702-922-6900,info@snvrha.org,https://www.snvrha.org,36.124664,-115.141656,https://www.snvrha.org/contact
Reno Housing Authority,Housing,NV,Reno,1525 E 9th St,775-329-3630,rha@renohousing.org,https://www.renohousing.org,39.53863,-119.793236,https://www.renohousing.org/contact
Nevada HAND — Affordable Housing Las Vegas,Housing,NV,Las Vegas,3820 W Flamingo Rd,702-657-2727,info@nevadahand.org,https://www.nevadahand.org,36.115692,-115.190318,https://www.nevadahand.org/contact
Volunteers in Medicine of Southern Nevada,Housing,NV,Henderson,2400 McDaniel St,702-616-6094,info@vimsnv.org,https://vimsnv.org,,,https://vimsnv.org/contact
RTC Southern Nevada — Las Vegas Transit,Transportation,NV,Las Vegas,600 S Grand Central Pkwy,702-228-7433,info@rtcsnv.com,https://www.rtcsnv.com,36.165511,-115.155279,https://www.rtcsnv.com/contact
RTC Washoe — Reno-Sparks Transit,Transportation,NV,Reno,1155 E 9th St,775-348-0400,rtcwashoe@rtcwashoe.com,https://www.rtcwashoe.com,39.538567,-119.799003,https://www.rtcwashoe.com/contact
Carson City Transit,Transportation,NV,Carson City,201 N Carson St,775-283-7433,cctransit@carson.org,https://www.carson.org/transit,39.164632,-119.766909,https://www.carson.org/transit/contact
Nevada DOT — Rural Public Transportation,Transportation,NV,Carson City,1263 S Stewart St,775-888-7000,transit@dot.nv.gov,https://www.nevadadot.com/transit,39.156593,-119.76451,https://www.nevadadot.com/transit/contact
Battle Born Paratransit — Elko County NV,Transportation,NV,Elko,728 Idaho St,775-738-8888,battleborn@elkocaa.org,https://www.elkocaa.org/transportation,40.834386,-115.760982,https://www.elkocaa.org/transportation/contact
Nevada Health Centers — FQHC Statewide,Healthcare,NV,Carson City,1681 Terminal Way Ste A,775-884-7200,info@nevadahealthcenters.org,https://nevadahealthcenters.org,,,https://nevadahealthcenters.org/contact
Nevada Primary Care Association,Healthcare,NV,Las Vegas,8025 W Sahara Ave Ste 200,702-363-0600,info@nvpca.org,https://nvpca.org,36.143739,-115.265875,https://nvpca.org/contact
Desert Sage Health Centers — Reno FQHC,Healthcare,NV,Reno,4770 Robb Dr,775-329-6300,info@desertsagehealth.com,https://www.desertsagehealth.com,39.541626,-119.889748,https://www.desertsagehealth.com/contact
Volunteers in Medicine of Southern Nevada — Health,Healthcare,NV,Henderson,2400 McDaniel St,702-616-6094,info@vimsnv.org,https://vimsnv.org,,,https://vimsnv.org/contact
Vegas Roots Community Garden Health Programs,Healthcare,NV,Las Vegas,3025 N Decatur Blvd,702-870-7700,info@vegasroots.org,https://www.vegasroots.org,36.21343,-115.207989,https://www.vegasroots.org/contact
Nevada Dept of Employment Training and Rehab (DETR),Education-Employment,NV,Carson City,500 E 3rd St,775-684-3911,detrnvhr@detr.nv.gov,https://detr.nv.gov,39.162638,-119.764045,https://detr.nv.gov/contact
Goodwill of Southern Nevada,Education-Employment,NV,Las Vegas,1884 E Charleston Blvd,702-214-2000,info@goodwillsn.org,https://www.goodwillsn.org,36.158805,-115.1237,https://www.goodwillsn.org/contact
Nevada Workforce Connections — Las Vegas,Education-Employment,NV,Las Vegas,3405 S Maryland Pkwy,702-486-0129,workforce@nvdetr.org,https://nvworkforceconnections.com,36.128264,-115.137057,https://nvworkforceconnections.com/contact
Urban League of Las Vegas — Workforce,Education-Employment,NV,Las Vegas,3575 S Jones Blvd,702-636-3949,info@urbanleaguelasvegas.org,https://urbanleaguelasvegas.org,36.124537,-115.224989,https://urbanleaguelasvegas.org/contact
Community College of Southern Nevada Workforce Dev,Education-Employment,NV,Las Vegas,6375 W Charleston Blvd,702-651-4000,workforce@csn.edu,https://www.csn.edu/workforce,36.159066,-115.229808,https://www.csn.edu/workforce/contact
New Hampshire Food Bank,Food,NH,Manchester,700 E Industrial Park Dr,603-669-9725,info@nhfoodbank.org,https://www.nhfoodbank.org,42.98133,-71.408401,https://www.nhfoodbank.org/contact
Concord Food Pantry,Food,NH,Concord,P.O. Box 2204,603-225-8216,concordfoodpantry@gmail.com,https://www.concordfoodpantry.org,,,https://www.concordfoodpantry.org/contact
Haven — Portsmouth NH Food Programs,Food,NH,Portsmouth,P.O. Box 3015,603-436-4052,info@havennh.org,https://havennh.org,,,https://havennh.org/contact
Community Kitchen of the Upper Valley,Food,NH,White River Junction,P.O. Box 96,802-295-5949,info@communitykitchennh.org,https://www.communitykitchennh.org,43.648835,-72.319363,https://www.communitykitchennh.org/contact
Nashua Soup Kitchen and Shelter — Food,Food,NH,Nashua,4 Quincy St,603-889-0535,info@nsks.org,https://nsks.org,42.760893,-71.46173,https://nsks.org/contact
New Hampshire Housing Finance Authority,Housing,NH,Bedford,32 Constitution Dr,603-472-8623,info@nhhfa.org,https://www.nhhfa.org,42.957259,-71.502251,https://www.nhhfa.org/contact
Manchester Housing and Redevelopment Authority,Housing,NH,Manchester,198 Hanover St,603-624-2100,mhra@manchesternh.gov,https://www.manchesternh.gov/mhra,42.991015,-71.458812,https://www.manchesternh.gov/mhra/contact
Nashua Housing Authority,Housing,NH,Nashua,186 Elm St,603-883-5661,info@nashuahousing.com,https://www.nashuahousing.com,42.752554,-71.463105,https://www.nashuahousing.com/contact
Affordable Residential Communities Trust — NH,Housing,NH,Concord,117 Pleasant St,603-271-2155,info@nhart.org,https://www.nhart.org,43.199875,-71.546617,https://www.nhart.org/contact
Waypoint NH — Youth and Family Housing,Housing,NH,Manchester,2 Whitney Way,603-518-6400,info@waypointnh.org,https://www.waypointnh.org,43.026341,-71.47314,https://www.waypointnh.org/contact
COAST Bus — Seacoast NH Transit,Transportation,NH,Dover,5 Mast Rd,603-743-5777,info@coastbus.org,https://www.coastbus.org,43.168752,-70.872929,https://www.coastbus.org/contact
Manchester Transit Authority (MTA),Transportation,NH,Manchester,110 Elm St,603-623-8801,info@ridegmt.com,https://www.ridegmt.com,42.977618,-71.463063,https://www.ridegmt.com/contact
Nashua Transit System,Transportation,NH,Nashua,9 Spring St,603-880-0100,transit@nashuanh.gov,https://www.nashuanh.gov/transit,42.761059,-71.463724,https://www.nashuanh.gov/transit/contact
New Hampshire DOT — Bureau of Rail and Transit,Transportation,NH,Concord,7 Hazen Dr,603-271-6210,transit@dot.nh.gov,https://www.nh.gov/dot/programs/transit,43.214165,-71.517749,https://www.nh.gov/dot/programs/transit/contact
Rural Transportation NH — Tri-County CAP,Transportation,NH,Berlin,2 Wentworth Ave,603-752-6200,info@tricountycapnh.org,https://www.tricountycapnh.org,44.449505,-71.191835,https://www.tricountycapnh.org/contact
Concord Hospital Community Health Programs,Healthcare,NH,Concord,250 Pleasant St,603-225-2711,communityhealth@crhc.org,https://www.concordhospital.org,43.196057,-71.559752,https://www.concordhospital.org/contact
New Hampshire Community Health Access Network,Healthcare,NH,Concord,47 Industrial Park Dr,603-225-4400,info@nhchan.org,https://nhchan.org,43.211157,-71.484914,https://nhchan.org/contact
Ammonoosuc Community Health Services — FQHC NH,Healthcare,NH,Lisbon,45 School St,603-838-6554,info@ammonoosuchealth.org,https://ammonoosuchealth.org,44.214894,-71.911898,https://ammonoosuchealth.org/contact
Manchester Community Health Center — FQHC,Healthcare,NH,Manchester,145 Hollis St,603-668-8010,info@mchcnh.org,https://mchcnh.org,42.995958,-71.46598,https://mchcnh.org/contact
Weeks Medical Center Community Health — NH,Healthcare,NH,Lancaster,173 Middle St,603-788-4911,info@weeksmedical.org,https://www.weeksmedical.org,44.486775,-71.555173,https://www.weeksmedical.org/contact
New Hampshire Employment Security (NHES),Education-Employment,NH,Concord,45 S Fruit St,603-224-3311,customer.service@nhes.nh.gov,https://www.nhes.nh.gov,43.197289,-71.550201,https://www.nhes.nh.gov/contact
Goodwill Northern New England — NH Division,Education-Employment,NH,Manchester,PO Box 1215,603-669-5162,info@goodwillnne.org,https://www.goodwillnne.org,,,https://www.goodwillnne.org/contact
Southern NH Workforce Investment Board,Education-Employment,NH,Manchester,1161 Elm St Ste 301,603-228-9500,info@snhworkforce.org,https://www.snhworkforce.org,42.994827,-71.463206,https://www.snhworkforce.org/contact
NH Works — Statewide Career Centers,Education-Employment,NH,Concord,64 Old Suncook Rd,603-228-4000,nhworks@nhes.nh.gov,https://www.nhes.nh.gov/nhworks,43.190299,-71.507067,https://www.nhes.nh.gov/nhworks/contact
NH Community Technical College Workforce Dev,Education-Employment,NH,Concord,26 College Dr,603-271-6484,workforce@ccsnh.edu,https://www.ccsnh.edu/workforce,43.22344,-71.527723,https://www.ccsnh.edu/workforce/contact
Community FoodBank of New Jersey,Food,NJ,Hillside,31 Evans Terminal Rd,908-355-3663,info@cfbnj.org,https://www.cfbnj.org,,,https://www.cfbnj.org/contact
Fulfill — Monmouth and Ocean County Food Bank,Food,NJ,Neptune,3300 Route 66,732-918-2600,info@fulfillnj.org,https://www.fulfillnj.org,40.228874,-74.065302,https://www.fulfillnj.org/contact
Food Bank of South Jersey,Food,NJ,Pennsauken,1501 John Tipton Blvd,856-662-4884,info@foodbanksj.org,https://www.foodbanksj.org,39.981578,-75.038894,https://www.foodbanksj.org/contact
Northwest New Jersey Community Action Program — Food,Food,NJ,Phillipsburg,350 Marshall St,908-454-7000,nwnjcap@nwnjcap.org,https://www.nwnjcap.org,40.694417,-75.183566,https://www.nwnjcap.org/contact
Middlesex County Meals on Wheels — NJ,Food,NJ,New Brunswick,75 Bayard St,732-745-3295,mow@middlesexcountynj.gov,https://www.middlesexcountynj.gov/mow,40.494074,-74.446449,https://www.middlesexcountynj.gov/mow/contact
New Jersey Housing and Mortgage Finance Agency,Housing,NJ,Trenton,637 S Clinton Ave,609-278-7400,njhmfa@njhmfa.gov,https://www.njhmfa.gov,40.210961,-74.752751,https://www.njhmfa.gov/contact
Newark Housing Authority,Housing,NJ,Newark,500 Broad St 8th Fl,973-273-6900,info@newarkha.org,https://www.newarkha.org,40.744476,-74.169725,https://www.newarkha.org/contact
Jersey City Housing Authority (JCHA),Housing,NJ,Jersey City,400 US 1 and 9,201-706-4600,info@jcha.us,https://www.jcha.us,40.721568,-74.047455,https://www.jcha.us/contact
Affordable Housing Network of New Jersey,Housing,NJ,Trenton,203 W State St,609-393-3752,info@ahnj.com,https://www.ahnj.com,40.221708,-74.772735,https://www.ahnj.com/contact
Monarch Housing Associates — NJ Homelessness,Housing,NJ,Cranford,29 N Union Ave,908-272-5363,info@monarchhousing.org,https://monarchhousing.org,40.656016,-74.304132,https://monarchhousing.org/contact
NJ Transit Corporation,Transportation,NJ,Newark,1 Penn Plaza E,973-275-5555,customer_service@njtransit.com,https://www.njtransit.com,40.73432,-74.161321,https://www.njtransit.com/contact
TransOptions TDM — NJ,Transportation,NJ,Parsippany,30 Baldwin Rd,973-267-7433,info@transoptions.org,https://www.transoptions.org,40.862125,-74.398937,https://www.transoptions.org/contact
Camden County Connection — NJ Paratransit,Transportation,NJ,Blackwood,227 S Laning St,856-374-6400,cccride@camdencounty.com,https://www.camdencounty.com/service/connection,39.827415,-75.072782,https://www.camdencounty.com/service/connection
Mercer County LINK — NJ Para-Transit,Transportation,NJ,Trenton,640 S Broad St,609-989-6789,mclink@mercercounty.org,https://www.mercercounty.org/link,40.209111,-74.75436,https://www.mercercounty.org/link/contact
NJDOT — Division of Multimodal Services Transit,Transportation,NJ,Trenton,1035 Parkway Ave,609-530-2000,dot.webmaster@dot.nj.gov,https://www.state.nj.us/transportation,40.259003,-74.796003,https://www.state.nj.us/transportation/multimodal/transit
Newark Community Health Centers — FQHC NJ,Healthcare,NJ,Newark,741 Broadway,973-732-2400,info@nchcnj.org,https://www.nchcnj.org,40.775093,-74.159151,https://www.nchcnj.org/contact
New Jersey Primary Care Association,Healthcare,NJ,Trenton,3635 Quakerbridge Rd Ste 35,609-588-0303,info@njpca.org,https://njpca.org,40.258491,-74.678226,https://njpca.org/contact
Federally Qualified Health Center — Urban Health Institute Trenton,Healthcare,NJ,Trenton,321 N Warren St,609-278-5900,info@capitalhealth.org,https://capitalhealth.org,40.225299,-74.765132,https://capitalhealth.org/contact
RWJBarnabas Health Community Health NJ,Healthcare,NJ,New Brunswick,1 Robert Wood Johnson Pl,732-828-3000,communityhealth@rwjbh.org,https://www.rwjbh.org,,,https://www.rwjbh.org/community
North Hudson Community Action Corp — Health NJ,Healthcare,NJ,Union City,3115 Hudson Ave Ste A,201-863-5125,info@nhcac.org,https://nhcac.org,40.769716,-74.026683,https://nhcac.org/contact
New Jersey DOL and Workforce Development,Education-Employment,NJ,Trenton,1 John Fitch Plaza,609-292-2323,njdol@dol.nj.gov,https://www.nj.gov/labor,40.221337,-74.775541,https://www.nj.gov/labor/contact
Goodwill Industries of Greater New York and Northern NJ,Education-Employment,NJ,Newark,15 E Midland Ave,212-315-3690,info@goodwillnynj.org,https://www.goodwillnynj.org,40.739959,-74.241713,https://www.goodwillnynj.org/contact
New Jersey Community Development Corp — Paterson,Education-Employment,NJ,Paterson,230 Broadway,973-881-8809,info@njcdc.org,https://www.njcdc.org,40.918761,-74.167179,https://www.njcdc.org/contact
Urban League of Essex County — NJ,Education-Employment,NJ,Newark,508 Central Ave Ste 1,973-624-9535,info@ulec.org,https://ulec.org,40.748417,-74.194604,https://ulec.org/contact
Workforce Solutions NJ — One-Stop Career Centers,Education-Employment,NJ,Trenton,135 W Hanover St,609-292-5005,info@njworkforce.org,https://careerconnections.nj.gov,40.222141,-74.769484,https://careerconnections.nj.gov/contact
Roadrunner Food Bank of New Mexico,Food,NM,Albuquerque,5840 Office Blvd NE,505-247-2052,info@roadrunnerfoodbank.org,https://www.roadrunnerfoodbank.org,35.145743,-106.600932,https://www.roadrunnerfoodbank.org/contact
High Desert Food and Farm Alliance,Food,NM,Albuquerque,730 Rankin Rd NE Ste A,505-933-0020,info@highdesertfarm.org,https://highdesertfarm.org,35.122511,-106.627397,https://highdesertfarm.org/contact
El Buen Samaritano Food Pantry — Las Cruces,Food,NM,Las Cruces,999 W Hadley Ave,575-527-9000,info@elbuensam.org,https://www.elbuensam.org,32.310177,-106.791767,https://www.elbuensam.org/contact
Santa Fe Community Kitchen,Food,NM,Santa Fe,P.O. Box 10028,505-820-6806,info@santafecommunitykitchen.org,https://www.santafecommunitykitchen.org,,,https://www.santafecommunitykitchen.org/contact
Storehouse New Mexico — Albuquerque Pantry,Food,NM,Albuquerque,4500 Osuna Rd NE,505-881-2751,info@storehouseabq.org,https://www.storehouseabq.org,35.154885,-106.591052,https://www.storehouseabq.org/contact
New Mexico Mortgage Finance Authority (MFA),Housing,NM,Albuquerque,344 4th St SW,505-843-6880,mfainfo@housingnm.org,https://www.housingnm.org,35.082116,-106.651999,https://www.housingnm.org/contact
Albuquerque Housing Authority,Housing,NM,Albuquerque,1840 University Blvd SE,505-764-3920,info@abqha.org,https://www.abqha.org,35.061974,-106.631698,https://www.abqha.org/contact
Homewise — Santa Fe Affordable Housing,Housing,NM,Santa Fe,1301 Siler Rd,505-983-9473,info@homewise.org,https://homewise.org,35.658097,-105.99246,https://homewise.org/contact
Casa Esperanza Transitional Housing NM,Housing,NM,Albuquerque,P.O. Box 40278,505-345-0480,info@casaesperanzanm.org,https://casaesperanzanm.org,,,https://casaesperanzanm.org/contact
New Mexico Coalition to End Homelessness,Housing,NM,Albuquerque,3900 Osuna Rd NE Ste 11,505-369-0810,info@nmceh.org,https://www.nmceh.org,35.154841,-106.600333,https://www.nmceh.org/contact
ABQ RIDE — Albuquerque Transit,Transportation,NM,Albuquerque,100 First Plaza NW,505-243-7433,abqride@cabq.gov,https://www.cabq.gov/transit,35.085291,-106.647723,https://www.cabq.gov/transit/contact
Santa Fe Trails Transit,Transportation,NM,Santa Fe,2931 Rufina St,505-955-2001,sftrails@santafenm.gov,https://www.santafenm.gov/trails,35.65798,-105.992866,https://www.santafenm.gov/trails/contact
Rio Metro Regional Transit District NM,Transportation,NM,Albuquerque,809 Copper Ave NW,505-247-7433,info@riometro.org,https://www.riometro.org,35.086237,-106.656333,https://www.riometro.org/contact
New Mexico DOT — Transit and Rail Division,Transportation,NM,Santa Fe,1120 Cerrillos Rd,505-827-5100,transit@dot.nm.gov,https://dot.nm.gov/transit,35.676309,-105.955601,https://dot.nm.gov/transit/contact
Navajo Transit System — NM Tribal Transit,Transportation,NM,Fort Defiance,P.O. Box 1330,928-729-4002,navajotransit@navajo-nsn.gov,https://www.navajotransit.org,,,https://www.navajotransit.org/contact
First Choice Community Healthcare FQHC NM,Healthcare,NM,Albuquerque,4801 McMahon Blvd NW,505-892-6100,info@firstchoicenm.org,https://www.firstchoicenm.org,35.206916,-106.678164,https://www.firstchoicenm.org/contact
New Mexico Primary Care Association,Healthcare,NM,Albuquerque,3900 Osuna Rd NE Ste 12,505-254-0500,info@nmpca.com,https://www.nmpca.com,35.154841,-106.600333,https://www.nmpca.com/contact
La Clinica de Familia FQHC Las Cruces,Healthcare,NM,Las Cruces,149 N Tornillo St,575-527-3625,info@laclinicanm.org,https://laclinicanm.org,32.311093,-106.773484,https://laclinicanm.org/contact
Christus St. Vincent Community Health Santa Fe,Healthcare,NM,Santa Fe,455 Saint Michaels Dr,505-983-3361,community@christushealth.org,https://www.christusstvincentregional.org,35.659295,-105.946164,https://www.christusstvincentregional.org/contact
Gallup Indian Medical Center IHS NM,Healthcare,NM,Gallup,516 E Nizhoni Blvd,505-722-1000,info@ihs.gov,https://www.ihs.gov/gallup,35.508411,-108.730354,https://www.ihs.gov/gallup/contact
New Mexico Workforce Solutions,Education-Employment,NM,Albuquerque,401 Broadway NE,505-841-8450,websupport@dws.nm.gov,https://www.dws.nm.gov,35.088315,-106.643771,https://www.dws.nm.gov/contact
Goodwill Industries of New Mexico,Education-Employment,NM,Albuquerque,5000 San Mateo NE,505-881-6401,info@goodwillnm.org,https://www.goodwillnm.org,35.137655,-106.586339,https://www.goodwillnm.org/contact
CNM Workforce Training Center Albuquerque,Education-Employment,NM,Albuquerque,5600 Eagle Rock Ave NE,505-224-4600,workforce@cnm.edu,https://www.cnm.edu/workforce,35.187332,-106.582334,https://www.cnm.edu/workforce/contact
Southwest Creations Collaborative NM — Job Skills,Education-Employment,NM,Albuquerque,2320 Alamo Ave SE,505-842-8275,info@swcollaborative.org,https://swcollaborative.org,35.054465,-106.620609,https://swcollaborative.org/contact
Diné College Workforce Development Tsaile NM,Education-Employment,NM,Tsaile,1 Circle Dr,928-724-6600,workforce@dinecollege.edu,https://www.dinecollege.edu,,,https://www.dinecollege.edu/workforce
Food Bank For New York City,Food,NY,New York,39 Broadway 10th Fl,212-566-7855,info@foodbanknyc.org,https://www.foodbanknyc.org,40.70521,-74.013927,https://www.foodbanknyc.org/contact
Regional Food Bank of Northeastern New York,Food,NY,Albany,965 Albany Shaker Rd,518-786-3691,info@regionalfoodbank.net,https://www.regionalfoodbank.net,42.730676,-73.79935,https://www.regionalfoodbank.net/contact
FeedMore WNY — Buffalo Food Bank,Food,NY,Buffalo,91 Holt St,716-852-1305,info@feedmorewny.org,https://feedmorewny.org,42.881594,-78.831293,https://feedmorewny.org/contact
Island Harvest Food Bank — Long Island NY,Food,NY,Deer Park,40 Marcus Blvd,516-294-8528,info@islandharvest.org,https://www.islandharvest.org,40.76062,-73.315878,https://www.islandharvest.org/contact
Food Bank of the Southern Tier — Elmira NY,Food,NY,Elmira,388 Upper Oakwood Ave,607-796-6061,info@foodbankst.org,https://www.foodbankst.org,42.137784,-76.825095,https://www.foodbankst.org/contact
New York State Homes and Community Renewal (HCR),Housing,NY,Albany,38-40 State St,518-473-2526,info@nyshcr.org,https://hcr.ny.gov,42.649011,-73.751505,https://hcr.ny.gov/contact
New York City Housing Authority (NYCHA),Housing,NY,New York,250 Broadway,212-306-3000,customer.relations@nycha.nyc.gov,https://www.nyc.gov/nycha,40.714422,-73.986497,https://www.nyc.gov/nycha/contact
Buffalo Municipal Housing Authority,Housing,NY,Buffalo,400 Ellicott St,716-855-6806,info@bmha.org,https://www.bmha.org,42.889433,-78.870892,https://www.bmha.org/contact
Habitat for Humanity New York City,Housing,NY,New York,111 John St Ste 1720,212-991-4000,info@habitatnyc.org,https://habitatnyc.org,40.707715,-74.00573,https://habitatnyc.org/contact
Brooklyn Community Housing and Services,Housing,NY,Brooklyn,974 Pacific St,718-773-1780,info@bchs.org,https://bchs.org,40.679505,-73.961018,https://bchs.org/contact
MTA New York City Transit,Transportation,NY,New York,2 Broadway,511,customer.relations@mtahq.org,https://new.mta.info,40.705885,-74.013149,https://new.mta.info/contact
NFTA Metro — Buffalo Niagara Transit,Transportation,NY,Buffalo,181 Ellicott St,716-855-7211,info@nfta.com,https://www.nfta.com,42.883145,-78.872771,https://www.nfta.com/contact
Centro Bus — Syracuse Metro Transit NY,Transportation,NY,Syracuse,200 Cortland Ave,315-442-3400,info@centro.org,https://www.centro.org,43.036348,-76.150769,https://www.centro.org/contact
Capital District Transportation Authority (CDTA),Transportation,NY,Albany,110 Watervliet Ave,518-482-8822,customerservice@cdta.org,https://www.cdta.org,42.678835,-73.780825,https://www.cdta.org/contact
Westchester County BeeLine Bus,Transportation,NY,White Plains,100 E First St,914-995-4700,transit@westchestergov.com,https://www.westchestergov.com/beeline,,,https://www.westchestergov.com/beeline/contact
NYC Health and Hospitals Public FQHC Network,Healthcare,NY,New York,125 Worth St,212-788-3321,hhc@nychhc.org,https://www.nychealthandhospitals.org,40.715481,-74.002664,https://www.nychealthandhospitals.org/contact
Community Health Care Association of NYS,Healthcare,NY,Albany,80 Wolf Rd Ste 500,518-437-5010,info@chcanys.org,https://www.chcanys.org,42.714585,-73.813056,https://www.chcanys.org/contact
Ryan Health FQHC New York City,Healthcare,NY,New York,110 W 97th St,212-865-7600,info@ryanhealth.org,https://www.ryanhealth.org,40.793793,-73.967745,https://www.ryanhealth.org/contact
Rochester Regional Health Community Clinics,Healthcare,NY,Rochester,1425 Portland Ave,585-922-4000,community@rochesterregional.org,https://www.rochesterregional.org,43.191055,-77.584403,https://www.rochesterregional.org/community
Community Health Network of Western NY — FQHC,Healthcare,NY,Buffalo,114 Sheridan Ave,716-852-1121,info@chnwny.org,https://www.chnwny.org,42.91916,-78.831717,https://www.chnwny.org/contact
New York State Dept of Labor Career Centers,Education-Employment,NY,Albany,Building 12 State Campus,518-457-9000,nysdol@labor.ny.gov,https://dol.ny.gov,42.648902,-73.751277,https://dol.ny.gov/contact
Goodwill Industries of Greater New York,Education-Employment,NY,Astoria,4-21 27th Ave,718-728-5400,info@goodwillny.org,https://www.goodwillny.org,40.774647,-73.932993,https://www.goodwillny.org/contact
NYC Workforce1 Career Centers,Education-Employment,NY,New York,168 W 46th St,212-863-4982,workforce1@sbs.nyc.gov,https://www.nyc.gov/workforce1,40.758159,-73.98423,https://www.nyc.gov/workforce1/contact
Year Up New York,Education-Employment,NY,New York,100 William St 12th Fl,212-696-5555,nyinfo@yearup.org,https://www.yearup.org/new-york,,,https://www.yearup.org/new-york/contact
Urban League of Greater Buffalo NY,Education-Employment,NY,Buffalo,15 E Genesee St,716-250-2400,info@ulgreaterbuffalo.org,https://www.ulgreaterbuffalo.org,42.887168,-78.87644,https://www.ulgreaterbuffalo.org/contact
Food Bank of Central and Eastern NC — Raleigh,Food,NC,Raleigh,3808 Tarheel Dr,919-875-0707,info@foodbankcenc.org,https://www.foodbankcenc.org,35.831133,-78.607676,https://www.foodbankcenc.org/contact
Second Harvest Food Bank of NW NC — Winston-Salem,Food,NC,Winston-Salem,3655 Reed St,336-784-5770,info@secondharvestnwnc.org,https://www.secondharvestnwnc.org,36.052969,-80.209465,https://www.secondharvestnwnc.org/contact
Second Harvest Food Bank of Metrolina — Charlotte,Food,NC,Charlotte,800 Tyvola Rd Ste 112,704-527-2800,info@carolinafoodbank.org,https://www.carolinafoodbank.org,35.164963,-80.882471,https://www.carolinafoodbank.org/contact
Food Bank of the Albemarle — Elizabeth City NC,Food,NC,Elizabeth City,900 W Ehringhaus St,252-335-4035,info@afoodbank.org,https://afoodbank.org,36.295666,-76.232561,https://afoodbank.org/contact
MANNA FoodBank — Asheville NC,Food,NC,Asheville,627 Swannanoa River Rd,828-299-3663,info@mannafoodbank.org,https://mannafoodbank.org,35.575302,-82.501195,https://mannafoodbank.org/contact
North Carolina Housing Finance Agency (NCHFA),Housing,NC,Raleigh,3508 Bush St,919-877-5700,info@nchfa.com,https://www.nchfa.com,35.829333,-78.612633,https://www.nchfa.com/contact
Charlotte Housing Authority,Housing,NC,Charlotte,1301 S Mint St,704-336-5183,info@cha-nc.org,https://www.cha-nc.org,35.221205,-80.857337,https://www.cha-nc.org/contact
Raleigh Housing Authority,Housing,NC,Raleigh,900 Haynes St,919-508-1000,info@rhaonline.com,https://www.rhaonline.com,35.792013,-78.638257,https://www.rhaonline.com/contact
Greensboro Housing Authority,Housing,NC,Greensboro,450 N Church St,336-275-8501,info@greensboroha.org,https://www.greensboroha.org,36.078777,-79.786714,https://www.greensboroha.org/contact
Habitat for Humanity of Charlotte NC,Housing,NC,Charlotte,1201 Pegram St,704-332-4622,info@habitatcharlotte.org,https://habitatcharlotte.org,35.227235,-80.818498,https://habitatcharlotte.org/contact
Charlotte Area Transit System (CATS),Transportation,NC,Charlotte,600 E 4th St,704-336-7433,customer.service@charlottenc.gov,https://www.charlottearea.com,35.222015,-80.839214,https://www.charlottearea.com/contact
GoTriangle — Raleigh Durham Regional Transit,Transportation,NC,Durham,4600 Emperor Blvd Ste 100,919-485-7433,info@gotriangle.org,https://www.gotriangle.org,35.875145,-78.839864,https://www.gotriangle.org/contact
PART — Piedmont Authority for Regional Transportation,Transportation,NC,Greensboro,1002 Price Ct,336-291-4210,info@partnc.org,https://www.partnc.org,,,https://www.partnc.org/contact
ART — Asheville Redefines Transit,Transportation,NC,Asheville,360 S French Broad Ave,828-253-5691,transit@ashevillenc.gov,https://www.ashevillenc.gov/transit,35.580972,-82.559701,https://www.ashevillenc.gov/transit/contact
NC DOT Public Transportation Division,Transportation,NC,Raleigh,1 S Wilmington St,919-707-4700,ncdot.transit@ncdot.gov,https://www.ncdot.gov/transit,35.780306,-78.638024,https://www.ncdot.gov/transit/contact
NC Community Health Centers Association — FQHC,Healthcare,NC,Durham,4917 Waters Edge Dr Ste 165,919-998-2750,info@ncchca.org,https://ncchca.org,,,https://ncchca.org/contact
Community Care of Wake County — FQHC NC,Healthcare,NC,Raleigh,149 Wind Chime Court,919-233-7710,info@ccwjc.org,https://ccwjc.org,35.874615,-78.642909,https://ccwjc.org/contact
Mecklenburg County Public Health FQHC Charlotte,Healthcare,NC,Charlotte,249 Billingsley Rd,704-336-6500,publichealth@mecklenburgcountync.gov,https://www.mecknc.gov/publichealth,35.190541,-80.808188,https://www.mecknc.gov/publichealth/contact
Good Samaritan Clinic — Raleigh NC,Healthcare,NC,Raleigh,1435 S Saunders St,919-828-9070,info@goodsamclinic.org,https://www.goodsamclinic.org,35.761448,-78.649402,https://www.goodsamclinic.org/contact
Western NC Community Health Services FQHC,Healthcare,NC,Canton,P.O. Box 1028,828-456-7182,info@wncchs.org,https://wncchs.org,,,https://wncchs.org/contact
NC Dept of Commerce Workforce Solutions,Education-Employment,NC,Raleigh,301 N Wilmington St,919-814-4600,workforce@commerce.nc.gov,https://www.nccommerce.com/workforce,35.784674,-78.63796,https://www.nccommerce.com/workforce/contact
Goodwill Industries of Central NC,Education-Employment,NC,Greensboro,1235 S Eugene St,336-275-9801,info@goodwillcnc.org,https://www.goodwillcnc.org,36.059934,-79.793337,https://www.goodwillcnc.org/contact
Charlotte Works Career Center Network,Education-Employment,NC,Charlotte,11845 N Community House Rd,704-342-0000,info@charlotteworks.com,https://www.charlotteworks.com,35.050255,-80.832036,https://www.charlotteworks.com/contact
Urban League of Central Carolinas NC,Education-Employment,NC,Charlotte,740 W 5th St,704-373-2256,info@ulcc.net,https://ulcc.net,35.233694,-80.848551,https://ulcc.net/contact
Self-Help Credit Union — NC Community Dev,Education-Employment,NC,Durham,301 W Main St,919-956-4400,info@self-help.org,https://www.self-help.org,35.995964,-78.902452,https://www.self-help.org/contact
Great Plains Food Bank Fargo ND,Food,ND,Fargo,1720 3rd Ave N,701-232-6219,info@greatplainsfoodbank.org,https://www.greatplainsfoodbank.org,46.879429,-96.808143,https://www.greatplainsfoodbank.org/contact
Bismarck-Mandan Community Food Pantry,Food,ND,Bismarck,1406 E Front Ave,701-223-5122,info@bmpantry.org,https://bmpantry.org,46.804063,-100.770833,https://bmpantry.org/contact
Grand Forks Region Community Food Bank,Food,ND,Grand Forks,400 Demers Ave,701-772-4673,info@gfcfoodbank.org,https://www.gfcfoodbank.org,47.924445,-97.031649,https://www.gfcfoodbank.org/contact
Community Violence Intervention — Minot Food Pantry,Food,ND,Minot,P.O. Box 1553,701-852-1042,cvi@srt.com,https://cvi-nd.org,,,https://cvi-nd.org/contact
Salvation Army Fargo ND Food Services,Food,ND,Fargo,419 6th St N,701-235-0244,fargo_nd@usc.salvationarmy.org,https://centralusa.salvationarmy.org/fargo,46.88221,-96.784822,https://centralusa.salvationarmy.org/fargo/contact
North Dakota Housing Finance Agency,Housing,ND,Bismarck,2624 Vermont Ave,701-328-8080,ndhfa@nd.gov,https://www.ndhfa.org,46.796936,-100.752017,https://www.ndhfa.org/contact
Fargo Housing and Redevelopment Authority,Housing,ND,Fargo,325 2nd Ave N,701-293-6262,info@fargohousing.org,https://www.fargohousing.org,46.880671,-96.781552,https://www.fargohousing.org/contact
Bismarck Housing Authority ND,Housing,ND,Bismarck,706 E Front Ave,701-222-6451,info@bismarckhousing.org,https://www.bismarckhousing.org,46.804178,-100.781459,https://www.bismarckhousing.org/contact
Village Family Service Center ND Housing,Housing,ND,Fargo,1201 25th St S,701-235-6433,info@thevillagefamily.org,https://www.thevillagefamily.org,46.86305,-96.819615,https://www.thevillagefamily.org/contact
Community Action Region VI ND Housing,Housing,ND,Bismarck,P.O. Box 2297,701-258-2240,info@communityaction6.com,https://communityaction6.com,,,https://communityaction6.com/contact
Metro Area Transit Fargo-Moorhead ND,Transportation,ND,Fargo,509 Broadway N,701-232-7500,info@matbus.com,https://www.matbus.com,46.881255,-96.78762,https://www.matbus.com/contact
Bis-Man Transit Bismarck ND,Transportation,ND,Bismarck,1015 N 4th St,701-223-1240,bismantransit@bismarckmandan.org,https://www.bismarckmandantransit.com,46.815569,-100.78674,https://www.bismarckmandantransit.com/contact
Grand Forks Cities Area Transit,Transportation,ND,Grand Forks,P.O. Box 5200,701-746-2600,cat@grandforksgov.com,https://www.grandforksgov.com/transit,,,https://www.grandforksgov.com/transit/contact
North Dakota DOT Transit Services,Transportation,ND,Bismarck,608 E Boulevard Ave,701-328-2581,nddot.transit@nd.gov,https://www.dot.nd.gov/transit,46.816802,-100.781186,https://www.dot.nd.gov/transit/contact
Standing Rock Tribal Transit Fort Yates ND,Transportation,ND,Fort Yates,P.O. Box 6,701-854-8500,transit@standingrock.org,https://www.standingrock.org,46.086941,-100.630127,https://www.standingrock.org/transit
Sanford Health Community Clinics Fargo ND,Healthcare,ND,Fargo,801 Broadway N,701-234-2000,contactus@sanfordhealth.org,https://www.sanfordhealth.org,46.884668,-96.787717,https://www.sanfordhealth.org/contact
Altru Health System Community Health Grand Forks,Healthcare,ND,Grand Forks,1000 S Columbia Rd,701-780-5000,info@altru.org,https://www.altru.org,47.912065,-97.066517,https://www.altru.org/contact
North Dakota Dept of Health Community Health,Healthcare,ND,Bismarck,600 E Boulevard Ave,701-328-2372,dhd@nd.gov,https://www.health.nd.gov,46.8168,-100.781296,https://www.health.nd.gov/contact
Indian Health Service Standing Rock ND FQHC,Healthcare,ND,Fort Yates,P.O. Box D,701-854-3831,info@ihs.gov,https://www.ihs.gov/standingrockservice,46.086941,-100.630127,https://www.ihs.gov/standingrockservice/contact
Essentia Health Fargo ND Community Clinic,Healthcare,ND,Fargo,3000 32nd Ave S,701-364-8000,info@essentiahealth.org,https://www.essentiahealth.org,46.832456,-96.826432,https://www.essentiahealth.org/contact
Job Service North Dakota,Education-Employment,ND,Bismarck,1000 E Divide Ave,701-328-5000,jsnd@nd.gov,https://www.jobsnd.com,46.823684,-100.777087,https://www.jobsnd.com/contact
Goodwill Easter Seals — ND Offices Fargo,Education-Employment,ND,Fargo,P.O. Box 9046,701-234-3600,info@goodwilleasterseals.org,https://goodwilleasterseals.org,,,https://goodwilleasterseals.org/contact
Dakota Workforce Connections Fargo ND,Education-Employment,ND,Fargo,1405 University Dr S,701-298-3100,info@dakotaworkforce.com,https://www.dakotaworkforce.com,46.859482,-96.798541,https://www.dakotaworkforce.com/contact
North Dakota Community Foundation Rural Dev,Education-Employment,ND,Bismarck,309 N Mandan St Ste 2,701-222-8349,info@ndcf.net,https://www.ndcf.net,46.807737,-100.792105,https://www.ndcf.net/contact
ND Dept of Career and Technical Education,Education-Employment,ND,Bismarck,600 E Boulevard Ave Dept 270,701-328-3180,cte@nd.gov,https://www.nd.gov/cte,46.8168,-100.781296,https://www.nd.gov/cte/contact
Mid-Ohio Food Collective Columbus,Food,OH,Columbus,3960 Brookham Dr,614-277-9121,info@midohiofoodbank.org,https://midohiofoodbank.org,,,https://midohiofoodbank.org/contact
Greater Cleveland Food Bank,Food,OH,Cleveland,15500 S Waterloo Rd,216-738-2265,info@greaterclevelandfoodbank.org,https://www.greaterclevelandfoodbank.org,41.567873,-81.573145,https://www.greaterclevelandfoodbank.org/contact
Foodbank Inc — Dayton OH,Food,OH,Dayton,56 Armor Place,937-461-0265,info@thefoodbankdayton.org,https://thefoodbankdayton.org,39.748616,-84.210632,https://thefoodbankdayton.org/contact
Second Harvest Food Bank of North Central Ohio,Food,OH,Lorain,5510 Midway Blvd,440-960-2265,info@secondharvest.org,https://www.secondharvest.org,41.398728,-82.108774,https://www.secondharvest.org/contact
Southeast Ohio Food Bank Athens,Food,OH,Glouster,P.O. Box 494,740-767-9484,info@seofoodbank.org,https://seofoodbank.org,39.503126,-82.084589,https://seofoodbank.org/contact
Ohio Housing Finance Agency (OHFA),Housing,OH,Columbus,57 E Main St,614-466-7970,ohfa@ohiohome.org,https://www.ohiohome.org,40.126665,-82.929866,https://www.ohiohome.org/contact
Cleveland Metropolitan Housing Authority (CMHA),Housing,OH,Cleveland,8120 Kinsman Rd,216-348-5000,info@cmha.net,https://www.cmha.net,41.475462,-81.629946,https://www.cmha.net/contact
Columbus Metropolitan Housing Authority OH,Housing,OH,Columbus,880 E 11th Ave,614-421-6000,info@cmhanet.com,https://www.cmhanet.com,39.993785,-82.982606,https://www.cmhanet.com/contact
CHN Housing Partners Cleveland OH,Housing,OH,Cleveland,2999 Payne Ave,216-574-7100,info@chnhousingpartners.org,https://chnhousingpartners.org,41.507999,-81.668659,https://chnhousingpartners.org/contact
Habitat for Humanity of Greater Columbus OH,Housing,OH,Columbus,333 W Rich St,614-221-6494,info@columbushabitat.org,https://www.columbushabitat.org,39.956222,-83.010234,https://www.columbushabitat.org/contact
GCRTA Greater Cleveland Regional Transit,Transportation,OH,Cleveland,1240 W 6th St,216-566-5100,customerservice@gcrta.org,https://www.riderta.com,41.50061,-81.699524,https://www.riderta.com/contact
COTA Central Ohio Transit Authority Columbus,Transportation,OH,Columbus,33 N High St,614-228-1776,contactus@cota.com,https://www.cota.com,39.963173,-83.000902,https://www.cota.com/contact
SORTA Southwest Ohio Regional Transit Cincinnati,Transportation,OH,Cincinnati,1301 Western Ave,513-621-4455,metrotransit@sorta.com,https://www.go-metro.com,39.108853,-84.532342,https://www.go-metro.com/contact
MVRPC Transit Dayton OH,Transportation,OH,Dayton,10 N Ludlow St Ste 700,937-223-6323,transit@mvrpc.org,https://www.mvrpc.org/transit,39.759417,-84.193563,https://www.mvrpc.org/transit/contact
Ohio DOT Office of Transit Columbus,Transportation,OH,Columbus,1980 W Broad St,614-644-7095,transit@dot.ohio.gov,https://www.transportation.ohio.gov/transit,39.955962,-83.05393,https://www.transportation.ohio.gov/transit/contact
MetroHealth System FQHC Cleveland OH,Healthcare,OH,Cleveland,2500 MetroHealth Dr,216-778-7800,info@metrohealth.org,https://www.metrohealth.org,41.462337,-81.69903,https://www.metrohealth.org/contact
Ohio Association of Community Health Centers,Healthcare,OH,Columbus,50 W Broad St Ste 3600,614-798-1117,info@oachc.org,https://oachc.org,39.962132,-83.001983,https://oachc.org/contact
Family Health Services FQHC Dayton OH,Healthcare,OH,Dayton,1 Wyoming St Ste W1200,937-226-3300,info@fhsoh.org,https://www.fhsoh.org,39.74378,-84.18742,https://www.fhsoh.org/contact
Nationwide Children's Community Health Columbus,Healthcare,OH,Columbus,700 Children's Dr,614-722-2000,communityhealth@nationwidechildrens.org,https://www.nationwidechildrens.org,39.952232,-82.979595,https://www.nationwidechildrens.org/community
Cleveland Clinic Community Health — OH FQHC,Healthcare,OH,Cleveland,9500 Euclid Ave,216-444-2200,community@ccf.org,https://my.clevelandclinic.org,41.503346,-81.622884,https://my.clevelandclinic.org/departments/community-health
Ohio Dept of Job and Family Services Workforce,Education-Employment,OH,Columbus,30 E Broad St 32nd Fl,614-466-6282,webcontact@jfs.ohio.gov,https://jfs.ohio.gov,39.962387,-82.999672,https://jfs.ohio.gov/contact
Goodwill Industries of Central Ohio Columbus,Education-Employment,OH,Columbus,1331 Edgehill Rd,614-294-4772,info@goodwillcolumbus.org,https://www.goodwillcolumbus.org,39.986541,-83.02935,https://www.goodwillcolumbus.org/contact
Cleveland Works Greater Cleveland Workforce,Education-Employment,OH,Cleveland,1605 Euclid Ave,216-536-8860,info@clevelandworks.org,https://clevelandworks.org,41.501152,-81.680601,https://clevelandworks.org/contact
Urban League of Greater Cincinnati OH,Education-Employment,OH,Cincinnati,3458 Reading Rd,513-281-2300,info@ulcin.org,https://www.ulcin.org,39.14282,-84.491807,https://www.ulcin.org/contact
OhioMeansJobs Statewide Workforce Portal,Education-Employment,OH,Columbus,4020 E 5th Ave,614-995-1700,omj@jfs.ohio.gov,https://ohiomeansjobs.ohio.gov,39.986235,-82.89549,https://ohiomeansjobs.ohio.gov/contact
Regional Food Bank of Oklahoma,Food,OK,Oklahoma City,3355 S Purdue Ave,405-972-1111,info@rfbo.org,https://www.rfbo.org,35.430114,-97.613721,https://www.rfbo.org/contact
Community Food Bank of Eastern Oklahoma Tulsa,Food,OK,Tulsa,1304 N Okay Ave,918-585-2800,info@cfbeo.org,https://www.cfbeo.org,,,https://www.cfbeo.org/contact
Jesus House Oklahoma City Food Ministry,Food,OK,Oklahoma City,1335 W Sheridan Ave,405-232-7164,info@jesushouse.org,https://www.jesushouse.org,35.466754,-97.5366,https://www.jesushouse.org/contact
Catholic Charities Archdiocese of OKC — Food,Food,OK,Oklahoma City,1501 N Classen Blvd,405-523-3000,info@catholiccharitiesokc.org,https://catholiccharitiesokc.org,35.484355,-97.530088,https://catholiccharitiesokc.org/contact
Lawton Food Bank SW Oklahoma,Food,OK,Lawton,P.O. Box 2065,580-248-2300,info@lawtonfoodbank.org,https://www.lawtonfoodbank.org,,,https://www.lawtonfoodbank.org/contact
Oklahoma Housing Finance Agency (OHFA),Housing,OK,Oklahoma City,100 NW 63rd St Ste 200,405-848-1144,info@ohfa.org,https://www.ohfa.org,35.536796,-97.516624,https://www.ohfa.org/contact
Oklahoma City Housing Authority,Housing,OK,Oklahoma City,1700 NE 4th St,405-239-7551,info@okchousing.org,https://www.okchousing.org,35.341773,-97.463778,https://www.okchousing.org/contact
Tulsa Housing Authority,Housing,OK,Tulsa,415 E Independence St,918-581-5600,info@tulsahousing.org,https://www.tulsahousing.org,36.166059,-95.99109,https://www.tulsahousing.org/contact
Red Rock BHS Transitional Housing OKC,Housing,OK,Oklahoma City,4400 N Lincoln Blvd,405-424-7711,info@red-rock.com,https://www.red-rock.com,35.51592,-97.503042,https://www.red-rock.com/contact
Rebuilding Together Tulsa Housing Repair,Housing,OK,Tulsa,P.O. Box 21046,918-584-4376,info@rttulsa.org,https://www.rttulsa.org,,,https://www.rttulsa.org/contact
EMBARK Transit Oklahoma City,Transportation,OK,Oklahoma City,420 NW 5th St,405-235-7433,contactus@embarkok.com,https://embarkok.com,35.473005,-97.51979,https://embarkok.com/contact
Tulsa Transit,Transportation,OK,Tulsa,510 S Rockford Ave,918-582-2100,info@tulsatransit.org,https://www.tulsatransit.org,36.154206,-95.9717,https://www.tulsatransit.org/contact
Oklahoma DOT Public Transportation Division,Transportation,OK,Oklahoma City,200 NE 21st St,405-521-2554,transit@odot.org,https://www.odot.org/transit,35.491113,-97.50882,https://www.odot.org/transit/contact
Cherokee Nation Transit Tahlequah OK,Transportation,OK,Tahlequah,P.O. Box 948,918-453-5000,transit@cherokee.org,https://www.cherokee.org,35.91537,-94.969956,https://www.cherokee.org/transit
COTPA Central Oklahoma Transportation and Parking,Transportation,OK,Oklahoma City,312 NE 12th St,405-297-2833,info@cotpa.org,https://www.cotpa.org,35.348733,-97.482372,https://www.cotpa.org/contact
OU Medicine Community Clinics OKC FQHC,Healthcare,OK,Oklahoma City,800 Stanton L Young Blvd,405-271-5911,info@oumedicine.com,https://www.oumedicine.com,35.480109,-97.498974,https://www.oumedicine.com/contact
Oklahoma Primary Care Association,Healthcare,OK,Oklahoma City,P.O. Box 54477,405-702-0011,info@okpca.org,https://okpca.org,,,https://okpca.org/contact
Morton Comprehensive Health Services FQHC Tulsa,Healthcare,OK,Tulsa,1452 N Harvard Ave,918-991-7800,info@mortonhealth.org,https://www.mortonhealth.org,36.176034,-95.940362,https://www.mortonhealth.org/contact
Choctaw Nation Health Services Oklahoma,Healthcare,OK,Talihina,P.O. Box 1210,918-567-7000,health@choctawnation.com,https://www.choctawnation.com/health,,,https://www.choctawnation.com/health/contact
HOPE Community Services FQHC OKC,Healthcare,OK,Oklahoma City,6500 N Portland Ave Ste 100,405-879-5505,info@hopecsi.org,https://hopecsi.org,35.538234,-97.583371,https://hopecsi.org/contact
Oklahoma Employment Security Commission (OESC),Education-Employment,OK,Oklahoma City,2401 N Lincoln Blvd,405-557-7100,oesc@oesc.state.ok.us,https://www.ok.gov/oesc,35.359629,-97.472965,https://www.ok.gov/oesc/contact
Goodwill Industries of Tulsa OK,Education-Employment,OK,Tulsa,1100 S Utica Ave,918-583-4810,info@goodwilltulsa.org,https://goodwilltulsa.org,36.147807,-95.967204,https://goodwilltulsa.org/contact
Oklahoma Workforce Centers OKC,Education-Employment,OK,Oklahoma City,7401 NE 23rd St,405-713-1820,owc.okc@oesc.state.ok.us,https://www.oesc.state.ok.us,35.493189,-97.400091,https://www.oesc.state.ok.us/contact
Urban League of Greater Oklahoma City,Education-Employment,OK,Oklahoma City,3900 N Martin Luther King Ave,405-424-5243,info@ulokc.org,https://ulokc.org,35.50964,-97.476622,https://ulokc.org/contact
Potawatomi Community Development Center OK,Education-Employment,OK,Shawnee,1901 S Gordon Cooper Dr,405-878-4900,info@potawatomi.org,https://www.potawatomi.org,35.293517,-96.923999,https://www.potawatomi.org/workforce
Oregon Food Bank Portland,Food,OR,Portland,7900 NE 33rd Dr,503-282-0555,info@oregonfoodbank.org,https://www.oregonfoodbank.org,45.580559,-122.633269,https://www.oregonfoodbank.org/contact
Marion Polk Food Share Salem OR,Food,OR,Salem,1660 Salem Industrial Dr NE,503-581-3855,info@marionpolkfoodshare.org,https://www.marionpolkfoodshare.org,44.972007,-123.010732,https://www.marionpolkfoodshare.org/contact
Food for Lane County Eugene OR,Food,OR,Eugene,770 Bailey Hill Rd,541-343-2822,info@foodforlanecounty.org,https://www.foodforlanecounty.org,44.050294,-123.148021,https://www.foodforlanecounty.org/contact
Rogue Food Unites Jackson County OR,Food,OR,Medford,P.O. Box 4275,541-779-5556,info@roguefoodunites.org,https://roguefoodunites.org,,,https://roguefoodunites.org/contact
Linn-Benton Food Share Albany OR,Food,OR,Albany,P.O. Box 61,541-926-1602,info@linnbentonfoodshare.org,https://www.linnbentonfoodshare.org,44.636507,-123.105932,https://www.linnbentonfoodshare.org/contact
Oregon Housing and Community Services (OHCS),Housing,OR,Salem,725 Summer St NE Ste B,503-986-2000,info@oregon.gov/ohcs,https://www.oregon.gov/ohcs,44.945067,-123.027165,https://www.oregon.gov/ohcs/contact
Home Forward Portland Housing Authority,Housing,OR,Portland,135 SW Ash St,503-802-8300,info@homeforward.org,https://homeforward.org,45.521893,-122.671779,https://homeforward.org/contact
Community Alliance of Lane County Housing Eugene,Housing,OR,Eugene,1675 W 12th Ave,541-484-4666,info@calane.org,https://calane.org,44.046693,-123.117749,https://calane.org/contact
Habitat for Humanity Portland Metro East OR,Housing,OR,Portland,10440 NE Marx St,503-287-9529,info@habitatportlandmetro.org,https://www.habitatportlandmetro.org,45.561621,-122.555354,https://www.habitatportlandmetro.org/contact
NeighborWorks Umpqua Roseburg OR Housing,Housing,OR,Roseburg,P.O. Box 751,541-672-6252,info@nwumpqua.org,https://www.nwumpqua.org,43.216505,-123.341738,https://www.nwumpqua.org/contact
TriMet Portland Transit Authority,Transportation,OR,Portland,1800 SW 1st Ave Ste 300,503-238-7433,customerservice@trimet.org,https://trimet.org,45.510235,-122.677676,https://trimet.org/contact
Lane Transit District LTD Eugene OR,Transportation,OR,Eugene,3500 E 17th Ave,541-687-5555,info@ltd.org,https://www.ltd.org,44.041959,-123.041501,https://www.ltd.org/contact
Salem Area Mass Transit CHERRIOTS,Transportation,OR,Salem,555 Court St NE Ste 5230,503-588-2877,info@cherriots.org,https://www.cherriots.org,44.940476,-123.035752,https://www.cherriots.org/contact
Rogue Valley Transportation District RVTD,Transportation,OR,Central Point,3200 Crater Lake Ave,541-779-2877,info@rvtd.org,https://www.rvtd.org,,,https://www.rvtd.org/contact
Oregon DOT Public Transit Division,Transportation,OR,Salem,355 Capitol St NE,503-986-3900,transit@odot.state.or.us,https://www.oregon.gov/odot/transit,44.940023,-123.02788,https://www.oregon.gov/odot/transit/contact
Virginia Garcia Memorial FQHC Hillsboro OR,Healthcare,OR,Hillsboro,P.O. Box 990,503-352-9900,info@vgmhc.org,https://www.vgmhc.org,45.522894,-122.989827,https://www.vgmhc.org/contact
Oregon Primary Care Association,Healthcare,OR,Portland,520 SW 6th Ave Ste 1130,503-228-3088,info@orpca.org,https://www.orpca.org,45.520097,-122.677967,https://www.orpca.org/contact
Central City Concern FQHC Portland OR,Healthcare,OR,Portland,232 NW 6th Ave,503-294-1681,info@centralcityconcern.org,https://www.centralcityconcern.org,45.524741,-122.676399,https://www.centralcityconcern.org/contact
Mosaic Medical FQHC Bend OR,Healthcare,OR,Bend,2000 NE Neff Rd,541-383-3005,info@mosaicmedical.org,https://www.mosaicmedical.org,44.06576,-121.257503,https://www.mosaicmedical.org/contact
Cascade Health Solutions Eugene OR,Healthcare,OR,Eugene,2650 Suzanne Way Ste 200,541-228-3000,info@cascadehealth.org,https://www.cascadehealth.org,44.09158,-123.063671,https://www.cascadehealth.org/contact
Oregon Employment Dept WorkSource Oregon,Education-Employment,OR,Salem,875 Union St NE,503-947-1394,oed.info@oregon.gov,https://www.oregon.gov/employ,44.943718,-123.028212,https://www.oregon.gov/employ/contact
Goodwill Industries of the Columbia Willamette OR,Education-Employment,OR,Portland,1943 SE 6th Ave,503-238-6100,info@goodwillcolumbiawillamette.org,https://www.goodwillcolumbiawillamette.org,45.508483,-122.659858,https://www.goodwillcolumbiawillamette.org/contact
Work Systems Inc Multnomah County OR,Education-Employment,OR,Portland,700 NE Multnomah Ste 600,503-988-5060,info@worksystemsinc.org,https://www.worksystemsinc.org,45.531441,-122.658542,https://www.worksystemsinc.org/contact
Oregon Coast Community Action Employment Coos Bay,Education-Employment,OR,Coos Bay,1880 AF Buddy Miles Dr,541-435-7020,info@orcca.us,https://orcca.us,,,https://orcca.us/contact
Lane Workforce Partnership Eugene OR,Education-Employment,OR,Eugene,1600 Executive Pkwy Ste 200,541-682-3500,info@laneworkforce.org,https://www.laneworkforce.org,,,https://www.laneworkforce.org/contact
Philabundance Philadelphia Food Bank,Food,PA,Philadelphia,3616 S Galloway St,215-339-0900,info@philabundance.org,https://www.philabundance.org,39.902755,-75.156429,https://www.philabundance.org/contact
Greater Pittsburgh Community Food Bank,Food,PA,Duquesne,1 N Linden St,412-460-3663,info@pittsburghfoodbank.org,https://www.pittsburghfoodbank.org,40.370509,-79.840793,https://www.pittsburghfoodbank.org/contact
Central Pennsylvania Food Bank Harrisburg,Food,PA,Harrisburg,3301 Wahoo Dr,717-564-1700,info@centralpafoodbank.org,https://www.centralpafoodbank.org,,,https://www.centralpafoodbank.org/contact
Second Harvest Food Bank of NWPA Erie,Food,PA,Erie,1507 Grimm Dr,814-459-3663,info@shfbnwpa.org,https://www.shfbnwpa.org,42.109987,-80.112966,https://www.shfbnwpa.org/contact
Helping Harvest Fresh Food Bank Wyomissing PA,Food,PA,Wyomissing,428 W Walnut St,610-926-5802,info@helpingharvest.org,https://www.helpingharvest.org,,,https://www.helpingharvest.org/contact
Pennsylvania Housing Finance Agency (PHFA),Housing,PA,Harrisburg,211 N Front St,717-780-3800,phfa@phfa.org,https://www.phfa.org,40.260315,-76.885655,https://www.phfa.org/contact
Philadelphia Housing Authority (PHA),Housing,PA,Philadelphia,12 S 23rd St,215-684-4000,info@pha.phila.gov,https://www.pha.phila.gov,39.953537,-75.178036,https://www.pha.phila.gov/contact
Housing Authority of the City of Pittsburgh,Housing,PA,Pittsburgh,200 Ross St 11th Fl,412-456-5000,info@hacp.org,https://www.hacp.org,40.436611,-79.997011,https://www.hacp.org/contact
ACTION-Housing Pittsburgh Affordable Housing,Housing,PA,Pittsburgh,425 Sixth Ave Ste 950,412-281-2102,info@actionhousing.org,https://www.actionhousing.org,40.441105,-79.996595,https://www.actionhousing.org/contact
Esperanza Community Housing Philadelphia PA,Housing,PA,Philadelphia,4261 N 5th St,215-324-0746,info@esperanza.us,https://esperanza.us,40.016002,-75.134906,https://esperanza.us/contact
SEPTA Southeastern PA Transportation Authority,Transportation,PA,Philadelphia,1234 Market St,215-580-7800,customer.service@septa.org,https://www.septa.org,39.951922,-75.160458,https://www.septa.org/contact
Port Authority of Allegheny County Pittsburgh,Transportation,PA,Pittsburgh,345 6th Ave,412-442-2000,customerservice@portauthority.org,https://www.portauthority.org,40.44181,-79.998536,https://www.portauthority.org/contact
Capital Area Transit CAT Harrisburg PA,Transportation,PA,Harrisburg,901 N Cameron St,717-238-8304,catinfo@cattransit.com,https://www.cattransit.com,40.271399,-76.876876,https://www.cattransit.com/contact
LANTA Lehigh and Northampton Transport PA,Transportation,PA,Allentown,1060 Lehigh St,610-776-7433,info@lantabus.com,https://www.lantabus.com,40.58747,-75.474534,https://www.lantabus.com/contact
Pennsylvania DOT Bureau of Public Transportation,Transportation,PA,Harrisburg,400 North St,717-787-4570,ra-ptransit@pa.gov,https://www.penndot.pa.gov/TravelInPA/busrail,40.26654,-76.883839,https://www.penndot.pa.gov/TravelInPA/busrail/contact
Philadelphia Dept of Public Health FQHC Network,Healthcare,PA,Philadelphia,1101 Market St 9th Fl,215-685-5000,health@phila.gov,https://www.phila.gov/departments/department-of-public-health,39.951778,-75.158367,https://www.phila.gov/departments/department-of-public-health/contact
Pennsylvania Association of Community Health Centers,Healthcare,PA,Harrisburg,2500 N Front St Ste 300,717-232-1822,info@pachc.net,https://pachc.net,,,https://pachc.net/contact
Community Health Center of the Lehigh Valley FQHC,Healthcare,PA,Allentown,1601 N 4th St,610-882-1777,info@chclv.org,https://www.chclv.org,40.585115,-75.459245,https://www.chclv.org/contact
Esperanza Health Center Philadelphia FQHC,Healthcare,PA,Philadelphia,4417 N 5th St,215-831-1100,info@esperanza.us,https://esperanza.us,40.018631,-75.134331,https://esperanza.us/contact
UPMC Community Medicine Pittsburgh PA,Healthcare,PA,Pittsburgh,600 Grant St,412-647-2345,communityhealth@upmc.edu,https://www.upmc.com/community,40.442047,-79.994945,https://www.upmc.com/community/contact
PA Dept of Labor and Industry PA CareerLink,Education-Employment,PA,Harrisburg,651 Boas St,717-787-5279,l-bpo-careerlink-info@pa.gov,https://www.dli.pa.gov,40.269259,-76.88282,https://www.dli.pa.gov/contact
Goodwill Keystone Area Lancaster PA,Education-Employment,PA,Lancaster,1215 Wheatfield St,717-392-7366,info@gwkeystone.org,https://www.gwkeystone.org,,,https://www.gwkeystone.org/contact
Philadelphia Workforce Development Corp,Education-Employment,PA,Philadelphia,1617 John F Kennedy Blvd Ste 1270,215-557-2452,info@philaworkforce.org,https://philaworkforce.org,39.953897,-75.166915,https://philaworkforce.org/contact
Urban League of Philadelphia PA,Education-Employment,PA,Philadelphia,121 S Broad St,215-985-3220,info@urbanleaguephila.org,https://www.urbanleaguephila.org,39.950121,-75.163939,https://www.urbanleaguephila.org/contact
Three Rivers Workforce Investment Board Pittsburgh,Education-Employment,PA,Pittsburgh,425 6th Ave Ste 890,412-552-0200,info@threeriversworkforce.org,https://threeriversworkforce.org,40.441105,-79.996595,https://threeriversworkforce.org/contact
Rhode Island Community Food Bank,Food,RI,Providence,200 Niantic Ave,401-942-6325,info@rifoodbank.org,https://www.rifoodbank.org,41.797624,-71.43928,https://www.rifoodbank.org/contact
Amos House Providence RI Food Pantry,Food,RI,Providence,460 Pine St,401-272-0220,info@amoshouse.com,https://www.amoshouse.com,41.812895,-71.419094,https://www.amoshouse.com/contact
Open Door Health Center RI Food Access,Food,RI,Pawtucket,374 Weeden St,401-728-5570,info@opendoorhealthri.org,https://www.opendoorhealthri.org,41.876919,-71.400769,https://www.opendoorhealthri.org/contact
Catholic Social Services RI Food Programs,Food,RI,Providence,One Cathedral Square,401-421-7833,info@cssri.org,https://www.cssri.org,41.844391,-71.449242,https://www.cssri.org/contact
Westerly Armory Food Pantry RI,Food,RI,Westerly,12 High St,401-596-6740,info@westerlyarmory.org,https://westerlyarmory.org,41.378148,-71.830442,https://westerlyarmory.org/contact
Rhode Island Housing (RIH),Housing,RI,Providence,44 Washington St,401-457-1234,info@rihousing.com,https://www.rihousing.com,41.823725,-71.413702,https://www.rihousing.com/contact
Providence Housing Authority,Housing,RI,Providence,100 Broad St,401-751-6400,info@provha.org,https://www.provha.org,41.818763,-71.415416,https://www.provha.org/contact
Crossroads Rhode Island Housing,Housing,RI,Providence,160 Broad St,401-521-2255,info@crossroadsri.org,https://www.crossroadsri.org,41.817049,-71.417499,https://www.crossroadsri.org/contact
Housing Network of Rhode Island,Housing,RI,Providence,5 Channel St Ste 104,401-682-4415,info@housingnetworkri.org,https://housingnetworkri.org,,,https://housingnetworkri.org/contact
Codex Foundation Affordable Housing RI,Housing,RI,Pawtucket,P.O. Box 8482,401-727-4488,info@codexri.org,https://codexri.org,,,https://codexri.org/contact
Rhode Island Public Transit Authority (RIPTA),Transportation,RI,Providence,265 Melrose St,401-781-9400,info@ripta.com,https://www.ripta.com,41.79292,-71.41991,https://www.ripta.com/contact
Rhode Island DOT Transit Programs,Transportation,RI,Providence,2 Capitol Hill,401-222-2481,transit@dot.ri.gov,https://www.dot.ri.gov/transit,41.790619,-71.498594,https://www.dot.ri.gov/transit/contact
South County Community Action RI Transit,Transportation,RI,Wakefield,P.O. Box 927,401-789-3016,info@southcountyri.org,https://southcountyri.org,41.437324,-71.501447,https://southcountyri.org/contact
Blackstone Valley Community Action — Transport RI,Transportation,RI,Pawtucket,32 Goff Ave,401-723-4520,info@bvcap.org,https://www.bvcap.org,41.878613,-71.387991,https://www.bvcap.org/contact
Community College of RI Shuttle and Paratransit,Transportation,RI,Warwick,400 East Ave,401-825-1000,info@ccri.edu,https://www.ccri.edu,41.716975,-71.478494,https://www.ccri.edu/contact
Thundermist Health Center FQHC Rhode Island,Healthcare,RI,West Warwick,186 Providence St,401-769-6500,info@thundermist.org,https://www.thundermist.org,41.713186,-71.517236,https://www.thundermist.org/contact
Providence Community Health Centers FQHC RI,Healthcare,RI,Providence,375 Allens Ave,401-444-0400,info@pchcri.org,https://pchcri.org,41.802793,-71.401391,https://pchcri.org/contact
Rhode Island Primary Care Association,Healthcare,RI,Providence,235 Promenade St Ste 500,401-298-6300,info@ripca.org,https://ripca.org,41.828548,-71.419912,https://ripca.org/contact
Comprehensive Community Action Program RI Health,Healthcare,RI,Cranston,311 Doric Ave,401-467-7013,info@ccapri.org,https://www.ccapri.org,41.776121,-71.427125,https://www.ccapri.org/contact
Hasbro Children's Hospital Community Health RI,Healthcare,RI,Providence,593 Eddy St,401-444-4000,communityhealth@lifespan.org,https://www.hasbro.org,41.810923,-71.407247,https://www.hasbro.org/community
Rhode Island Dept of Labor and Training,Education-Employment,RI,Cranston,1511 Pontiac Ave,401-462-8000,dlt.info@dlt.ri.gov,https://www.dlt.ri.gov,41.742281,-71.45888,https://www.dlt.ri.gov/contact
Goodwill Industries of Rhode Island,Education-Employment,RI,Providence,100 Houghton St,401-861-2080,info@goodwillri.org,https://www.goodwillri.org,41.856865,-71.435283,https://www.goodwillri.org/contact
Direct Action for Rights and Equality DARE RI,Education-Employment,RI,Providence,340 Lockwood St,401-351-6960,info@daretowinri.org,https://www.daretowinri.org,41.814765,-71.419545,https://www.daretowinri.org/contact
RI Workforce Board Unemployment to Employment,Education-Employment,RI,Providence,1511 Pontiac Ave Bldg 72-3,401-462-8900,info@riwb.org,https://www.riwb.org,,,https://www.riwb.org/contact
Community College of Rhode Island Workforce Dev,Education-Employment,RI,Warwick,400 East Ave,401-825-1000,workforce@ccri.edu,https://www.ccri.edu/workforce,41.716975,-71.478494,https://www.ccri.edu/workforce/contact
Harvest Hope Food Bank Columbia SC,Food,SC,Columbia,2220 Shop Rd,803-254-4432,info@harvesthope.org,https://harvesthope.org,33.963393,-80.992518,https://harvesthope.org/contact
Lowcountry Food Bank North Charleston SC,Food,SC,North Charleston,2864 Azalea Dr,843-747-8146,info@lcfb.org,https://www.lcfb.org,32.84375,-79.972141,https://www.lcfb.org/contact
Second Helpings Food Bank Greenville SC,Food,SC,Greenville,P.O. Box 9901,864-238-7388,info@secondhelpingssc.org,https://secondhelpingssc.org,,,https://secondhelpingssc.org/contact
Grand Strand Area Food Bank Myrtle Beach SC,Food,SC,Myrtle Beach,P.O. Box 1539,843-946-8180,info@grandstrandfoodbank.org,https://www.grandstrandfoodbank.org,,,https://www.grandstrandfoodbank.org/contact
Feeding the Upstate — Spartanburg SC,Food,SC,Spartanburg,P.O. Box 2424,864-574-8393,info@feedingupstate.org,https://feedingupstate.org,,,https://feedingupstate.org/contact
SC State Housing Finance and Development Authority,Housing,SC,Columbia,300 Outlet Pointe Blvd,803-896-9001,info@schousing.com,https://www.schousing.com,,,https://www.schousing.com/contact
Columbia Housing Authority SC,Housing,SC,Columbia,1917 Harden St,803-254-3886,info@columbiahousing.org,https://www.columbiahousing.org,34.015916,-81.023593,https://www.columbiahousing.org/contact
Charleston Housing Authority SC,Housing,SC,Charleston,1440 Lackawanna Blvd,843-722-1318,info@charlestonhousing.org,https://www.charlestonhousing.org,32.885459,-79.99523,https://www.charlestonhousing.org/contact
Habitat for Humanity of Greenville County SC,Housing,SC,Greenville,P.O. Box 7093,864-235-4004,info@habitatgreenville.org,https://habitatgreenville.org,,,https://habitatgreenville.org/contact
One80 Place — Charleston SC Homelessness Housing,Housing,SC,Charleston,P.O. Box 71516,843-723-9477,info@one80place.org,https://www.one80place.org,,,https://www.one80place.org/contact
Central Midlands Transit Columbia SC,Transportation,SC,Columbia,3613 Lucius Rd,803-255-7100,cmt@catchthecomet.org,https://www.catchthecomet.org,34.024595,-81.060292,https://www.catchthecomet.org/contact
CARTA — Charleston Area Regional Transportation,Transportation,SC,North Charleston,3664 Leeds Ave,843-724-7420,info@ridecarta.com,https://www.ridecarta.com,32.843682,-80.015435,https://www.ridecarta.com/contact
Greenlink Transit — Greenville SC,Transportation,SC,Greenville,100 W McBee Ave,864-467-4636,info@ridegreenlink.com,https://www.ridegreenlink.com,34.850021,-82.400498,https://www.ridegreenlink.com/contact
SCDOT Public Transportation Division,Transportation,SC,Columbia,955 Park St,803-737-2314,scdot.transit@scdot.org,https://www.scdot.org/travel/transit,33.996689,-81.035386,https://www.scdot.org/travel/transit/contact
Myrtle Beach Transit — Coast RTA SC,Transportation,SC,Myrtle Beach,1418 3rd Ave,843-488-0865,info@coastrta.com,https://www.coastrta.com,33.682468,-78.890494,https://www.coastrta.com/contact
SC Primary Health Care Association FQHC,Healthcare,SC,Columbia,1330 Lady St Ste 510,803-788-2778,info@scphca.org,https://www.scphca.org,34.003215,-81.031975,https://www.scphca.org/contact
Federally Qualified Health Center — Eau Claire Cooperative,Healthcare,SC,Columbia,3821 N Main St,803-256-0028,info@eauclairehealth.org,https://www.eauclairehealth.org,34.036449,-81.041548,https://www.eauclairehealth.org/contact
Fetter Health Care Network Charleston SC FQHC,Healthcare,SC,Charleston,1931 Ashley River Rd,843-722-8583,info@fetterhealth.org,https://www.fetterhealth.org,32.808869,-80.025277,https://www.fetterhealth.org/contact
Greenville Health Authority — Community Health SC,Healthcare,SC,Greenville,200 Patewood Dr Ste C100,864-797-7000,community@ghs.org,https://www.ghs.org,34.853758,-82.326272,https://www.ghs.org/community
Community Medical Clinic of the Midlands SC,Healthcare,SC,Lexington,P.O. Box 84,803-359-6909,info@cmcm.org,https://cmcm.org,33.898684,-81.275054,https://cmcm.org/contact
SC Dept of Employment and Workforce (DEW),Education-Employment,SC,Columbia,1550 Gadsden St,803-737-2400,info@dew.sc.gov,https://dew.sc.gov,34.003952,-81.042139,https://dew.sc.gov/contact
Goodwill Industries SC — Palmetto Goodwill,Education-Employment,SC,North Charleston,2150 Eagle Dr,843-566-0072,info@palmettogoodwill.org,https://palmettogoodwill.org,32.916148,-80.029866,https://palmettogoodwill.org/contact
SC Works — Statewide Career Centers,Education-Employment,SC,Columbia,1550 Gadsden St,803-737-9935,scworks@dew.sc.gov,https://www.scworks.org,34.003952,-81.042139,https://www.scworks.org/contact
Urban League of the Upstate SC — Greenville,Education-Employment,SC,Greenville,15 Regency Hill Dr,864-244-3862,info@ulupstate.org,https://www.ulupstate.org,34.873382,-82.358066,https://www.ulupstate.org/contact
Midlands Technical College Workforce Development SC,Education-Employment,SC,Columbia,P.O. Box 2408,803-738-8324,workforce@midlandstech.edu,https://www.midlandstech.edu/workforce,,,https://www.midlandstech.edu/workforce/contact
Feeding South Dakota — Sioux Falls,Food,SD,Sioux Falls,4701 N Westport Ave,605-335-0364,info@feedingsouthdakota.org,https://www.feedingsouthdakota.org,43.597463,-96.761217,https://www.feedingsouthdakota.org/contact
Feeding South Dakota — Rapid City Branch,Food,SD,Rapid City,1401 N Haines Ave,605-718-0886,rapidcity@feedingsouthdakota.org,https://www.feedingsouthdakota.org,44.097657,-103.221937,https://www.feedingsouthdakota.org/contact
Volunteers of America Dakotas — Food Pantry,Food,SD,Sioux Falls,800 N Splitrock Blvd,605-339-1886,info@voa-dakotas.org,https://voa-dakotas.org,,,https://voa-dakotas.org/contact
Salvation Army Aberdeen SD Food Services,Food,SD,Aberdeen,522 S Lincoln St,605-225-3309,aberdeen_sd@usc.salvationarmy.org,https://centralusa.salvationarmy.org/aberdeen,45.459931,-98.486709,https://centralusa.salvationarmy.org/aberdeen/contact
Black Hills Area Food Pantry — Rapid City SD,Food,SD,Rapid City,P.O. Box 2068,605-348-4357,info@blackhillsfoodpantry.org,https://blackhillsfoodpantry.org,,,https://blackhillsfoodpantry.org/contact
South Dakota Housing Development Authority,Housing,SD,Pierre,3060 E Elizabeth St,605-773-3181,sdhda@sdhda.org,https://www.sdhda.org,44.374952,-100.312137,https://www.sdhda.org/contact
Sioux Falls Housing and Redevelopment Commission,Housing,SD,Sioux Falls,231 N Dakota Ave,605-367-8840,sfhrc@siouxfalls.org,https://www.siouxfalls.org/housing,43.549058,-96.729885,https://www.siouxfalls.org/housing/contact
Rapid City Housing and Community Development,Housing,SD,Rapid City,300 6th St,605-394-4120,housing@rcgov.org,https://www.rcgov.org/housing,44.083165,-103.226256,https://www.rcgov.org/housing/contact
Homes Are Possible Inc (HAPI) — SD Housing,Housing,SD,Brookings,P.O. Box 1111,605-692-5764,info@hapinc.org,https://hapinc.org,,,https://hapinc.org/contact
Habitat for Humanity of Greater Sioux Falls,Housing,SD,Sioux Falls,200 S Minnesota Ave,605-336-8913,info@habitatsiouxfalls.org,https://habitatsiouxfalls.org,43.545941,-96.731232,https://habitatsiouxfalls.org/contact
Sioux Area Metro Transit (SAM) — Sioux Falls,Transportation,SD,Sioux Falls,1000 N West Ave,605-367-7151,samtransit@siouxfalls.org,https://www.siouxfalls.org/sam,43.558492,-96.746987,https://www.siouxfalls.org/sam/contact
Rapid Ride Transit — Rapid City SD,Transportation,SD,Rapid City,333 6th St,605-394-6631,rapidride@rcgov.org,https://www.rcgov.org/rapidride,44.0829,-103.226508,https://www.rcgov.org/rapidride/contact
South Dakota DOT Public Transportation Programs,Transportation,SD,Pierre,700 E Broadway Ave,605-773-3265,sddot.transit@state.sd.us,https://dot.sd.gov/travel/public-transportation,44.367671,-100.343911,https://dot.sd.gov/travel/public-transportation/contact
SD Community Action Partnership — Rural Transit,Transportation,SD,Pierre,700 Governors Dr,605-224-5516,info@sdcap.org,https://www.sdcap.org,44.369609,-100.341446,https://www.sdcap.org/contact
Lakota Oyate Transit — Pine Ridge Tribal SD,Transportation,SD,Pine Ridge,P.O. Box 1070,605-867-5821,transit@oglalalakotanation.gov,https://www.oglalalakotanation.gov,,,https://www.oglalalakotanation.gov/transit
Monument Health Community Clinic — Rapid City SD,Healthcare,SD,Rapid City,2001 Mt Rushmore Rd,605-755-1000,info@monumenthealth.net,https://www.monumenthealth.net,44.066483,-103.232491,https://www.monumenthealth.net/contact
Avera Health Community Clinics — Sioux Falls SD,Healthcare,SD,Sioux Falls,3900 S Kiwanis Ave,605-322-5200,info@avera.org,https://www.avera.org,43.510152,-96.757951,https://www.avera.org/contact
South Dakota Association of Healthcare Organizations,Healthcare,SD,Pierre,3708 W Brooks Pl,605-224-7186,info@sdaho.org,https://www.sdaho.org,,,https://www.sdaho.org/contact
Indian Health Board of Rapid City SD,Healthcare,SD,Rapid City,P.O. Box 2303,605-348-3660,info@ihbrc.org,https://www.ihbrc.org,,,https://www.ihbrc.org/contact
Sanford USD Medical Center Community Health SD,Healthcare,SD,Sioux Falls,1305 W 18th St,605-333-1000,community@sanfordhealth.org,https://www.sanfordhealth.org,43.536617,-96.742602,https://www.sanfordhealth.org/contact
South Dakota Department of Labor Workforce Dev,Education-Employment,SD,Pierre,420 S Roosevelt St,605-773-3101,dolr.info@state.sd.us,https://dlr.sd.gov,,,https://dlr.sd.gov/contact
Goodwill of the Great Plains — SD,Education-Employment,SD,Sioux Falls,4001 S Western Ave,605-336-3170,info@goodwillgreatplains.org,https://goodwillgreatplains.org,43.506652,-96.750539,https://goodwillgreatplains.org/contact
Sioux Falls Career Center — SD Department of Labor,Education-Employment,SD,Sioux Falls,811 E 10th St Ste 106,605-367-5300,dlr.siouxfalls@state.sd.us,https://dlr.sd.gov,43.546559,-96.716798,https://dlr.sd.gov/contact
Lakota Tech — Sinte Gleska Workforce Dev SD,Education-Employment,SD,Mission,101 Antelope Lake Circle,605-856-8100,info@sintegleska.edu,https://www.sintegleska.edu,,,https://www.sintegleska.edu/workforce
Black Hills Works — Rapid City SD Job Training,Education-Employment,SD,Rapid City,3650 Range Rd,605-791-6400,info@blackhillsworks.org,https://www.blackhillsworks.org,44.075814,-103.281061,https://www.blackhillsworks.org/contact
Second Harvest Food Bank of Middle Tennessee,Food,TN,Nashville,331 Great Circle Rd,615-329-3491,info@secondharvestmidtn.org,https://www.secondharvestmidtn.org,36.198119,-86.794079,https://www.secondharvestmidtn.org/contact
Mid-South Food Bank — Memphis TN,Food,TN,Memphis,239 S Pauline St,901-527-0841,info@midsouthfoodbank.org,https://www.midsouthfoodbank.org,35.135936,-90.028339,https://www.midsouthfoodbank.org/contact
Second Harvest Food Bank of East Tennessee,Food,TN,Maryville,2350 Sutherland Ave,865-521-0000,info@secondharvesttn.org,https://secondharvesttn.org,,,https://secondharvesttn.org/contact
Chattanooga Area Food Bank,Food,TN,Chattanooga,2009 S Holtzclaw Ave,423-622-1216,info@chattfoodbank.org,https://www.chattfoodbank.org,35.023003,-85.291418,https://www.chattfoodbank.org/contact
Second Harvest Food Bank of NE Tennessee,Food,TN,Rogersville,P.O. Box 65,423-272-3661,info@shfbnet.org,https://www.shfbnet.org,36.407317,-83.005442,https://www.shfbnet.org/contact
Tennessee Housing Development Agency (THDA),Housing,TN,Nashville,502 Deaderick St 3rd Fl,615-815-2200,thda.homebuyers@tn.gov,https://thda.org,36.1653,-86.781678,https://thda.org/contact
Metropolitan Development and Housing Agency — Nashville,Housing,TN,Nashville,712 S Sixth St,615-252-8400,mdha@nashville-mdha.org,https://www.nashville-mdha.org,36.165679,-86.758863,https://www.nashville-mdha.org/contact
Memphis Housing Authority,Housing,TN,Memphis,700 Adams Ave,901-544-1100,mha@mhaMemphis.org,https://www.mhaMemphis.org,35.144384,-90.037198,https://www.mhaMemphis.org/contact
Chattanooga Housing Authority,Housing,TN,Chattanooga,801 N Holtzclaw Ave,423-752-2500,info@chahousing.org,https://www.chahousing.org,35.04986,-85.276699,https://www.chahousing.org/contact
Open Table Nashville — Transitional Housing TN,Housing,TN,Nashville,P.O. Box 292365,615-942-4462,info@opentablenashville.org,https://opentablenashville.org,,,https://opentablenashville.org/contact
WeGo Public Transit — Nashville TN,Transportation,TN,Nashville,430 Myatt Dr,615-862-5950,wego@nashville.gov,https://www.wegotransit.com,36.273008,-86.689606,https://www.wegotransit.com/contact
Memphis Area Transit Authority (MATA),Transportation,TN,Memphis,1370 Levee Rd,901-274-6282,info@matatransit.com,https://www.matatransit.com,35.17908,-90.013188,https://www.matatransit.com/contact
Knoxville Area Transit (KAT),Transportation,TN,Knoxville,1135 E Magnolia Ave,865-637-3000,kat@knoxvilletn.gov,https://katbus.com,35.977127,-83.912827,https://katbus.com/contact
Chattanooga Area Regional Transportation Authority (CARTA),Transportation,TN,Chattanooga,1617 Wilcox Blvd,423-629-1473,info@gocarta.org,https://www.gocarta.org,35.056138,-85.270914,https://www.gocarta.org/contact
Tennessee DOT — Office of Multimodal Transportation,Transportation,TN,Nashville,505 Deaderick St,615-741-2848,tn.transit@tn.gov,https://www.tn.gov/tdot/multimodal,36.16519,-86.781633,https://www.tn.gov/tdot/multimodal/contact
Tennessee Primary Care Association FQHC,Healthcare,TN,Nashville,1 Vantage Way Ste C-250,615-782-9767,info@tnpca.org,https://tnpca.org,36.192856,-86.790928,https://tnpca.org/contact
Cherokee Health Systems — FQHC Knoxville TN,Healthcare,TN,Knoxville,2018 Western Ave,865-539-4996,info@cherokeehealth.com,https://www.cherokeehealth.com,35.966842,-83.944664,https://www.cherokeehealth.com/contact
Matthew Walker Comprehensive Health Center Nashville,Healthcare,TN,Nashville,1035 14th Ave N,615-327-9400,info@mwchc.org,https://www.mwchc.org,36.170401,-86.80115,https://www.mwchc.org/contact
Church Health Memphis FQHC TN,Healthcare,TN,Memphis,1350 Concourse Ave Ste 142,901-272-7170,info@churchhealth.org,https://churchhealth.org,35.151715,-90.01355,https://churchhealth.org/contact
Meharry Community Health Center Nashville TN,Healthcare,TN,Nashville,1005 Dr DB Todd Jr Blvd,615-327-6921,info@mmc.edu,https://www.mmc.edu,36.168386,-86.806276,https://www.mmc.edu/community
Tennessee Department of Labor — Jobs4TN,Education-Employment,TN,Nashville,220 French Landing Dr,615-741-6642,tn.labor@tn.gov,https://www.tn.gov/workforce,36.19177,-86.796937,https://www.tn.gov/workforce/contact
Goodwill Industries of Middle Tennessee,Education-Employment,TN,Nashville,937 Herman St,615-742-4151,info@goodwillmidtn.org,https://www.goodwillmidtn.org,36.16679,-86.797301,https://www.goodwillmidtn.org/contact
Memphis Goodwill Industries TN,Education-Employment,TN,Memphis,3165 Brother Blvd,901-323-6221,info@goodwillmemphis.org,https://goodwillmemphis.org,35.204721,-89.814677,https://goodwillmemphis.org/contact
Tennessee Workforce Investment Network — Nashville,Education-Employment,TN,Nashville,3490 Central Pike,615-532-0800,info@tnworks.org,https://www.tnworks.org,36.185488,-86.627006,https://www.tnworks.org/contact
Urban League of Greater Knoxville TN,Education-Employment,TN,Knoxville,1514 E 5th Ave,865-524-5738,info@ulknoxville.org,https://www.ulknoxville.org,35.979009,-83.910304,https://www.ulknoxville.org/contact
North Texas Food Bank — Plano,Food,TX,Plano,3677 Mapleshade Lane,214-341-6328,info@ntfb.org,https://www.ntfb.org,33.003294,-96.760993,https://www.ntfb.org/contact
Houston Food Bank,Food,TX,Houston,535 Portwall St,713-223-3700,info@houstonfoodbank.org,https://www.houstonfoodbank.org,29.781525,-95.275757,https://www.houstonfoodbank.org/contact
San Antonio Food Bank,Food,TX,San Antonio,5200 Enrique M Barrera Pkwy,210-431-8326,info@safoodbank.org,https://www.safoodbank.org,29.404292,-98.621802,https://www.safoodbank.org/contact
Central Texas Food Bank — Austin,Food,TX,Austin,6500 Metropolis Dr,512-282-2111,info@centraltexasfoodbank.org,https://www.centraltexasfoodbank.org,30.202105,-97.710307,https://www.centraltexasfoodbank.org/contact
Tarrant Area Food Bank — Fort Worth TX,Food,TX,Fort Worth,2600 Cullen St,817-857-7100,info@tafb.org,https://www.tafb.org,32.761708,-97.352822,https://www.tafb.org/contact
Texas Department of Housing and Community Affairs,Housing,TX,Austin,221 E 11th St,512-475-3800,info@tdhca.state.tx.us,https://www.tdhca.state.tx.us,30.272233,-97.739503,https://www.tdhca.state.tx.us/contact
Houston Housing Authority,Housing,TX,Houston,2640 Fountain View Dr,713-260-0500,info@housingforhouston.com,https://www.housingforhouston.com,29.738754,-95.484478,https://www.housingforhouston.com/contact
San Antonio Housing Authority (SAHA),Housing,TX,San Antonio,818 S Flores St,210-477-6000,info@saha.org,https://www.saha.org,29.415493,-98.498741,https://www.saha.org/contact
Dallas Housing Authority,Housing,TX,Dallas,3939 N Hampton Rd,214-951-8300,info@dhadal.com,https://www.dhadal.com,32.79147,-96.856509,https://www.dhadal.com/contact
Habitat for Humanity of San Antonio TX,Housing,TX,San Antonio,311 Probandt St,210-223-5218,info@habitat-sa.org,https://habitat-sa.org,29.405348,-98.495199,https://habitat-sa.org/contact
Metropolitan Transit Authority of Harris County (METRO),Transportation,TX,Houston,1900 Main St,713-739-4000,customerservice@ridemetro.org,https://www.ridemetro.org,29.750217,-95.370335,https://www.ridemetro.org/contact
Dallas Area Rapid Transit (DART),Transportation,TX,Dallas,1401 Pacific Ave,214-979-1111,customerservice@dart.org,https://www.dart.org,32.781962,-96.800714,https://www.dart.org/contact
VIA Metropolitan Transit — San Antonio TX,Transportation,TX,San Antonio,1021 San Pedro Ave,210-362-2020,customerservice@viainfo.net,https://www.viainfo.net,29.443062,-98.499406,https://www.viainfo.net/contact
Capital Metro Transportation Authority — Austin TX,Transportation,TX,Austin,2910 E 5th St,512-474-1200,customercare@capmetro.org,https://www.capmetro.org,30.256284,-97.709936,https://www.capmetro.org/contact
Fort Worth Transportation Authority (The T),Transportation,TX,Fort Worth,1600 E Lancaster Ave,817-215-8600,info@thefort.org,https://www.thefort.org,32.746078,-97.311843,https://www.thefort.org/contact
Harris Health System — Houston FQHC TX,Healthcare,TX,Houston,2525 Holly Hall St,713-566-6400,info@harrishealth.org,https://www.harrishealth.org,29.686078,-95.387356,https://www.harrishealth.org/contact
Texas Association of Community Health Centers,Healthcare,TX,Austin,1210 San Antonio St Ste 400,512-329-5959,info@tachc.org,https://www.tachc.org,30.275295,-97.745219,https://www.tachc.org/contact
CommuniCare Health Centers — San Antonio FQHC,Healthcare,TX,San Antonio,1011 Ayllon Ave,210-223-5256,info@communicarehealth.org,https://communicarehealth.org,,,https://communicarehealth.org/contact
Parkland Health — Dallas FQHC TX,Healthcare,TX,Dallas,5200 Harry Hines Blvd,214-590-8000,info@parklandhealth.org,https://www.parklandhealth.org,32.811586,-96.836791,https://www.parklandhealth.org/contact
People's Community Clinic — Austin TX FQHC,Healthcare,TX,Austin,1101 Camino La Costa,512-478-4939,info@austinpcc.org,https://www.austinpcc.org,30.324876,-97.700195,https://www.austinpcc.org/contact
Texas Workforce Commission,Education-Employment,TX,Austin,101 E 15th St,512-463-2222,workforce@twc.texas.gov,https://www.twc.texas.gov,30.276886,-97.739419,https://www.twc.texas.gov/contact
Goodwill Industries of Central Texas — Austin,Education-Employment,TX,Austin,1015 Norwood Park Blvd,512-637-7100,info@austingoodwill.org,https://www.austingoodwill.org,30.33917,-97.692986,https://www.austingoodwill.org/contact
Workforce Solutions Houston Gulf Coast TX,Education-Employment,TX,Houston,3555 Timmons Lane Ste 100,713-688-6890,info@wrksolutions.com,https://www.wrksolutions.com,29.734364,-95.43639,https://www.wrksolutions.com/contact
Urban League of Greater Dallas TX,Education-Employment,TX,Dallas,4315 S Lancaster Rd,214-915-4600,info@ulgd.org,https://ulgd.org,32.696584,-96.794345,https://ulgd.org/contact
San Antonio Works — Alamo Workforce Dev TX,Education-Employment,TX,San Antonio,100 W Houston St Ste 2300,210-272-3260,info@saworks.org,https://www.saworks.org,29.426375,-98.493841,https://www.saworks.org/contact
Utah Food Bank — Salt Lake City,Food,UT,Salt Lake City,3150 S 900 W,801-978-2452,info@utahfoodbank.org,https://www.utahfoodbank.org,40.704018,-111.917017,https://www.utahfoodbank.org/contact
Ogden Emergency Food Pantry — Northern Utah,Food,UT,Ogden,2875 Lincoln Ave,801-621-5959,info@ogdenemergencyfoodpantry.org,https://ogdenemergencyfoodpantry.org,41.212894,-111.976352,https://ogdenemergencyfoodpantry.org/contact
St. George Food Bank — Dixie Care and Share UT,Food,UT,St. George,525 E 600 S,435-673-6249,info@dixiecareandshare.org,https://www.dixiecareandshare.org,37.098031,-113.572203,https://www.dixiecareandshare.org/contact
Provo Community Food Cooperative UT,Food,UT,Provo,P.O. Box 50131,801-373-2828,info@pcfcoop.org,https://pcfcoop.org,,,https://pcfcoop.org/contact
Moab Valley Multicultural Center Food Pantry,Food,UT,Moab,P.O. Box 1099,435-259-7727,info@moabmulti.org,https://moabmulti.org,,,https://moabmulti.org/contact
Utah Housing Corporation (UHC),Housing,UT,Salt Lake City,2479 Lake Park Blvd,801-902-8200,info@utahhousingcorp.org,https://www.utahhousingcorp.org,40.715825,-111.989269,https://www.utahhousingcorp.org/contact
Housing Authority of Salt Lake City,Housing,UT,Salt Lake City,1776 S West Temple,801-487-2161,info@slchousing.org,https://www.slchousing.org,40.731936,-111.894013,https://www.slchousing.org/contact
Ogden Housing Authority UT,Housing,UT,Ogden,1060 E 25th St,801-394-3572,oha@ogdenhousing.org,https://www.ogdenhousing.org,41.220464,-111.952032,https://www.ogdenhousing.org/contact
Utah Community Action — Salt Lake Transitional Housing,Housing,UT,Salt Lake City,P.O. Box 90396,801-359-2444,info@utahca.org,https://www.utahca.org,,,https://www.utahca.org/contact
Habitat for Humanity of Utah County,Housing,UT,Provo,275 W 100 N,801-373-5711,info@habitatuc.org,https://habitatuc.org,40.235058,-111.663472,https://habitatuc.org/contact
Utah Transit Authority (UTA),Transportation,UT,Salt Lake City,669 W 200 S,801-743-3882,customerservice@rideuta.com,https://www.rideuta.com,40.764933,-111.910978,https://www.rideuta.com/contact
Cache Valley Transit District — Logan UT,Transportation,UT,Logan,601 W 200 N,435-752-2877,info@cvtdbus.org,https://www.cvtdbus.org,41.735535,-111.850022,https://www.cvtdbus.org/contact
St. George SunTran — Dixie Area Transit UT,Transportation,UT,St. George,86 S 100 E,435-673-8726,suntran@sgcity.org,https://suntran.org,37.106746,-113.581262,https://suntran.org/contact
Utah DOT Transit and Active Transportation,Transportation,UT,Salt Lake City,4501 S 2700 W,801-965-4000,transit@utah.gov,https://www.udot.utah.gov/transit,40.671924,-111.95793,https://www.udot.utah.gov/transit/contact
Provo Pulse — Utah Valley Bus System,Transportation,UT,Provo,351 W Center St,801-852-6900,businfo@provo.org,https://www.provo.org/pulse,40.233613,-111.664783,https://www.provo.org/pulse/contact
Utah Community Health Centers — FQHC Network,Healthcare,UT,Salt Lake City,P.O. Box 540338,801-716-6556,info@uchc.org,https://www.uchc.org,,,https://www.uchc.org/contact
Fourth Street Clinic — FQHC Salt Lake City UT,Healthcare,UT,Salt Lake City,404 W 400 S,801-364-0058,info@fourthstreetclinic.org,https://fourthstreetclinic.org,40.7607,-111.902661,https://fourthstreetclinic.org/contact
Maliheh Free Clinic — Salt Lake City UT,Healthcare,UT,Salt Lake City,406 E 300 S,801-467-4085,info@maliheha.org,https://maliheha.org,40.762773,-111.879381,https://maliheha.org/contact
Midvale Community Health Center FQHC Utah,Healthcare,UT,Midvale,7153 S Main St,801-566-6100,info@midvalehealth.org,https://midvalehealth.org,40.598841,-111.910246,https://midvalehealth.org/contact
Utah Navajo Health System FQHC — Montezuma Creek,Healthcare,UT,Montezuma Creek,P.O. Box 308,435-651-3539,unhs@unhs.org,https://www.unhs.org,37.259819,-109.303793,https://www.unhs.org/contact
Utah Department of Workforce Services (DWS),Education-Employment,UT,Salt Lake City,140 E 300 S,801-526-9675,dws@utah.gov,https://jobs.utah.gov,40.762773,-111.887104,https://jobs.utah.gov/contact
Goodwill Industries of Utah,Education-Employment,UT,Salt Lake City,1575 S Redwood Rd,801-972-4408,info@goodwillut.org,https://www.goodwillut.org,40.735735,-111.938898,https://www.goodwillut.org/contact
Salt Lake Community College Workforce Dev UT,Education-Employment,UT,Salt Lake City,4600 S Redwood Rd,801-957-4073,workforce@slcc.edu,https://www.slcc.edu/workforce,40.66918,-111.938953,https://www.slcc.edu/workforce/contact
Refugees and Immigrants Community Center (RACC) UT,Education-Employment,UT,West Valley City,2891 W 3500 S Ste 6,801-977-7990,info@raccutah.org,https://raccutah.org,40.696587,-111.96304,https://raccutah.org/contact
Utah Community Action Employment Programs,Education-Employment,UT,Salt Lake City,P.O. Box 90396,801-359-2444,jobs@utahca.org,https://www.utahca.org,,,https://www.utahca.org/employment
Vermont Foodbank — Barre VT,Food,VT,Barre,33 Parker Rd,802-476-3341,info@vtfoodbank.org,https://www.vtfoodbank.org,44.173717,-72.48306,https://www.vtfoodbank.org/contact
Chittenden Emergency Food Shelf — Burlington VT,Food,VT,Burlington,P.O. Box 65355,802-860-1060,info@cefsvt.org,https://www.cefsvt.org,,,https://www.cefsvt.org/contact
Open Door Clinic — Hardwick VT Food Access,Food,VT,Hardwick,P.O. Box 302,802-472-6800,info@hardwickclinic.org,https://hardwickclinic.org,44.504343,-72.366,https://hardwickclinic.org/contact
Rutland County Humane Society Food Pantry VT,Food,VT,Pittsford,P.O. Box 39,802-483-6700,info@rchsvt.org,https://www.rchsvt.org,43.70636,-73.02775,https://www.rchsvt.org/contact
St. Johnsbury Food Shelf — Northeast Kingdom VT,Food,VT,St. Johnsbury,P.O. Box 7,802-748-1199,info@nkhumanecoalition.org,https://www.nkhumanecoalition.org,44.419494,-72.015653,https://www.nkhumanecoalition.org/food
Vermont Housing Finance Agency (VHFA),Housing,VT,Burlington,164 Saint Paul St,802-864-5743,info@vhfa.org,https://www.vhfa.org,44.474804,-73.213854,https://www.vhfa.org/contact
Burlington Housing Authority VT,Housing,VT,Burlington,65 Main St,802-864-0538,info@burlingtonhousing.org,https://www.burlingtonhousing.org,44.475724,-73.216971,https://www.burlingtonhousing.org/contact
Champlain Housing Trust — Burlington VT,Housing,VT,Burlington,88 King St,802-862-6244,info@champlainhousingtrust.org,https://champlainhousingtrust.org,44.474789,-73.214799,https://champlainhousingtrust.org/contact
Addison County Community Trust — VT Housing,Housing,VT,Middlebury,1135 Exchange St,802-388-2285,info@acct-vt.org,https://acct-vt.org,44.034649,-73.168882,https://acct-vt.org/contact
Turning Point Center of Rutland County VT Housing,Housing,VT,Rutland,141 State St,802-773-6010,info@tpcrc.org,https://www.tpcrc.org,43.609009,-72.986177,https://www.tpcrc.org/contact
Green Mountain Transit (GMT) — Burlington VT,Transportation,VT,Burlington,15 Industrial Pkwy,802-864-2282,info@ridegmt.com,https://www.ridegmt.com,44.450842,-73.219084,https://www.ridegmt.com/contact
Stagecoach Transportation — Bradford VT,Transportation,VT,Bradford,P.O. Box 467,802-748-8170,info@stagecoachvt.org,https://stagecoachvt.org,43.992428,-72.129452,https://stagecoachvt.org/contact
Vermont Agency of Transportation — Transit,Transportation,VT,Montpelier,1 National Life Dr,802-828-2657,vtrans.transit@vermont.gov,https://vtrans.vermont.gov/transit,44.254094,-72.583776,https://vtrans.vermont.gov/transit/contact
Rural Community Transportation — Hardwick VT,Transportation,VT,Hardwick,P.O. Box 27,802-748-8170,rct@riderct.org,https://riderct.org,44.504343,-72.366,https://riderct.org/contact
Marble Valley Regional Transit District — Rutland VT,Transportation,VT,Rutland,P.O. Box 6404,802-773-3244,info@thebus.com,https://www.thebus.com,,,https://www.thebus.com/contact
Community Health Centers of Burlington VT FQHC,Healthcare,VT,Burlington,617 Riverside Ave,802-864-6309,info@chcb.org,https://www.chcb.org,44.48968,-73.204439,https://www.chcb.org/contact
Vermont Primary Care Association FQHC,Healthcare,VT,Montpelier,58 E State St Ste 2,802-229-0002,info@vtpca.org,https://www.vtpca.org,44.258744,-72.571748,https://www.vtpca.org/contact
Northeast Kingdom Community Health — Derby VT,Healthcare,VT,Derby,P.O. Box 206,802-766-6990,info@nekchs.org,https://www.nekchs.org,44.947412,-72.133932,https://www.nekchs.org/contact
Rutland County Medical Center Community Health VT,Healthcare,VT,Rutland,160 Allen St,802-775-7111,community@rrmc.org,https://www.rrmc.org,43.598994,-72.956705,https://www.rrmc.org/community
Open Door Clinic — Free Health Care Hardwick VT,Healthcare,VT,Hardwick,P.O. Box 302,802-472-6800,info@hardwickclinic.org,https://hardwickclinic.org,44.504343,-72.366,https://hardwickclinic.org/contact
Vermont Dept of Labor — Career Resource Centers,Education-Employment,VT,Montpelier,5 Green Mountain Dr,802-828-4000,labor.vermont@vermont.gov,https://labor.vermont.gov,44.234132,-72.556164,https://labor.vermont.gov/contact
Goodwill of Northern New England — Vermont,Education-Employment,VT,Portland,34 Hutcherson Dr,207-774-6323,info@goodwillnne.org,https://www.goodwillnne.org,,,https://www.goodwillnne.org/contact
Champlain Valley Office of Economic Opportunity VT,Education-Employment,VT,Burlington,255 S Champlain St,802-862-2771,info@cvoeo.org,https://www.cvoeo.org,44.472506,-73.216932,https://www.cvoeo.org/contact
Vermont Adult Learning — Workforce Development,Education-Employment,VT,Montpelier,7 Prospect St Ste 2,802-828-6900,info@vtadultlearning.org,https://www.vtadultlearning.org,44.256369,-72.577571,https://www.vtadultlearning.org/contact
Emerge Vermont — Burlington Job Training VT,Education-Employment,VT,Burlington,179 S Winooski Ave,802-860-1417,info@emergevt.org,https://emergevt.org,44.474882,-73.210885,https://emergevt.org/contact
Capital Area Food Bank — Northern Virginia,Food,VA,Washington DC,4900 Puerto Rico Ave NE,202-526-5344,info@capitalareafoodbank.org,https://www.capitalareafoodbank.org,,,https://www.capitalareafoodbank.org/contact
Feeding America Southwest Virginia,Food,VA,Salem,1025 Electric Rd SW,540-342-3011,info@faswva.org,https://www.faswva.org,37.279292,-80.03544,https://www.faswva.org/contact
Virginia Peninsula Foodbank — Hampton,Food,VA,Hampton,2401 Aluminum Ave,757-596-7188,info@vpfoodbank.org,https://www.vpfoodbank.org,37.006224,-76.404077,https://www.vpfoodbank.org/contact
Feeding America Fredericksburg Regional Food Bank,Food,VA,Fredericksburg,4445 Lafayette Blvd,540-371-7666,info@fredericksburgfoodbank.org,https://www.fredericksburgfoodbank.org,38.258024,-77.49388,https://www.fredericksburgfoodbank.org/contact
Blue Ridge Area Food Bank — Charlottesville VA,Food,VA,Verona,P.O. Box 937,540-248-3663,info@brafb.org,https://www.brafb.org,38.195084,-79.005071,https://www.brafb.org/contact
Virginia Housing Development Authority (VHDA),Housing,VA,Richmond,601 S Belvidere St,804-782-1986,info@vhda.com,https://www.vhda.com,37.537519,-77.449065,https://www.vhda.com/contact
Richmond Redevelopment and Housing Authority,Housing,VA,Richmond,901 Chamberlayne Pkwy,804-780-4200,info@rrha.com,https://www.rrha.com,37.551825,-77.440809,https://www.rrha.com/contact
Norfolk Redevelopment and Housing Authority,Housing,VA,Norfolk,201 Granby St,757-623-1111,info@nrha.us,https://www.nrha.us,36.848003,-76.291553,https://www.nrha.us/contact
Alexandria Housing Development Corporation VA,Housing,VA,Alexandria,2603 Cameron Mills Rd,703-329-6090,info@ahdc.org,https://www.ahdc.org,38.828143,-77.073604,https://www.ahdc.org/contact
Habitat for Humanity of Greater Charlottesville VA,Housing,VA,Charlottesville,919 E Market St,434-293-9066,info@cvillehabitat.org,https://www.cvillehabitat.org,38.029472,-78.474841,https://www.cvillehabitat.org/contact
GRTC Transit System — Richmond VA,Transportation,VA,Richmond,301 E Belt Blvd,804-358-4782,customerservice@ridegrtc.com,https://www.ridegrtc.com,37.505406,-77.479127,https://www.ridegrtc.com/contact
Hampton Roads Transit (HRT) — Norfolk VA,Transportation,VA,Norfolk,509 E 18th St,757-222-6100,customerservice@hrtransit.org,https://www.hrtransit.org,36.864826,-76.281673,https://www.hrtransit.org/contact
OmniRide — Prince William Transit VA,Transportation,VA,Woodbridge,14700 Potomac Mills Rd,703-730-6664,info@omniride.com,https://www.omniride.com,38.630236,-77.295938,https://www.omniride.com/contact
Virginia DOT — Transit Programs Division,Transportation,VA,Richmond,1401 E Broad St,804-786-2701,transit@vdot.virginia.gov,https://www.vtrans.org,37.53817,-77.429725,https://www.vtrans.org/contact
Charlottesville Area Transit (CAT) VA,Transportation,VA,Charlottesville,610 E Market St,434-970-3649,cat@charlottesville.gov,https://www.charlottesville.gov/cat,38.030288,-78.47732,https://www.charlottesville.gov/cat/contact
Virginia Primary Care Association FQHC,Healthcare,VA,Richmond,2209 Tomlynn St Ste 100,804-622-9996,info@vapca.org,https://www.vapca.org,37.581021,-77.479509,https://www.vapca.org/contact
Daily Planet Health Services — Richmond VA FQHC,Healthcare,VA,Richmond,517 W Grace St,804-783-2505,info@dailyplanethealth.org,https://dailyplanethealth.org,37.547428,-77.44731,https://dailyplanethealth.org/contact
Sentara Healthcare Community Health — Norfolk VA,Healthcare,VA,Norfolk,6015 Poplar Hall Dr,757-455-7000,community@sentara.com,https://www.sentara.com,36.850511,-76.197013,https://www.sentara.com/community
Community Health Center of the New River Valley VA,Healthcare,VA,Radford,1001 Tyler Ave,540-639-5971,info@chcnrv.org,https://chcnrv.org,37.130886,-80.548136,https://chcnrv.org/contact
Neighborhood Health — Arlington VA FQHC,Healthcare,VA,Arlington,3772 S Four Mile Run Dr,703-998-1580,info@neighborhoodhealthva.org,https://neighborhoodhealthva.org,38.844618,-77.089289,https://neighborhoodhealthva.org/contact
Virginia Employment Commission (VEC),Education-Employment,VA,Richmond,703 E Main St,804-786-3001,vec.info@vec.virginia.gov,https://www.vec.virginia.gov,37.5392,-77.438074,https://www.vec.virginia.gov/contact
Goodwill Industries of the Valleys — Roanoke VA,Education-Employment,VA,Roanoke,2502 Melrose Ave NW,540-581-0620,info@goodwillvalleys.com,https://www.goodwillvalleys.com,37.288046,-79.978927,https://www.goodwillvalleys.com/contact
Northern Virginia Workforce Board (NVWDB),Education-Employment,VA,Fairfax,4031 University Dr Ste 200,703-503-7831,info@nvwdb.org,https://www.nvwdb.org,38.844497,-77.305752,https://www.nvwdb.org/contact
Urban League of Hampton Roads VA,Education-Employment,VA,Norfolk,840 Goff Cove Rd,757-627-0864,info@ulhr.org,https://www.ulhr.org,36.859303,-76.275046,https://www.ulhr.org/contact
New Horizons Healthcare — FQHC VA Employment Svcs,Education-Employment,VA,Richmond,P.O. Box 29868,804-264-4200,info@nhcare.org,https://nhcare.org,,,https://nhcare.org/contact
Food Lifeline — Seattle WA,Food,WA,Seattle,1702 NE 150th St,206-545-6600,info@foodlifeline.org,https://foodlifeline.org,47.737599,-122.310034,https://foodlifeline.org/contact
Second Harvest Inland Northwest — Spokane WA,Food,WA,Spokane,1234 E Front Ave,509-534-6678,info@2-harvest.org,https://www.2-harvest.org,47.660526,-117.391113,https://www.2-harvest.org/contact
Northwest Harvest — Statewide WA,Food,WA,Seattle,P.O. Box 12272,206-521-2600,info@northwestharvest.org,https://www.northwestharvest.org,,,https://www.northwestharvest.org/contact
Tacoma-Pierce County Food Bank,Food,WA,Tacoma,1526 Fawcett Ave,253-272-5121,info@tacomafoodbank.org,https://tacomafoodbank.org,47.248477,-122.442046,https://tacomafoodbank.org/contact
Tri-Cities Food Bank — Kennewick WA,Food,WA,Kennewick,P.O. Box 2014,509-586-3020,info@tricitiesfoodbank.org,https://tricitiesfoodbank.org,,,https://tricitiesfoodbank.org/contact
Washington State Housing Finance Commission,Housing,WA,Seattle,1000 2nd Ave Ste 2700,206-464-7139,info@wshfc.org,https://www.wshfc.org,47.60524,-122.335104,https://www.wshfc.org/contact
Seattle Housing Authority,Housing,WA,Seattle,190 Queen Anne Ave N,206-239-1500,customerservice@seattlehousing.org,https://www.seattlehousing.org,47.619625,-122.356665,https://www.seattlehousing.org/contact
Spokane Housing Authority,Housing,WA,Spokane,55 W Mission Ave,509-328-2953,sha@spokanehousing.org,https://www.spokanehousing.org,47.671681,-117.412407,https://www.spokanehousing.org/contact
Community Frameworks — Spokane WA Affordable Housing,Housing,WA,Spokane,25 W Main Ave Ste 407,509-443-9089,info@communityframeworks.org,https://communityframeworks.org,47.65903,-117.411438,https://communityframeworks.org/contact
Habitat for Humanity Seattle-King and Kittitas Counties,Housing,WA,Seattle,7824 S 188th St,206-453-2950,info@habitatskk.org,https://habitatskk.org,,,https://habitatskk.org/contact
King County Metro Transit — Seattle WA,Transportation,WA,Seattle,201 S Jackson St,206-553-3000,metro.feedback@kingcounty.gov,https://kingcounty.gov/metro,47.599146,-122.331497,https://kingcounty.gov/metro/contact
Sound Transit — Puget Sound Regional Rail WA,Transportation,WA,Seattle,401 S Jackson St,888-889-6368,customerservice@soundtransit.org,https://www.soundtransit.org,47.599137,-122.328904,https://www.soundtransit.org/contact
Spokane Transit Authority (STA),Transportation,WA,Spokane,1230 W Boone Ave,509-328-7433,info@spokanetransit.com,https://www.spokanetransit.com,47.668085,-117.430149,https://www.spokanetransit.com/contact
Pierce Transit — Tacoma WA,Transportation,WA,Lakewood,3701 96th St SW,253-581-8000,customerservice@piercetransit.org,https://www.piercetransit.org,47.170192,-122.486808,https://www.piercetransit.org/contact
Washington DOT — Transit Programs Division,Transportation,WA,Olympia,310 Maple Park Ave SE,360-705-7000,transit@wsdot.wa.gov,https://wsdot.wa.gov/travel/transit,47.033977,-122.89807,https://wsdot.wa.gov/travel/transit/contact
Washington State Primary Care Association FQHC,Healthcare,WA,Olympia,2150 Parker Rd SE,360-753-8100,info@wapca.org,https://wapca.org,,,https://wapca.org/contact
Neighborcare Health — Seattle FQHC WA,Healthcare,WA,Seattle,4400 Stone Way N,206-461-6935,info@neighborcare.org,https://www.neighborcare.org,47.660018,-122.342131,https://www.neighborcare.org/contact
Sea Mar Community Health Centers — WA FQHC,Healthcare,WA,Seattle,1040 S Henderson St,206-764-4700,info@seamar.org,https://www.seamar.org,47.523112,-122.319712,https://www.seamar.org/contact
Yakima Valley Farm Workers Clinic — FQHC WA,Healthcare,WA,Yakima,P.O. Box 2408,509-573-4840,info@yvfwc.com,https://www.yvfwc.com,,,https://www.yvfwc.com/contact
Columbia Valley Community Health FQHC Wenatchee WA,Healthcare,WA,Wenatchee,P.O. Box 909,509-886-6400,info@cvch.org,https://www.cvch.org,47.42346,-120.310349,https://www.cvch.org/contact
Washington State Employment Security Dept,Education-Employment,WA,Olympia,P.O. Box 9046,800-318-6022,askESD@esd.wa.gov,https://esd.wa.gov,,,https://esd.wa.gov/contact
Goodwill Industries of the Olympics and Rainier Region,Education-Employment,WA,Tacoma,714 S 27th St,253-573-6500,info@goodwillorr.org,https://www.goodwillorr.org,47.23607,-122.442304,https://www.goodwillorr.org/contact
Workforce Development Council of Seattle-King County,Education-Employment,WA,Seattle,2003 Western Ave Ste 250,206-448-0474,info@seakingwdc.org,https://www.seakingwdc.org,47.610666,-122.344051,https://www.seakingwdc.org/contact
Career Path Services — Spokane WA Workforce,Education-Employment,WA,Spokane,P.O. Box 18247,509-536-0767,info@careerpathservices.org,https://careerpathservices.org,,,https://careerpathservices.org/contact
Urban League of Metropolitan Seattle WA,Education-Employment,WA,Seattle,101 Yesler Way Ste 300,206-461-3792,info@urbanleague.org,https://www.urbanleague.org,47.601666,-122.333818,https://www.urbanleague.org/contact
Facing Hunger Foodbank — Huntington WV,Food,WV,Huntington,1327 7th Ave,304-523-6029,info@facinghunger.org,https://facinghunger.org,38.417929,-82.435357,https://facinghunger.org/contact
Mountaineer Food Bank — Gassaway WV,Food,WV,Gassaway,P.O. Box 1066,304-364-5518,info@mountaineerfoodbank.org,https://www.mountaineerfoodbank.org,,,https://www.mountaineerfoodbank.org/contact
Greater Pittsburgh Community Food Bank — WV,Food,WV,Wheeling,111 12th St,304-232-4980,info@wpafoodbank.org,https://www.wpafoodbank.org,40.067683,-80.718808,https://www.wpafoodbank.org/contact
Covenant House — Charleston WV Food Pantry,Food,WV,Charleston,P.O. Box 11826,304-344-8053,info@covenanthouse-wv.org,https://covenanthouse-wv.org,,,https://covenanthouse-wv.org/contact
Morgantown Area Food Bank WV,Food,WV,Morgantown,P.O. Box 1035,304-292-4326,info@morgantownfoodbank.org,https://morgantownfoodbank.org,,,https://morgantownfoodbank.org/contact
West Virginia Housing Development Fund (WVHDF),Housing,WV,Charleston,814 Virginia St E,304-345-6475,wvhdf@wvhdf.com,https://www.wvhdf.com,38.349186,-81.635799,https://www.wvhdf.com/contact
Charleston Area Housing Authority WV,Housing,WV,Charleston,P.O. Box 2731,304-340-3900,info@cha-wv.org,https://www.cha-wv.org,,,https://www.cha-wv.org/contact
Huntington Housing Authority WV,Housing,WV,Huntington,P.O. Box 2547,304-529-9321,info@huntingtonha.org,https://www.huntingtonha.org,,,https://www.huntingtonha.org/contact
ARCH — WV Affordable Rehousing Committee Charleston,Housing,WV,Charleston,1419 Summers St,304-346-5511,info@wvarch.org,https://www.wvarch.org,38.352153,-81.632967,https://www.wvarch.org/contact
Habitat for Humanity of Kanawha and Putnam WV,Housing,WV,Charleston,P.O. Box 3001,304-342-2345,info@kanawhahabitat.org,https://www.kanawhahabitat.org,,,https://www.kanawhahabitat.org/contact
RDMTS — Rapid Dense Metro Transit System Huntington WV,Transportation,WV,Huntington,1005 7th Ave,304-529-6831,transit@cityofhuntington.com,https://www.cityofhuntington.com/transit,38.416974,-82.44088,https://www.cityofhuntington.com/transit/contact
Charleston Area Transit System (CATS) WV,Transportation,WV,Charleston,P.O. Box 1188,304-348-6356,cats@charlestonwv.gov,https://www.charlestonwv.gov/cats,,,https://www.charlestonwv.gov/cats/contact
Eastern WV Regional Airport Ground Transport,Transportation,WV,Martinsburg,170 Airport Circle,304-267-2632,transport@ewvra.com,https://www.ewvra.com,39.382198,-77.979682,https://www.ewvra.com/contact
West Virginia DOT Public Transit Programs,Transportation,WV,Charleston,1900 Kanawha Blvd E Bldg 5,304-558-9614,transit@wvdot.com,https://transportation.wv.gov,38.335843,-81.614203,https://transportation.wv.gov/transit/contact
Mountain Line Transit — Morgantown WV,Transportation,WV,Morgantown,P.O. Box 1799,304-291-7433,mountainline@wvu.edu,https://busride.org,,,https://busride.org/contact
West Virginia Primary Care Association FQHC,Healthcare,WV,Charleston,3001 Chesterfield Place,304-346-0032,info@wvpca.org,https://wvpca.org,38.327693,-81.606771,https://wvpca.org/contact
Charleston Area Medical Center Community Health WV,Healthcare,WV,Charleston,501 Morris St,304-388-5432,community@camc.org,https://www.camc.org,38.347296,-81.626034,https://www.camc.org/community
Valley Health Systems FQHC Huntington WV,Healthcare,WV,Huntington,P.O. Box 1489,304-525-3993,info@valleyhealthsystems.org,https://www.valleyhealthsystems.org,,,https://www.valleyhealthsystems.org/contact
WVU Medicine Community Clinics — Morgantown,Healthcare,WV,Morgantown,1 Medical Center Dr,304-598-4000,community@wvumedicine.org,https://www.wvumedicine.org,39.652236,-79.959761,https://www.wvumedicine.org/community
Cabin Creek Health Systems FQHC WV,Healthcare,WV,Dawes,P.O. Box 348,304-595-6900,info@cabincreekhealth.org,https://cabincreekhealth.org,38.143858,-81.451743,https://cabincreekhealth.org/contact
West Virginia Dept of Commerce Workforce WV,Education-Employment,WV,Charleston,State Capitol Complex Bldg 6,304-558-2660,workforcewv@wv.gov,https://workforcewv.org,,,https://workforcewv.org/contact
Goodwill Industries of Kanawha Valley WV,Education-Employment,WV,Charleston,2045 Fifth Ave,304-346-2116,info@goodwillkv.org,https://goodwillkv.org,,,https://goodwillkv.org/contact
Human Rights Commission WV — Employment Services,Education-Employment,WV,Charleston,1321 Plaza E,304-558-2616,humanrights@wvhrc.com,https://www.wvhrc.com,38.369471,-81.669076,https://www.wvhrc.com/contact
Coalfield Community Action Partnership WV,Education-Employment,WV,Oak Hill,P.O. Box 1590,304-469-9855,info@coalfieldcap.org,https://coalfieldcap.org,,,https://coalfieldcap.org/contact
WV Collaborative for Learning and Leadership,Education-Employment,WV,Charleston,P.O. Box 2396,304-346-1936,info@wvcll.org,https://www.wvcll.org,,,https://www.wvcll.org/contact
Feeding America Eastern Wisconsin — Fond du Lac,Food,WI,Fond du Lac,1700 W Main St,920-921-3571,info@feedingamericawi.org,https://www.feedingamericawi.org,43.633106,-88.759377,https://www.feedingamericawi.org/contact
Second Harvest Foodbank of Southern Wisconsin,Food,WI,Madison,2802 Dairy Dr,608-223-9121,info@secondharvestmadison.org,https://www.secondharvestmadison.org,43.058142,-89.295125,https://www.secondharvestmadison.org/contact
Milwaukee Hunger Task Force WI,Food,WI,Milwaukee,201 S Hawley Ct,414-777-0483,info@hungercoalition.org,https://www.hungercoalition.org,43.02952,-87.985098,https://www.hungercoalition.org/contact
Feeding America Western Michigan — WI Border,Food,WI,Green Bay,702 Packerland Dr,920-468-1340,info@foodbankgb.org,https://www.foodbankgb.org,44.528035,-88.096503,https://www.foodbankgb.org/contact
Indianhead Community Action Agency — Food WI,Food,WI,Ladysmith,P.O. Box 430,715-532-3651,info@indianheadcaa.org,https://indianheadcaa.org,45.464252,-91.100864,https://indianheadcaa.org/contact
Wisconsin Housing and Economic Development Authority (WHEDA),Housing,WI,Madison,201 W Washington Ave Ste 700,800-334-6873,info@wheda.com,https://www.wheda.com,43.073155,-89.386219,https://www.wheda.com/contact
Milwaukee Housing Authority WI,Housing,WI,Milwaukee,809 N Broadway,414-286-5100,info@hacmwi.org,https://www.hacmwi.org,43.041286,-87.908182,https://www.hacmwi.org/contact
Madison Housing Authority WI,Housing,WI,Madison,215 S Hamilton St Ste 300,608-266-4675,info@cityofmadison.com,https://www.cityofmadison.com/housing,43.071677,-89.38416,https://www.cityofmadison.com/housing/contact
Walnut Way Conservation Corp — Milwaukee Housing,Housing,WI,Milwaukee,1423 N 30th St,414-933-3250,info@walnutway.org,https://walnutway.org,43.04902,-87.951348,https://walnutway.org/contact
Habitat for Humanity of Greater Milwaukee WI,Housing,WI,Milwaukee,4601 W Forest Home Ave,414-671-0770,info@milwaukeehabitat.org,https://www.milwaukeehabitat.org,42.986503,-87.971948,https://www.milwaukeehabitat.org/contact
Milwaukee County Transit System (MCTS),Transportation,WI,Milwaukee,1942 N 17th St,414-344-6711,customerservice@ridemcts.com,https://www.ridemcts.com,43.055442,-87.933773,https://www.ridemcts.com/contact
Madison Metro Transit WI,Transportation,WI,Madison,1245 E Washington Ave,608-266-4466,metro@cityofmadison.com,https://www.cityofmadison.com/metro,43.086541,-89.367077,https://www.cityofmadison.com/metro/contact
Green Bay Metro Transit WI,Transportation,WI,Green Bay,901 University Ave,920-448-3480,transit@greenbaywi.gov,https://www.greenbaywi.gov/transit,44.516574,-88.001883,https://www.greenbaywi.gov/transit/contact
Wisconsin DOT — Transit Programs Section,Transportation,WI,Madison,4822 Madison Yards Way,608-266-1113,transit@dot.wi.gov,https://wisconsindot.gov/transit,43.0742,-89.461557,https://wisconsindot.gov/transit/contact
Racine Transit System — Belle Urban System WI,Transportation,WI,Racine,1313 N Memorial Dr,262-636-9188,bus@cityofracine.org,https://www.cityofracine.org/transit,42.73677,-87.800138,https://www.cityofracine.org/transit/contact
Wisconsin Primary Health Care Association FQHC,Healthcare,WI,Madison,P.O. Box 7910,608-257-0101,info@wphca.org,https://wphca.org,,,https://wphca.org/contact
Milwaukee Health Services FQHC WI,Healthcare,WI,Milwaukee,1020 N 12th St,414-267-0000,info@mhsi.org,https://www.mhsi.org,43.043472,-87.927071,https://www.mhsi.org/contact
Access Community Health Centers — Madison WI FQHC,Healthcare,WI,Madison,P.O. Box 5888,608-443-5480,info@accesscommunityhealthcenters.org,https://www.accesscommunityhealthcenters.org,,,https://www.accesscommunityhealthcenters.org/contact
Peoples Free Health Center — Green Bay WI,Healthcare,WI,Green Bay,P.O. Box 343,920-432-5737,info@pfhcgb.org,https://pfhcgb.org,44.512638,-88.012579,https://pfhcgb.org/contact
Marquette University Community Health — Milwaukee WI,Healthcare,WI,Milwaukee,701 N 25th St,414-288-7700,community@marquette.edu,https://www.marquette.edu/community,43.038751,-87.945026,https://www.marquette.edu/community/contact
Wisconsin DWD — Job Centers of Wisconsin,Education-Employment,WI,Madison,201 E Washington Ave,608-266-3131,dwd@dwd.wisconsin.gov,https://jobcenterofwisconsin.com,43.076135,-89.381992,https://jobcenterofwisconsin.com/contact
Goodwill Industries of North Central Wisconsin,Education-Employment,WI,Wausau,2400 W Stewart Ave,715-845-5023,info@goodwillncw.org,https://goodwillncw.org,44.958335,-89.665185,https://goodwillncw.org/contact
Milwaukee Area Workforce Investment Board,Education-Employment,WI,Milwaukee,2342 N 27th St,414-906-2020,info@mawib.org,https://www.mawib.org,43.061387,-87.947418,https://www.mawib.org/contact
Urban League of Greater Madison WI,Education-Employment,WI,Madison,2222 S Park St Ste 200,608-729-1200,info@ulgm.org,https://www.ulgm.org,43.041545,-89.394109,https://www.ulgm.org/contact
UMOS — United Migrant Opportunity Services WI,Education-Employment,WI,Milwaukee,2701 S Chase Ave,414-389-6000,info@umos.org,https://www.umos.org,42.995638,-87.911919,https://www.umos.org/contact
Wyoming Food for Thought Project — Cheyenne,Food,WY,Cheyenne,P.O. Box 20457,307-635-3576,info@wyomingfoodproject.org,https://www.wyomingfoodproject.org,,,https://www.wyomingfoodproject.org/contact
Feeding Laramie Valley — Laramie WY,Food,WY,Laramie,P.O. Box 442,307-742-2473,info@feedinglaramievalley.org,https://www.feedinglaramievalley.org,41.311644,-105.591788,https://www.feedinglaramievalley.org/contact
Loaves and Fishes Food Pantry — Casper WY,Food,WY,Casper,1602 E 2nd St,307-265-8863,info@loaves-fishes-casper.org,https://loaves-fishes-casper.org,42.848826,-106.303814,https://loaves-fishes-casper.org/contact
Interfaith of Natrona County — Food Pantry WY,Food,WY,Casper,P.O. Box 2025,307-237-7777,info@interfaithwy.org,https://interfaithwy.org,,,https://interfaithwy.org/contact
Cheyenne Interfaith Food Pantry WY,Food,WY,Cheyenne,P.O. Box 20298,307-635-5701,cheyennepantry@gmail.com,https://www.cheyennepantry.org,,,https://www.cheyennepantry.org/contact
Wyoming Community Development Authority (WCDA),Housing,WY,Casper,155 N Beech St,307-265-0603,wcda@wyomingcda.com,https://www.wyomingcda.com,42.851099,-106.320855,https://www.wyomingcda.com/contact
Cheyenne Housing Authority WY,Housing,WY,Cheyenne,1408 Sun Valley Dr,307-635-6541,info@cheyennehousing.org,https://www.cheyennehousing.org,41.133811,-104.752351,https://www.cheyennehousing.org/contact
Casper Housing Authority WY,Housing,WY,Casper,1109 E 2nd St,307-235-8799,info@casperhousing.org,https://www.casperhousing.org,42.848711,-106.310827,https://www.casperhousing.org/contact
Community Entry Services — Affordable Housing WY,Housing,WY,Casper,P.O. Box 20578,307-472-6869,info@ceswy.org,https://ceswy.org,,,https://ceswy.org/contact
Habitat for Humanity Laramie County WY,Housing,WY,Cheyenne,P.O. Box 20637,307-632-0399,info@habitatcheyenne.org,https://habitatcheyenne.org,,,https://habitatcheyenne.org/contact
Cheyenne Transit Program (STAR Transit) WY,Transportation,WY,Cheyenne,2101 O'Neil Ave,307-637-6253,star@cheyennecity.org,https://www.cheyennecity.org/star,41.134705,-104.82206,https://www.cheyennecity.org/star/contact
Casper Transit — The Bus WY,Transportation,WY,Casper,P.O. Box 1259,307-265-1313,transit@cityofcasperwy.com,https://www.cityofcasperwy.com/transit,,,https://www.cityofcasperwy.com/transit/contact
Wyoming DOT Public Transit Section,Transportation,WY,Cheyenne,5300 Bishop Blvd,307-777-4719,wydot.transit@wyo.gov,https://www.dot.state.wy.us/transit,41.16777,-104.841771,https://www.dot.state.wy.us/transit/contact
Laramie Rides — Albany County Transit WY,Transportation,WY,Laramie,P.O. Box 518,307-755-4841,transit@albanycounty.com,https://www.albanycounty.com/transit,41.311644,-105.591788,https://www.albanycounty.com/transit/contact
Fremont County Mobility — Wyoming Rural Transit,Transportation,WY,Riverton,P.O. Box 388,307-857-3660,fctransit@fremontcountywy.gov,https://www.fremontcountywy.gov/transit,43.024724,-108.380727,https://www.fremontcountywy.gov/transit/contact
Wyoming Primary Care Association FQHC,Healthcare,WY,Cheyenne,P.O. Box 2174,307-634-1653,info@wypca.org,https://wypca.org,,,https://wypca.org/contact
Cheyenne Regional Medical Center Community Health WY,Healthcare,WY,Cheyenne,214 E 23rd St,307-634-2273,community@cheyenneregional.org,https://www.cheyenneregional.org,41.139899,-104.817008,https://www.cheyenneregional.org/community
Natrona County Public Health FQHC Casper WY,Healthcare,WY,Casper,475 S Spruce St,307-235-9340,ncph@natronacounty.net,https://www.natronacounty.net/health,42.847695,-106.331734,https://www.natronacounty.net/health/contact
Wyoming Behavioral Institute Community Health Casper,Healthcare,WY,Casper,2521 E 15th St,307-237-7444,info@wbihelp.org,https://www.wbihelp.org,42.835283,-106.29388,https://www.wbihelp.org/contact
Wind River Family and Community Health Care WY FQHC,Healthcare,WY,Arapahoe,P.O. Box 128,307-856-9281,info@wrfchc.org,https://wrfchc.org,42.980446,-108.455041,https://wrfchc.org/contact
Wyoming Department of Workforce Services,Education-Employment,WY,Cheyenne,100 W Midwest Ave,307-777-8650,wyworkforce@wyo.gov,https://wyomingworkforce.org,,,https://wyomingworkforce.org/contact
Goodwill Industries of Wyoming,Education-Employment,WY,Cheyenne,P.O. Box 2714,307-632-2195,info@goodwillwy.org,https://goodwillwy.org,,,https://goodwillwy.org/contact
Laramie County Community College Workforce WY,Education-Employment,WY,Cheyenne,1400 E College Dr,307-778-5222,workforce@lccc.wy.edu,https://www.lccc.wy.edu/workforce,41.102425,-104.777169,https://www.lccc.wy.edu/workforce/contact
Central Wyoming College Workforce Dev — Riverton,Education-Employment,WY,Riverton,2660 Peck Ave,307-855-2000,workforce@cwc.edu,https://cwc.edu/workforce,43.029789,-108.425873,https://cwc.edu/workforce/contact
Wyoming DECA — Career and Technical Education,Education-Employment,WY,Cheyenne,2300 Capitol Ave,307-777-6226,cte@wyo.gov,https://edu.wyoming.gov/cte,41.138927,-104.819396,https://edu.wyoming.gov/cte/contact
Capital Area Food Bank — Washington DC,Food,DC,Washington,4900 Puerto Rico Ave NE,202-526-5344,info@capitalareafoodbank.org,https://www.capitalareafoodbank.org,38.9473,-76.999457,https://www.capitalareafoodbank.org/contact
DC Central Kitchen,Food,DC,Washington,425 2nd St NW,202-234-0707,info@dccentralkitchen.org,https://dccentralkitchen.org,38.895604,-77.013581,https://dccentralkitchen.org/contact
Martha's Table — Washington DC Food Access,Food,DC,Washington,2114 14th St NW,202-328-6608,info@marthastable.org,https://marthastable.org,38.91831,-77.032025,https://marthastable.org/contact
So Others Might Eat (SOME) — DC Food Programs,Food,DC,Washington,70 O St NW,202-797-8806,info@some.org,https://some.org,38.90851,-77.011398,https://some.org/contact
Bread for the City — DC Food Pantry,Food,DC,Washington,1525 7th St NW,202-265-2400,info@breadforthecity.org,https://breadforthecity.org,38.910038,-77.021843,https://breadforthecity.org/contact
DC Housing Finance Agency (DCHFA),Housing,DC,Washington,815 Florida Ave NW,202-777-1600,info@dchfa.org,https://www.dchfa.org,38.91682,-77.023116,https://www.dchfa.org/contact
District of Columbia Housing Authority (DCHA),Housing,DC,Washington,1133 North Capitol St NE,202-535-1000,publicaffairs@dchousing.org,https://www.dchousing.org,38.904795,-77.008994,https://www.dchousing.org/contact
Community of Hope — DC Affordable Housing,Housing,DC,Washington,4713 Wisconsin Ave NW,202-232-7356,info@communityofhopedc.org,https://communityofhopedc.org,38.951226,-77.08077,https://communityofhopedc.org/contact
Pathways to Housing DC,Housing,DC,Washington,1101 Vermont Ave NW Ste 100,202-322-4440,info@pathwaystohousingdc.org,https://pathwaystohousingdc.org,38.903763,-77.032979,https://pathwaystohousingdc.org/contact
Habitat for Humanity of Washington DC and NOVA,Housing,DC,Washington,6318 Georgia Ave NW Ste 300,202-882-4600,info@habitatdc.org,https://www.habitatdc.org,38.966384,-77.027653,https://www.habitatdc.org/contact
WMATA — Washington Metro Area Transit Authority,Transportation,DC,Washington,600 5th St NW,202-637-7000,Contactcenter@wmata.com,https://www.wmata.com,38.897393,-77.019002,https://www.wmata.com/contact
DC Circulator — Streetcar and Bus DC,Transportation,DC,Washington,55 M St SE,202-671-0500,dccirculator@dc.gov,https://www.dccirculator.com,38.876425,-77.006908,https://www.dccirculator.com/contact
DC Department of For-Hire Vehicles — Paratransit,Transportation,DC,Washington,2235 Shannon Pl SE,202-671-0500,dfhv@dc.gov,https://dfhv.dc.gov,38.864881,-76.990976,https://dfhv.dc.gov/contact
MetroAccess Paratransit — Washington DC,Transportation,DC,Washington,600 5th St NW,301-562-5360,metroaccess@wmata.com,https://www.wmata.com/accessibility/metro-access,38.897393,-77.019002,https://www.wmata.com/accessibility/metro-access/contact
DC Sustainable Transportation — DDOT Programs,Transportation,DC,Washington,55 M St SE 4th Fl,202-673-6813,ddot@dc.gov,https://ddot.dc.gov,38.876425,-77.006908,https://ddot.dc.gov/contact
Unity Health Care — DC FQHC Network,Healthcare,DC,Washington,3020 14th St NW,202-745-4300,info@unityhealthcare.org,https://www.unityhealthcare.org,38.927829,-77.032614,https://www.unityhealthcare.org/contact
Community of Hope Family Health Center DC FQHC,Healthcare,DC,Washington,4713 Wisconsin Ave NW,202-232-7356,health@communityofhopedc.org,https://communityofhopedc.org,38.951226,-77.08077,https://communityofhopedc.org/contact
Whitman-Walker Health — DC LGBTQ FQHC,Healthcare,DC,Washington,1525 14th St NW,202-797-3500,info@whitman-walker.org,https://www.whitman-walker.org,38.910492,-77.031882,https://www.whitman-walker.org/contact
La Clinica del Pueblo — DC Latino Health FQHC,Healthcare,DC,Washington,2831 15th St NW,202-462-4788,info@lcdp.org,https://www.lcdp.org,38.925637,-77.035369,https://www.lcdp.org/contact
DC Primary Care Association — FQHC Network,Healthcare,DC,Washington,1400 16th St NW Ste 430,202-223-0740,info@dcpca.org,https://www.dcpca.org,38.908751,-77.036602,https://www.dcpca.org/contact
DC Dept of Employment Services (DOES),Education-Employment,DC,Washington,4058 Minnesota Ave NE,202-724-7000,does@dc.gov,https://does.dc.gov,38.896777,-76.947609,https://does.dc.gov/contact
Goodwill of Greater Washington DC,Education-Employment,DC,Washington,2200 South Dakota Ave NE,202-636-4225,info@dcgoodwill.org,https://www.dcgoodwill.org,38.920027,-76.957756,https://www.dcgoodwill.org/contact
Year Up Washington DC,Education-Employment,DC,Washington,1400 I St NW Ste 400,202-552-1300,dc@yearup.org,https://www.yearup.org/washington-dc,38.901281,-77.032036,https://www.yearup.org/washington-dc/contact
DC Infrastructure Academy — Workforce Dev,Education-Employment,DC,Washington,2330 Pomeroy Rd SE,202-724-4155,dcia@dc.gov,https://dcia.dc.gov,38.856865,-76.985719,https://dcia.dc.gov/contact
Urban Alliance Foundation — DC Youth Employment,Education-Employment,DC,Washington,1000 Vermont Ave NW Ste 700,202-331-0822,info@urbanalianceinc.org,https://urbanalliance.org,38.902574,-77.033706,https://urbanalliance.org/contact
