county_fips,county_name,state_abbr,population,median_household_income,poverty_rate,unemployment_rate,no_vehicle_rate,internet_subscription_rate,svi_socioeconomic,svi_household_disability,svi_racial_ethnic_minority,svi_housing_transportation,svi_overall,diabetes_prevalence,obesity_prevalence,high_bp_prevalence,physical_inactivity,smoking_prevalence,heart_disease_prevalence,poor_mental_health,poor_physical_health,food_insecurity,transportation_barrier,housing_insecurity,lack_health_insurance,low_access_population_pct_2019,low_income_low_access_pct_2019,no_car_low_access_pct_2019,snap_low_access_pct_2019,grocery_stores_per_1000_2020,fast_food_per_1000_2020,places_data_missing,svi_data_missing,usda_data_missing
1001,"Autauga County, Alabama",AL,58761,68315.0,11.37,2.77,3.98,89.13,0.2367,0.3675,0.6354,0.2358,0.2663,11.4,39.5,38.2,26.0,14.5,5.6,18.0,12.8,17.0,8.9,13.2,9.1,33.90670013,13.020998,4.121261597,9.039445877,0.071244098,0.801496148,0,0,0
1003,"Baldwin County, Alabama",AL,233420,71039.0,10.21,3.44,2.26,89.13,0.3433,0.2883,0.489,0.4308,0.3487,10.4,35.0,37.0,23.7,13.3,5.5,16.8,11.9,14.2,7.5,11.0,8.8,25.12223816,7.936779499,2.26211834,5.506705284,0.126479045,0.750151575,0,0,0
1005,"Barbour County, Alabama",AL,24877,39712.0,24.16,5.75,11.73,68.22,0.9399,0.9399,0.8941,0.9959,0.9927,16.5,47.1,45.4,34.5,20.8,7.4,19.9,16.2,32.1,15.6,23.2,14.8,20.52067947,10.43317127,5.567523956,16.7810688,0.203342959,0.976046205,0,0,0
1007,"Bibb County, Alabama",AL,22251,50669.0,20.62,8.71,7.54,79.75,0.8893,0.4954,0.6185,0.8931,0.8451,13.9,43.7,42.4,31.9,19.9,7.0,19.9,15.6,24.3,12.2,17.2,13.0,1.593456984,0.445866227,3.91587925,8.956861496,0.180701122,0.316226959,0,0,0
1009,"Blount County, Alabama",AL,59077,57440.0,14.17,5.97,4.84,83.1,0.6866,0.7884,0.413,0.3532,0.6166,11.3,36.0,36.0,27.7,16.9,6.3,18.9,14.3,17.7,9.2,13.1,12.0,6.807623863,2.512206078,3.487118244,8.359874725,0.069109693,0.414658159,0,0,0
1011,"Bullock County, Alabama",AL,10328,36136.0,27.94,3.7,10.41,61.59,0.8654,0.5138,0.9809,0.9491,0.8985,21.3,51.0,52.4,42.7,24.9,8.8,21.3,18.5,44.0,21.8,31.2,18.2,68.53353119,32.33919144,8.91302681,18.71297646,0.1790471595,0.300721735,0,0,0
1013,"Butler County, Alabama",AL,18981,44429.0,21.11,6.81,5.03,78.61,0.8441,0.6106,0.8661,0.217,0.6872,15.2,40.7,44.8,35.1,19.0,6.7,20.2,15.1,28.6,14.1,21.2,11.8,11.97491264,6.9182868,3.859925508,11.28141308,0.153814599,1.076702237,0,0,0
1015,"Calhoun County, Alabama",AL,116162,54339.0,18.04,6.95,5.57,83.45,0.854,0.65,0.658,0.7114,0.8145,12.9,39.1,41.5,31.0,17.0,6.4,19.3,14.6,21.5,10.8,15.5,11.0,35.90670395,15.3980732,2.925840378,10.00321102,0.185072571,0.916549921,0,0,0
1017,"Chambers County, Alabama",AL,34612,48805.0,17.88,3.58,6.97,78.55,0.7171,0.5317,0.8396,0.9469,0.8295,14.5,41.6,42.8,32.5,18.2,6.5,20.0,14.8,26.1,12.9,19.5,12.1,19.71384621,8.102988243,4.363359451,8.791007996,0.152137533,0.973680198,0,0,0
1019,"Cherokee County, Alabama",AL,25069,46621.0,14.26,3.97,3.24,78.16,0.6077,0.6494,0.2628,0.1152,0.406,11.8,39.3,37.5,28.8,18.1,6.6,19.8,14.9,18.4,9.6,13.2,10.8,13.49030972,5.00865221,3.394492388,14.686409,0.1790471595,0.684566796,0,0,0
1021,"Chilton County, Alabama",AL,45140,62471.0,14.45,5.3,3.28,81.38,0.5924,0.6837,0.5425,0.2698,0.5336,12.0,39.8,39.0,30.0,17.1,6.3,19.3,14.7,19.4,9.8,14.2,12.1,10.18653679,4.369551659,3.7418859,14.9891901,0.090096176,0.608149171,0,0,0
1023,"Choctaw County, Alabama",AL,12669,43299.0,19.14,5.21,5.68,69.51,0.6901,0.798,0.8151,0.2539,0.6548,15.0,44.5,44.2,33.5,19.1,6.8,20.3,15.5,27.3,13.5,19.8,11.8,24.33224678,13.04427528,8.083898544,21.72445488,0.322113067,0.644226134,0,0,0
1025,"Clarke County, Alabama",AL,23058,47549.0,22.36,12.46,10.61,71.02,0.8412,0.7264,0.8641,0.6462,0.8365,14.9,44.2,43.5,32.5,18.3,6.5,19.7,14.9,27.4,13.3,20.3,11.6,39.42882919,18.3503437,8.634003639,15.53016758,0.257610232,1.159246087,0,0,0
1027,"Clay County, Alabama",AL,14209,48074.0,17.57,5.75,6.36,75.1,0.7235,0.3688,0.5269,0.5851,0.6223,12.9,42.4,40.6,30.5,18.7,6.8,20.0,15.3,21.6,11.0,15.4,11.7,7.023150921,2.97461772,2.359975576,11.22818089,0.1790471595,0.381330073,0,0,0
1029,"Cleburne County, Alabama",AL,15144,51553.0,12.89,2.6,6.75,73.96,0.4938,0.6739,0.1985,0.5482,0.5196,11.7,37.1,37.0,28.7,18.0,6.5,19.7,14.5,17.9,9.3,12.7,10.6,5.954165459,2.024852037,3.314394951,10.98211575,0.1790471595,0.534509242,0,0,0
1031,"Coffee County, Alabama",AL,53559,62199.0,16.3,4.78,3.96,85.2,0.6497,0.9488,0.6806,0.2323,0.6802,12.7,40.8,39.5,28.8,16.7,6.3,18.7,14.1,20.3,10.5,14.9,11.7,32.15407562,8.991894722,2.543323517,8.150866508,0.112718388,0.920533538,0,0,0
1033,"Colbert County, Alabama",AL,57270,56149.0,15.88,3.41,4.68,76.19,0.4944,0.6984,0.5644,0.16,0.4467,12.1,37.4,38.6,26.9,16.6,6.1,18.9,14.0,18.7,9.7,14.2,10.2,32.89167023,8.829303741,3.511439085,6.338190079,0.144375667,0.992582679,0,0,0
1035,"Conecuh County, Alabama",AL,11576,39888.0,18.43,4.35,7.01,66.97,0.5272,0.5332,0.8727,0.2482,0.5122,16.8,46.8,46.5,36.6,21.5,7.6,20.8,16.6,32.8,16.2,23.5,13.6,26.35607719,13.28897285,4.562198639,13.15194702,0.253143191,0.67504853,0,0,0
1037,"Coosa County, Alabama",AL,10329,52279.0,11.05,4.4,3.78,78.47,0.3513,0.328,0.7321,0.6427,0.4808,13.5,41.6,40.7,30.6,18.3,6.6,19.5,14.9,23.1,11.6,17.1,11.9,22.58675385,7.717219353,3.509239912,9.19284153,0.1790471595,0.6513130965,0,0,0
1039,"Covington County, Alabama",AL,37542,48772.0,18.78,5.49,6.35,78.27,0.7509,0.7821,0.4839,0.5075,0.7121,12.8,38.1,39.6,29.7,18.3,6.6,20.0,14.8,20.5,10.6,14.8,10.9,12.91687012,5.480484962,2.90444684,9.153878212,0.13539128,0.866504192,0,0,0
1041,"Crenshaw County, Alabama",AL,13205,48557.0,14.86,6.08,7.32,65.41,0.7588,0.6201,0.6656,0.4575,0.685,13.4,40.3,40.8,30.9,18.5,6.5,19.6,14.8,23.0,11.5,16.8,11.7,29.48752594,13.50618362,5.012601852,14.44846916,0.1790471595,0.51165849,0,0,0
1043,"Cullman County, Alabama",AL,88284,58119.0,13.03,4.34,2.94,84.67,0.5323,0.713,0.2587,0.3341,0.4909,11.0,36.2,37.3,25.9,16.9,6.3,18.9,14.1,16.4,8.8,12.2,10.5,8.42284584,2.843744278,2.78741312,9.060448647,0.141986623,0.816423118,0,0,0
1045,"Dale County, Alabama",AL,49455,52813.0,17.52,7.77,5.23,82.8,0.8648,0.9014,0.7003,0.2736,0.7766,13.7,41.5,40.5,30.6,18.0,6.6,19.6,15.0,22.2,11.6,16.4,11.8,23.13018608,8.795501709,3.137903452,13.80329704,0.122551523,0.612757623,0,0,0
1047,"Dallas County, Alabama",AL,38326,37180.0,27.08,9.14,14.59,76.07,0.9555,0.867,0.9698,0.594,0.9189,18.1,46.5,49.2,36.1,20.1,7.2,20.3,15.8,35.9,17.9,26.5,13.0,15.22543526,8.767129898,4.897897243,14.24169731,0.193916559,0.692559123,0,0,0
1049,"DeKalb County, Alabama",AL,71680,47920.0,20.22,3.92,4.17,82.93,0.7996,0.8139,0.5425,0.5017,0.756,13.3,38.6,40.0,32.6,19.9,7.3,20.1,16.4,23.7,11.7,16.2,15.4,0.0,0.0,3.944876432,14.97706032,0.209327638,0.544251859,0,0,0
1051,"Elmore County, Alabama",AL,87694,73258.0,9.6,4.15,4.3,88.31,0.3185,0.3869,0.6373,0.5667,0.4397,11.4,38.7,38.2,25.4,15.1,5.8,18.4,13.1,17.9,9.2,13.5,9.5,18.99752617,4.984245777,3.712748051,9.940028191,0.109545022,0.632926822,0,0,0
1053,"Escambia County, Alabama",AL,36755,41153.0,21.81,9.2,6.14,71.42,0.9462,0.7353,0.7814,0.4986,0.8473,15.6,43.9,44.0,34.1,21.6,7.6,20.9,16.8,29.9,14.9,20.8,13.5,10.64254761,5.676548958,2.511914015,10.73402786,0.110250548,0.88200438,0,0,0
1055,"Etowah County, Alabama",AL,103348,52177.0,15.87,6.01,4.24,83.56,0.7961,0.7544,0.574,0.2911,0.672,13.4,43.6,40.9,31.7,18.1,6.6,19.6,15.2,20.8,10.7,15.4,11.3,40.66234207,13.39791965,2.854034901,8.174473763,0.1172207,0.830313265,0,0,0
1057,"Fayette County, Alabama",AL,16297,45650.0,22.18,9.64,10.7,73.43,0.8514,0.4788,0.4556,0.6914,0.7458,13.1,40.6,40.9,30.6,19.4,6.9,20.2,15.4,21.3,11.0,15.2,11.5,0.946361244,0.429989606,4.11496067,12.58860588,0.1790471595,0.554153085,0,0,0
1059,"Franklin County, Alabama",AL,32011,47359.0,16.62,3.83,9.17,62.19,0.6675,0.9491,0.6045,0.4846,0.7576,13.9,42.2,39.9,32.7,19.5,7.2,19.8,16.2,25.0,12.1,17.3,16.5,14.16959858,5.735104561,2.597456217,11.39837646,0.253911823,0.507823646,0,0,0
1061,"Geneva County, Alabama",AL,26647,47608.0,20.83,3.86,6.83,74.57,0.6729,0.6427,0.5161,0.3509,0.5822,13.0,42.2,39.1,30.1,19.8,7.0,20.1,15.5,22.2,11.2,15.7,12.5,8.372852325,3.863991022,3.322705269,13.61122131,0.340767115,0.567945182,0,0,0
1063,"Greene County, Alabama",AL,7706,32796.0,32.9,4.5,13.16,56.3,0.9211,0.8425,0.9857,0.7254,0.9157,21.1,53.4,52.4,42.0,23.8,8.2,21.5,18.0,44.4,22.1,31.8,15.4,32.84753036,22.75647545,10.12657642,33.35009766,0.1790471595,0.6513130965,0,0,0
1065,"Hale County, Alabama",AL,14742,35851.0,25.01,7.65,11.48,70.61,0.9341,0.5072,0.9259,0.8148,0.8826,16.3,47.8,46.0,34.4,19.5,6.9,20.0,15.6,31.6,15.5,23.4,12.8,15.16030979,6.976491451,7.616885185,20.09853172,0.1790471595,0.408997953,0,0,0
1067,"Henry County, Alabama",AL,17282,58395.0,15.52,5.33,7.61,79.21,0.6519,0.5695,0.6726,0.4677,0.6195,12.8,41.2,40.4,29.1,17.1,6.3,19.1,14.1,21.3,10.8,15.7,10.9,22.90768623,8.048103333,4.176272869,13.67649174,0.1790471595,0.638680816,0,0,0
1069,"Houston County, Alabama",AL,107040,55064.0,17.84,4.99,6.2,82.86,0.7703,0.7499,0.7251,0.3936,0.7175,13.1,40.5,39.8,27.7,16.3,6.3,19.5,14.0,21.5,11.1,16.4,10.8,14.17938423,4.242109299,2.125124931,5.979110241,0.159504592,1.135297418,0,0,0
1071,"Jackson County, Alabama",AL,52618,46748.0,18.61,6.04,4.62,83.44,0.8552,0.8136,0.328,0.3783,0.7194,12.7,39.1,39.6,30.6,19.4,7.0,20.3,15.5,20.8,10.6,14.3,11.8,10.59791565,5.370416641,3.415527582,9.967609406,0.155092865,0.63975805,0,0,0
1073,"Jefferson County, Alabama",AL,672265,63595.0,15.87,5.39,6.86,87.06,0.6802,0.6109,0.8766,0.6017,0.7251,13.5,37.6,40.0,27.4,14.1,5.7,17.5,12.1,20.8,10.5,16.0,9.3,34.40988922,12.58663845,3.189601183,6.945355892,0.172429055,1.040678024,0,0,0
1075,"Lamar County, Alabama",AL,13885,49565.0,15.34,5.01,5.75,70.57,0.5654,0.4718,0.413,0.3395,0.4731,12.9,40.8,40.4,30.0,19.5,6.9,20.4,15.4,21.3,10.9,15.1,11.5,0.612100482,0.416253746,4.850729465,13.19630432,0.290613204,0.508573115,0,0,0
1077,"Lauderdale County, Alabama",AL,94329,56081.0,13.26,3.62,6.07,80.55,0.4687,0.4219,0.4636,0.5568,0.4919,11.0,36.7,35.9,25.8,15.4,5.9,18.6,13.4,16.1,8.8,12.3,9.5,17.00130463,6.470682144,2.177314758,5.517782211,0.203495845,0.82469368,0,0,0
1079,"Lawrence County, Alabama",AL,33116,54786.0,15.83,2.97,5.1,70.17,0.4652,0.3878,0.5867,0.1833,0.3624,12.5,39.2,38.7,29.4,18.8,6.6,19.8,14.9,20.6,10.8,15.0,11.1,12.44920158,5.354034901,4.281449795,13.28605175,0.1790471595,0.517393529,0,0,0
1081,"Lee County, Alabama",AL,175126,59288.0,18.5,3.78,4.77,86.13,0.5609,0.2046,0.7038,0.9023,0.6446,12.7,39.9,38.6,25.7,13.8,5.9,17.3,12.6,17.5,9.4,13.7,9.1,33.56633759,11.06901932,1.715318561,5.891130447,0.131869972,0.911101639,0,0,0
1083,"Limestone County, Alabama",AL,104199,80146.0,11.19,4.14,3.07,87.93,0.3,0.2574,0.6115,0.399,0.3233,10.9,39.0,37.3,24.5,14.0,5.6,17.1,12.4,15.4,8.2,12.1,9.6,17.05357552,6.426367283,2.866330624,9.36777401,0.078256443,0.479320735,0,0,0
1085,"Lowndes County, Alabama",AL,10153,33125.0,25.53,7.5,11.1,61.51,0.9679,0.7642,0.9755,0.5813,0.9042,19.4,51.3,50.4,39.3,22.2,7.8,21.0,17.1,40.3,19.8,29.0,14.7,39.03352356,20.2040062,12.24494743,30.48589134,0.1790471595,0.6513130965,0,0,0
1087,"Macon County, Alabama",AL,19198,41206.0,25.01,12.5,10.78,71.45,0.9618,0.6185,0.9866,0.9765,0.9656,17.7,49.1,48.4,34.8,17.9,6.6,19.7,14.9,33.2,16.4,25.3,11.9,41.93498611,22.09988785,9.464000702,19.31785393,0.16764459,0.72645992,0,0,0
1089,"Madison County, Alabama",AL,389781,78058.0,10.69,4.23,4.11,90.25,0.2813,0.3369,0.7423,0.3723,0.3509,10.9,40.1,36.2,22.2,12.0,5.2,16.0,11.3,13.7,7.8,11.4,8.3,34.77955246,9.342906952,1.947604299,4.668318748,0.118591763,0.956640244,0,0,0
1091,"Marengo County, Alabama",AL,19180,42975.0,21.45,2.82,8.59,77.35,0.5434,0.7741,0.8953,0.4932,0.6691,16.1,43.2,45.7,32.7,18.0,6.8,19.5,15.0,28.9,14.2,21.2,12.1,27.61959839,13.24722576,4.434973717,12.16612625,0.213526934,1.067634702,0,0,0
1093,"Marion County, Alabama",AL,29203,49743.0,16.45,6.47,4.97,75.71,0.8565,0.4368,0.2587,0.6507,0.6946,12.3,42.5,39.3,30.1,19.2,6.9,20.1,15.3,20.3,10.3,14.1,11.7,3.031882048,1.031008482,2.801942825,10.99161148,0.134666532,0.908999085,0,0,0
1095,"Marshall County, Alabama",AL,97923,58272.0,16.6,3.81,4.8,87.39,0.6223,0.9087,0.5425,0.2504,0.6201,12.4,37.6,37.5,29.7,16.8,6.4,18.8,14.4,19.2,9.8,13.9,13.1,22.27233505,10.03142166,2.304670572,9.607048988,0.237137854,0.96917206,0,0,0
1097,"Mobile County, Alabama",AL,413878,55352.0,17.57,5.89,6.75,83.34,0.8629,0.623,0.8212,0.7095,0.8304,14.1,39.0,39.6,29.7,15.7,6.1,18.1,13.3,22.3,11.3,16.6,10.5,25.04710388,9.715834618,2.143398285,6.961954117,0.145378426,0.780197501,0,0,0
1099,"Monroe County, Alabama",AL,19816,39965.0,22.86,12.17,6.3,61.36,0.9119,0.2997,0.8473,0.4871,0.7416,15.6,43.9,44.7,34.7,20.4,7.1,20.6,15.9,29.6,14.6,21.5,12.8,18.62160873,11.32965088,8.563306808,11.69654274,0.244391218,0.537660658,0,0,0
1101,"Montgomery County, Alabama",AL,228132,56707.0,19.56,6.75,6.87,86.93,0.9036,0.8762,0.9542,0.8069,0.929,14.8,46.3,43.8,29.9,14.8,6.0,17.7,13.5,25.6,12.9,20.2,10.4,27.68443108,10.74431801,2.92706418,6.373995781,0.137999192,1.112896681,0,0,0
1103,"Morgan County, Alabama",AL,123102,61588.0,13.72,4.19,5.11,81.6,0.5396,0.8142,0.6179,0.6258,0.6787,12.3,38.5,39.9,28.6,16.3,6.2,18.0,13.8,18.8,9.6,14.2,11.7,22.62591743,8.271168709,2.422404051,6.758879185,0.108439058,0.78409785,0,0,0
1105,"Perry County, Alabama",AL,8479,32332.0,32.83,15.65,10.37,65.95,0.9456,0.7976,0.9653,0.7324,0.9214,20.5,54.0,51.9,40.3,23.3,8.2,21.7,17.9,41.9,20.7,29.8,14.5,39.52987289,27.84707451,12.7913208,34.90100861,0.1790471595,0.6513130965,0,0,0
1107,"Pickens County, Alabama",AL,18925,45339.0,22.33,5.29,7.79,75.18,0.7646,0.9268,0.8482,0.8387,0.8918,15.2,48.0,43.6,33.4,19.0,7.0,19.5,15.4,27.9,13.8,20.5,14.0,4.150253296,1.496682286,6.6217103,11.49444771,0.202091649,0.353660375,0,0,0
1109,"Pike County, Alabama",AL,32997,42616.0,23.64,4.94,6.69,76.13,0.8218,0.2634,0.8279,0.8906,0.8002,14.6,43.3,42.6,29.2,17.2,6.6,19.2,14.5,24.8,12.6,18.5,10.7,23.18982506,10.49358463,3.300723553,9.385411263,0.182005703,1.061699986,0,0,0
1111,"Randolph County, Alabama",AL,22179,49879.0,19.86,3.25,5.28,80.24,0.4998,0.6857,0.6128,0.4598,0.559,12.7,38.0,39.7,28.2,17.6,6.5,19.4,14.3,20.7,10.6,15.1,10.9,29.32252312,13.18332863,4.617819786,12.23718548,0.1790471595,0.436300188,0,0,0
1113,"Russell County, Alabama",AL,58849,47420.0,22.03,6.51,8.84,74.96,0.9504,0.8925,0.8976,0.4897,0.8963,15.3,42.7,43.7,32.3,18.1,6.6,19.6,14.9,28.0,13.8,21.0,12.2,14.89298248,6.665277481,3.302382231,6.948853016,0.171712145,0.910074353,0,0,0
1115,"St. Clair County, Alabama",AL,91719,73218.0,10.92,4.29,3.26,89.63,0.3048,0.1893,0.4378,0.3287,0.2587,10.9,39.2,37.2,26.3,15.2,5.8,18.6,13.2,16.1,8.6,12.4,9.5,9.671304703,2.373813868,2.472498655,8.700947762,0.132247433,0.694299042,0,0,0
1117,"Shelby County, Alabama",AL,223916,90618.0,6.85,3.12,2.65,92.85,0.0735,0.2453,0.5927,0.1842,0.1238,9.6,31.6,36.4,19.9,10.6,4.8,15.4,10.6,11.6,6.5,9.5,7.4,34.44702911,5.819793224,1.912184715,3.715308666,0.153548777,0.803873062,0,0,0
1119,"Sumter County, Alabama",AL,12196,31726.0,30.37,8.16,7.73,69.9,0.9185,0.6997,0.9736,0.9004,0.9255,18.2,50.0,49.1,35.7,18.8,7.1,20.0,15.4,34.1,16.8,25.7,11.8,18.03922462,10.74469566,7.889731884,20.23155975,0.245398775,0.654396713,0,0,0
1121,"Talladega County, Alabama",AL,81105,52457.0,18.69,8.38,7.68,84.01,0.889,0.8291,0.7579,0.8689,0.908,14.2,45.4,43.0,31.1,18.0,6.6,19.1,14.6,23.6,11.9,17.7,11.4,18.60338783,7.841645718,4.591855049,11.69271183,0.075014062,0.66262424,0,0,0
1123,"Tallapoosa County, Alabama",AL,41251,53282.0,16.84,10.42,6.86,79.89,0.8139,0.9526,0.6847,0.6637,0.8692,12.7,39.6,40.8,27.8,16.9,6.3,19.1,14.1,21.0,10.8,15.9,10.7,7.45025444,3.266489983,6.378908157,14.70180607,0.124585755,0.647845924,0,0,0
1125,"Tuscaloosa County, Alabama",AL,231558,61645.0,16.69,5.53,5.69,86.29,0.6319,0.1371,0.776,0.8584,0.651,12.4,43.2,40.8,26.8,15.0,5.9,18.0,13.2,20.1,10.2,15.5,9.6,21.46758842,6.732144356,1.459937453,4.100672245,0.142343357,0.849315345,0,0,0
1127,"Walker County, Alabama",AL,64978,52987.0,16.41,5.67,4.72,80.42,0.741,0.8352,0.3649,0.3166,0.6398,12.2,35.7,38.6,30.6,18.9,6.7,20.0,15.5,20.1,10.1,13.9,11.2,8.643557549,3.718675852,4.425198078,12.84373474,0.142533615,0.744342208,0,0,0
1129,"Washington County, Alabama",AL,15434,51184.0,15.8,6.34,4.14,71.7,0.5962,0.1158,0.72,0.1145,0.3217,13.3,41.0,40.8,29.9,17.9,6.4,19.6,14.6,22.3,11.3,16.4,10.2,11.17817497,4.481018066,3.376427174,14.82876396,0.250375569,0.6513130965,0,0,0
1131,"Wilcox County, Alabama",AL,10441,38208.0,26.76,10.7,13.61,72.98,0.9609,0.9691,0.9685,0.8479,0.9819,19.1,51.9,50.4,39.1,22.8,7.8,21.4,17.3,40.4,19.8,29.0,15.1,41.9684639,23.68298531,14.85160637,23.10418129,0.293944746,0.391926318,0,0,0
1133,"Winston County, Alabama",AL,23655,49494.0,18.2,4.42,5.31,77.21,0.6946,0.8352,0.1928,0.4079,0.6125,12.7,39.0,39.5,31.8,20.2,7.1,20.4,16.0,21.5,10.8,14.6,12.6,4.220640182,1.694508553,4.657802105,11.05154705,0.212693557,0.510464549,0,0,0
2013,"Aleutians East Borough, Alaska",AK,3407,79961.0,12.64,4.4,25.03,57.73,0.651,0.1184,0.987,0.9898,0.7754,12.9,29.8,33.8,28.5,16.0,6.4,13.0,12.8,21.0,10.8,14.9,16.0,39.04699707,14.59033298,22.74948311,11.98653984,1.176124692,0.6513130965,0,0,0
2016,"Aleutians West Census Area, Alaska",AK,5219,100662.0,9.58,3.0,9.91,77.71,0.2555,0.0159,0.9787,0.9955,0.5033,11.4,30.5,32.2,25.6,14.9,5.7,13.0,11.7,16.4,9.0,12.7,13.1,21.40064049,7.808430195,11.03787994,4.429003716,0.1790471595,0.6513130965,0,0,0
2020,"Anchorage Municipality, Alaska",AK,290674,95731.0,9.64,5.16,5.68,93.69,0.4044,0.3901,0.8291,0.8241,0.6052,8.8,35.0,31.4,20.0,14.1,5.1,16.1,12.1,12.8,8.3,12.0,9.5,28.39202499,4.57002449,0.920270741,1.533756018,0.097528696,0.74191469,0,0,0
2050,"Bethel Census Area, Alaska",AK,18538,64094.0,25.26,16.16,61.86,77.28,0.8963,0.6392,0.9949,0.9777,0.9424,14.7,39.4,39.7,34.4,31.2,8.6,20.9,20.2,37.0,21.9,26.5,15.9,68.64164734,39.85264969,49.45352936,33.97050476,1.139013886,0.325432569,0,0,0
2060,"Bristol Bay Borough, Alaska",AK,854,94167.0,7.89,2.75,10.21,77.82,0.1171,0.0019,0.896,0.9516,0.2332,9.1,34.5,31.2,20.7,16.7,5.9,16.6,13.2,14.4,9.7,12.8,9.8,56.30888748,11.67936325,9.894739151,5.69697094,0.1790471595,0.6513130965,0,0,0
2063,"Chugach Census Area, Alaska",AK,7000,83068.0,4.93,8.81,5.74,88.89,0.4292,0.3627,0.658,0.9844,0.6876,8.0,30.7,29.7,20.2,14.7,5.3,15.2,12.1,12.0,7.7,10.6,9.2,21.45865631,6.703314781,2.544986248,6.705751419,0.1790471595,0.6513130965,0,0,1
2066,"Copper River Census Area, Alaska",AK,2614,70606.0,11.25,6.49,6.97,77.52,0.4881,0.6017,0.8571,0.3019,0.5247,8.9,33.1,32.2,21.7,17.9,6.0,16.8,13.5,15.0,9.7,12.3,10.0,21.45865631,6.703314781,2.544986248,6.705751419,0.1790471595,0.6513130965,0,0,1
2068,"Denali Borough, Alaska",AK,2101,87292.0,7.31,1.9,3.24,82.86,0.0013,0.0003,0.6045,0.7009,0.0353,7.7,29.9,29.9,20.4,15.2,5.4,15.4,11.9,11.9,7.5,10.5,9.5,99.97553253,33.09144974,3.107552767,5.633802891,0.1790471595,1.441614628,0,0,0
2070,"Dillingham Census Area, Alaska",AK,4854,69412.0,15.89,11.32,36.2,75.65,0.7798,0.7436,0.9895,0.9278,0.8931,12.5,38.5,33.9,29.3,25.7,7.3,19.3,17.3,27.4,16.9,20.9,13.4,50.78443909,31.46643448,35.09980011,24.19443512,1.034554124,0.6513130965,0,0,0
2090,"Fairbanks North Star Borough, Alaska",AK,96299,81655.0,6.88,5.52,4.79,90.01,0.3493,0.2319,0.6949,0.77,0.4925,8.3,35.8,31.7,21.8,14.3,5.0,15.4,12.1,11.2,7.6,10.5,9.5,38.72491837,7.731201649,1.658952713,3.669002771,0.094092064,0.449550986,0,0,0
2100,"Haines Borough, Alaska",AK,2079,68276.0,5.84,4.28,9.03,83.72,0.2717,0.2759,0.6332,0.7916,0.4594,7.7,33.3,30.1,18.4,13.9,5.2,15.5,11.7,11.5,7.6,10.1,8.3,20.68778229,10.08529377,2.757934332,4.508504391,1.530221939,1.530221939,0,0,0
2105,"Hoonah-Angoon Census Area, Alaska",AK,2329,62344.0,11.55,13.98,33.1,60.78,0.5698,0.2743,0.8727,0.7534,0.6376,10.4,36.4,33.2,24.3,19.7,6.5,17.8,14.9,19.7,12.4,16.0,11.3,99.39092255,31.13017464,30.84529495,14.0841589,2.335357428,0.6513130965,0,0,0
2110,"Juneau City and Borough, Alaska",AK,32108,95711.0,6.9,4.45,9.58,91.98,0.1365,0.0531,0.7617,0.9313,0.3528,7.8,34.5,29.5,17.0,13.8,5.0,15.5,11.8,11.8,7.8,10.2,8.7,20.70424461,1.961601377,4.314211369,5.259656429,0.188388959,0.879148483,0,0,0
2122,"Kenai Peninsula Borough, Alaska",AK,59235,76272.0,12.55,7.25,4.83,85.82,0.5345,0.1985,0.5581,0.5307,0.4725,7.9,32.0,30.3,20.3,16.2,5.5,16.2,13.0,13.4,8.2,11.2,10.3,23.65279961,7.868275642,4.39840889,7.430417538,0.302958906,0.757397234,0,0,0
2130,"Ketchikan Gateway Borough, Alaska",AK,13910,82763.0,9.68,4.13,11.78,89.57,0.3331,0.1047,0.7607,0.908,0.5027,8.6,37.4,30.9,21.0,16.0,5.3,16.0,13.0,13.5,8.6,11.6,9.8,1.602838278,0.400955588,1.31159544,3.441654205,0.29097259,0.872917712,0,0,0
2150,"Kodiak Island Borough, Alaska",AK,13065,91138.0,8.04,5.73,8.92,90.62,0.364,0.2529,0.8877,0.9644,0.637,9.3,31.4,30.2,22.8,15.0,5.2,14.7,12.0,14.8,8.5,11.7,10.5,42.67789459,11.48008156,7.305456161,4.605593204,0.384852231,0.538793087,0,0,0
2158,"Kusilvak Census Area, Alaska",AK,8372,42663.0,34.26,20.9,85.94,76.5,0.9042,0.5679,0.9994,0.7035,0.8568,18.0,47.0,41.5,38.5,36.9,9.6,23.5,23.2,45.8,26.8,31.6,18.1,0.0,0.0,54.57440186,37.0090065,1.921229601,0.6513130965,0,0,0
2164,"Lake and Peninsula Borough, Alaska",AK,999,61607.0,15.18,13.96,42.02,74.85,0.6923,0.6246,0.9857,0.7623,0.7926,12.6,38.6,35.0,28.7,24.2,7.2,19.2,16.9,26.1,15.8,19.8,12.6,99.99880219,41.60426712,46.91346359,24.0,0.1790471595,0.6513130965,0,0,0
2170,"Matanuska-Susitna Borough, Alaska",AK,108661,86435.0,10.22,7.0,3.65,91.09,0.552,0.4082,0.5797,0.3474,0.4792,8.3,37.0,30.4,22.5,17.0,5.7,16.6,13.2,13.1,8.6,11.8,9.9,28.88308525,8.187401772,2.206904888,7.551908016,0.072586715,0.426446974,0,0,0
2180,"Nome Census Area, Alaska",AK,10018,70121.0,21.14,16.51,57.18,82.77,0.8785,0.3449,0.9898,0.9214,0.8683,13.7,38.8,35.5,30.3,28.7,7.9,20.0,17.9,31.8,18.6,22.8,13.5,23.13319206,15.19547272,36.6606636,20.99472046,1.715612054,0.6513130965,0,0,0
2185,"North Slope Borough, Alaska",AK,10924,83472.0,7.94,6.81,36.53,64.39,0.4283,0.4604,0.9551,0.9946,0.7747,11.0,41.2,35.3,24.1,19.9,6.3,16.3,14.0,18.3,11.3,14.6,11.6,37.91080475,7.106164455,18.68935394,6.308982849,0.860770404,0.430385202,0,0,0
2188,"Northwest Arctic Borough, Alaska",AK,7682,77647.0,18.48,15.48,65.26,84.74,0.8304,0.3611,0.9943,0.9602,0.8734,14.6,40.9,38.1,30.8,28.6,7.9,20.3,18.7,32.1,18.9,24.4,14.2,46.17339706,29.21955299,39.59516525,22.41127396,0.915750921,0.6513130965,0,0,0
2195,"Petersburg Borough, Alaska",AK,3374,77826.0,4.6,4.41,12.6,82.38,0.3929,0.7445,0.8352,0.8072,0.6857,8.5,30.8,30.2,20.4,15.3,5.4,15.7,12.1,12.9,8.1,11.3,10.3,4.391679764,0.667492926,8.330465317,4.079092979,0.1790471595,1.516990304,0,0,0
2198,"Prince of Wales-Hyder Census Area, Alaska",AK,5799,61779.0,15.31,7.54,8.31,73.31,0.5978,0.6341,0.9001,0.9523,0.818,11.0,37.7,33.2,25.1,22.0,6.9,18.6,16.1,21.8,13.5,17.3,11.8,22.71344948,8.841073036,4.982527256,6.440227509,0.976085901,0.488042951,0,0,0
2220,"Sitka City and Borough, Alaska",AK,8462,95261.0,6.9,4.98,10.47,87.45,0.3029,0.0827,0.7843,0.8237,0.4442,8.4,29.7,30.0,18.4,13.9,5.0,15.2,11.6,12.1,7.9,10.7,9.0,34.52976608,6.247632027,3.261884451,2.741064787,0.356930405,0.356930405,0,0,0
2230,"Skagway Municipality, Alaska",AK,1303,79583.0,6.22,11.0,6.34,89.02,0.3042,0.0283,0.5829,0.7875,0.3328,7.8,35.0,29.7,19.9,14.6,5.1,15.6,12.0,11.9,7.6,10.5,10.0,0.341358095,0.059915796,0.747745574,0.265329093,0.1790471595,0.6513130965,0,0,0
2240,"Southeast Fairbanks Census Area, Alaska",AK,6888,75378.0,13.17,6.61,5.66,75.24,0.4906,0.6939,0.6449,0.7798,0.6755,9.0,35.0,32.8,25.1,18.0,6.2,16.7,14.0,15.4,9.8,12.8,11.7,29.73569679,9.888008118,4.647796631,7.54454422,0.431220353,0.57496047,0,0,0
2275,"Wrangell City and Borough, Alaska",AK,2134,61000.0,10.09,3.44,6.25,81.79,0.4187,0.6806,0.825,0.3939,0.5342,9.1,35.0,31.4,22.3,18.0,6.0,17.4,14.0,15.9,10.2,13.4,11.0,21.35372353,5.033755779,1.605544209,4.895638466,0.1790471595,0.6513130965,0,0,0
2282,"Yakutat City and Borough, Alaska",AK,564,76875.0,9.98,1.83,12.55,82.68,0.1416,0.1079,0.9577,0.8116,0.3723,10.6,34.6,33.8,25.2,20.3,6.6,17.7,14.9,19.8,12.2,16.1,12.6,0.301190734,0.111908317,4.134757042,3.937863827,0.1790471595,0.6513130965,0,0,0
2290,"Yukon-Koyukuk Census Area, Alaska",AK,5355,47826.0,22.91,11.09,46.92,48.27,0.839,0.7394,0.98,0.8037,0.8807,13.9,36.6,37.1,28.3,27.5,8.0,20.0,18.4,30.6,18.4,22.7,13.8,89.56611633,43.27859497,45.94817352,27.41240311,2.166633844,0.6513130965,0,0,0
4001,"Apache County, Arizona",AZ,66054,37483.0,32.54,9.46,12.68,47.46,0.8902,0.9284,0.9841,0.9402,0.965,15.3,36.0,32.7,27.8,23.1,7.8,22.3,19.4,35.0,20.4,25.3,14.6,54.71744537,35.34135818,11.21697712,23.17837906,0.11130435,0.194782615,0,0,0
4003,"Cochise County, Arizona",AZ,125504,58421.0,14.7,6.79,5.95,85.26,0.7121,0.9574,0.8473,0.9714,0.9325,10.6,31.8,31.9,24.2,13.4,5.8,17.1,14.1,18.5,9.8,15.2,14.9,43.89905167,15.55343246,2.966667414,9.175611496,0.102000788,0.502157688,0,0,0
4005,"Coconino County, Arizona",AZ,144705,67266.0,16.88,6.97,5.42,82.46,0.8097,0.0595,0.8533,0.9917,0.8031,9.8,25.3,28.4,16.8,12.9,5.5,18.0,13.2,16.8,10.1,13.5,10.4,32.45462799,13.31731129,2.469643116,6.363204002,0.126332641,0.933457792,0,0,0
4007,"Gila County, Arizona",AZ,53419,55242.0,18.99,6.94,6.86,76.34,0.8466,0.6131,0.7668,0.8352,0.847,10.5,32.2,29.2,24.7,16.7,6.0,19.0,15.1,20.6,11.5,15.9,13.2,28.23313522,11.01526546,4.002040386,11.21174049,0.128906325,0.515625298,0,0,0
4009,"Graham County, Arizona",AZ,38453,64089.0,17.67,5.97,4.94,82.49,0.7,0.6596,0.8702,0.9513,0.8486,10.9,36.3,31.3,25.5,15.5,6.0,17.7,14.6,21.2,11.1,16.4,16.0,39.64398575,15.74426937,4.770131588,13.73376369,0.153018281,0.510060966,0,0,0
4011,"Greenlee County, Arizona",AZ,9483,73756.0,12.81,3.02,2.66,85.71,0.0974,0.6726,0.8934,0.4407,0.3598,10.1,33.0,28.7,23.1,11.6,5.0,16.1,12.9,16.5,8.8,14.0,16.1,32.91820908,14.04879379,2.770305157,6.173377991,0.1790471595,0.6513130965,0,0,0
4012,"La Paz County, Arizona",AZ,16681,46634.0,20.99,10.73,4.76,71.17,0.9236,0.9701,0.818,0.5775,0.9195,11.5,36.1,31.0,28.1,16.7,6.4,18.5,15.7,24.5,12.8,18.9,18.1,53.38379669,26.48659706,6.21955204,11.23159981,0.325884551,0.884543777,0,0,0
4013,"Maricopa County, Arizona",AZ,4430871,80675.0,11.53,4.76,5.23,91.26,0.6201,0.5705,0.8521,0.6907,0.713,9.6,30.6,28.6,20.0,11.0,5.0,15.3,11.4,15.7,8.6,12.2,13.1,20.8258667,5.509140015,0.974254191,1.744862676,0.101767145,0.739012897,0,0,0
4015,"Mohave County, Arizona",AZ,214229,53592.0,16.01,7.46,4.42,85.67,0.8285,0.8419,0.5994,0.762,0.8489,9.7,33.3,31.0,26.6,17.1,5.9,18.1,14.2,18.4,9.9,14.5,14.3,45.86861801,18.69761467,3.28447628,9.574590683,0.087474562,0.603114069,0,0,0
4017,"Navajo County, Arizona",AZ,107110,50335.0,25.48,9.7,8.45,69.72,0.8902,0.9863,0.9103,0.9446,0.9806,12.3,37.9,35.3,25.2,19.5,6.8,20.5,16.3,26.2,15.3,19.3,13.6,44.54315567,26.00161171,7.100140572,17.42776108,0.115955472,0.651134551,0,0,0
4019,"Pima County, Arizona",AZ,1042393,64323.0,14.95,5.87,7.16,89.94,0.7493,0.7356,0.8711,0.9663,0.888,9.5,32.2,30.1,21.6,11.3,5.2,17.3,13.0,15.7,9.3,12.8,13.0,28.64681244,8.928725243,1.335720062,3.106329203,0.117793955,0.677550852,0,0,0
4021,"Pinal County, Arizona",AZ,433338,73313.0,11.3,6.44,3.53,90.67,0.6347,0.8374,0.833,0.7521,0.797,10.9,38.7,31.6,24.4,12.7,5.4,17.4,13.8,18.3,9.4,14.1,14.0,45.73484421,14.21320724,2.383749008,6.781013966,0.049913898,0.307802379,0,0,0
4023,"Santa Cruz County, Arizona",AZ,47838,51885.0,20.21,9.85,6.01,82.7,0.987,0.9395,0.9879,0.4092,0.9383,13.2,34.8,31.3,30.3,12.0,5.9,15.8,15.1,27.4,13.2,21.5,26.5,36.2806282,18.32411766,1.682002425,12.12627983,0.149547085,0.320458055,0,0,0
4025,"Yavapai County, Arizona",AZ,237830,62430.0,12.32,4.91,3.91,89.59,0.5752,0.5488,0.546,0.6026,0.5991,8.0,27.6,27.0,19.9,12.9,5.1,16.8,12.8,13.8,8.0,11.8,11.8,35.75042343,12.97976494,1.959042072,5.893157005,0.112394162,0.582784534,0,0,0
4027,"Yuma County, Arizona",AZ,204374,56439.0,17.53,8.3,5.33,84.33,0.9819,0.9736,0.9612,0.98,0.9978,12.9,39.0,31.6,27.7,13.7,6.1,16.2,14.9,26.3,12.3,20.6,24.1,24.71905518,10.30404568,1.7490834,4.632187366,0.128544152,0.619766414,0,0,0
5001,"Arkansas County, Arkansas",AR,17024,58695.0,16.84,6.54,9.67,75.29,0.6787,0.5078,0.6901,0.7585,0.7226,12.1,39.0,39.3,33.7,17.6,6.5,20.9,15.2,21.9,11.1,17.5,11.8,47.04374695,23.65869713,6.931625843,10.99542999,0.23010987,0.690329611,0,0,0
5003,"Ashley County, Arkansas",AR,19018,44804.0,23.27,6.02,8.85,74.8,0.8171,0.9262,0.6971,0.5062,0.8237,14.2,45.2,42.1,39.4,20.7,7.3,21.9,17.3,26.5,13.3,20.1,13.7,21.75689888,9.444408417,4.255661011,9.026511192,0.1790471595,0.775634706,0,0,0
5005,"Baxter County, Arkansas",AR,41801,47403.0,13.53,5.13,4.39,82.38,0.6131,0.3618,0.2109,0.3366,0.4333,10.3,38.2,36.2,29.8,17.9,6.8,20.6,15.5,17.3,9.5,13.6,10.7,16.42983246,5.619254589,1.867805958,6.867182255,0.16571185,0.6628474,0,0,0
5007,"Benton County, Arkansas",AR,286528,85269.0,7.88,2.85,2.81,91.16,0.182,0.5892,0.7286,0.3115,0.3268,9.8,35.1,31.7,25.4,11.6,5.3,16.7,12.3,13.2,7.3,11.3,11.0,24.89488411,6.689051628,1.264788985,2.913781166,0.16968286,0.696046054,0,0,0
5009,"Boone County, Arkansas",AR,37662,52275.0,13.16,4.44,5.55,85.97,0.4053,0.4563,0.1508,0.1674,0.2647,10.4,40.8,34.6,28.9,17.0,6.3,20.2,15.1,16.0,8.6,12.9,10.0,20.88229942,8.832533836,2.257488728,8.937090874,0.159468442,0.637873769,0,0,0
5011,"Bradley County, Arkansas",AR,10461,43688.0,15.15,5.6,8.64,72.6,0.8778,0.895,0.8365,0.6901,0.8864,14.3,42.6,42.9,38.6,19.3,7.2,20.7,17.1,27.8,13.8,21.7,16.1,23.76347733,10.20748425,4.339568615,11.22467518,0.1790471595,0.469968975,0,0,0
5013,"Calhoun County, Arkansas",AR,4773,60237.0,12.49,9.13,3.27,77.04,0.5205,0.6545,0.6487,0.2307,0.4967,11.3,39.1,38.5,31.5,16.6,6.1,19.7,14.3,18.2,9.7,15.0,10.9,65.4903183,24.68844795,5.516771317,10.87559414,0.1790471595,0.6513130965,0,0,0
5015,"Carroll County, Arkansas",AR,28362,56826.0,15.44,3.15,4.96,82.11,0.6618,0.6608,0.6287,0.4722,0.6421,11.4,37.7,37.4,34.5,17.5,6.8,19.7,15.8,19.8,10.2,15.7,14.8,16.38960648,6.855035782,2.944142342,5.415205956,0.282925457,0.495119542,0,0,0
5017,"Chicot County, Arkansas",AR,10234,36593.0,27.44,10.9,11.43,74.6,0.98,0.9866,0.9243,0.9889,0.9987,16.1,47.4,46.1,39.8,20.5,7.4,20.7,17.0,32.2,16.1,25.0,15.3,32.60532761,16.10584641,10.19774055,12.01883602,0.1790471595,0.604594946,0,0,0
5019,"Clark County, Arkansas",AR,21469,48071.0,19.99,4.09,6.3,77.74,0.6583,0.5422,0.6971,0.9908,0.8339,12.9,43.2,41.6,33.1,17.4,6.8,20.3,15.7,21.6,11.5,17.3,11.0,26.48617935,10.7064352,2.684153795,7.209390163,0.1790471595,0.814369082,0,0,0
5021,"Clay County, Arkansas",AR,14537,44685.0,19.42,5.58,5.86,76.78,0.7168,0.5135,0.0932,0.1101,0.3929,11.1,40.2,36.8,33.5,19.0,6.9,21.1,15.9,18.6,9.8,14.2,11.6,16.07542992,7.099677086,3.012783766,6.664433002,0.278260857,0.347826093,0,0,0
5023,"Cleburne County, Arkansas",AR,24948,52780.0,14.12,6.03,3.07,81.44,0.5406,0.4792,0.1861,0.1785,0.3532,10.7,38.0,35.5,31.3,18.2,6.7,20.9,15.7,17.5,9.3,13.4,11.0,17.41594124,6.620099068,2.198574305,5.6405797,0.20052135,0.92239821,0,0,0
5025,"Cleveland County, Arkansas",AR,7548,48913.0,13.56,0.78,6.97,74.62,0.1782,0.6888,0.4537,0.2574,0.286,11.6,42.2,39.4,32.4,18.2,6.7,20.7,15.6,18.8,10.2,15.0,10.8,22.09662247,7.617850304,3.90947175,11.74846745,0.1790471595,0.6513130965,0,0,0
5027,"Columbia County, Arkansas",AR,22707,47441.0,22.52,3.16,4.17,75.67,0.5192,0.6596,0.7929,0.9163,0.7598,13.5,39.9,41.8,34.6,18.0,6.8,20.5,15.5,25.0,12.6,19.7,11.6,19.53101349,8.611896515,1.856513739,8.897871017,0.128584281,0.900090039,0,0,0
5029,"Conway County, Arkansas",AR,20782,50282.0,20.89,7.07,7.47,77.11,0.6879,0.9634,0.5218,0.427,0.7461,12.4,41.1,40.5,34.5,19.1,7.1,20.9,16.2,21.6,11.2,16.5,11.8,22.12415314,9.747840881,4.162653446,8.017361641,0.1790471595,0.285211772,0,0,0
5031,"Craighead County, Arkansas",AR,111038,55169.0,19.12,5.89,6.81,85.61,0.7369,0.8836,0.6316,0.7824,0.8342,11.2,39.6,38.5,30.9,16.2,6.4,19.7,14.6,18.7,10.2,15.3,10.7,21.33138084,9.12217617,2.216458559,6.46949482,0.195999816,0.810726523,0,0,0
5033,"Crawford County, Arkansas",AR,60593,56702.0,17.85,5.28,4.82,81.85,0.6822,0.9532,0.5011,0.4944,0.7531,10.9,38.7,37.4,29.9,17.1,6.6,20.3,15.5,18.7,9.7,14.5,12.1,34.37975693,13.18603897,2.32117033,7.771709919,0.110394426,0.504660249,0,0,0
5035,"Crittenden County, Arkansas",AR,47945,51860.0,19.7,10.44,9.62,84.1,0.9345,0.8368,0.9192,0.7461,0.9205,14.8,46.8,44.7,38.0,18.8,6.9,21.0,16.3,29.6,14.8,23.7,12.7,22.53043747,10.6224432,3.514785051,6.800409794,0.147009403,0.77704972,0,0,0
5037,"Cross County, Arkansas",AR,16827,48129.0,20.21,8.15,9.32,78.96,0.9128,0.9504,0.6402,0.7801,0.9227,13.4,44.8,41.5,36.9,20.0,7.2,21.4,16.6,24.8,12.7,19.1,12.7,29.16385269,14.55148792,4.467823505,7.32350111,0.247800767,0.929252863,0,0,0
5039,"Dallas County, Arkansas",AR,6472,40085.0,11.91,5.98,7.69,70.82,0.3366,0.6179,0.8603,0.9421,0.6885,12.7,42.1,41.3,35.0,17.1,6.2,20.2,15.0,22.9,11.7,19.1,11.8,51.96455002,26.79262733,7.109601498,9.978655815,0.1790471595,0.441046745,0,0,0
5041,"Desha County, Arkansas",AR,11285,38067.0,27.23,5.19,14.6,72.37,0.9173,0.999,0.9007,0.7369,0.9749,17.1,46.6,46.7,44.3,23.0,8.1,22.7,18.9,36.6,18.2,27.4,16.8,32.44397736,16.61315155,10.20481586,17.13702393,0.360036016,0.900090039,0,0,0
5043,"Drew County, Arkansas",AR,17309,44968.0,21.36,3.22,7.57,76.35,0.4028,0.8263,0.7245,0.9548,0.7668,13.5,45.0,41.8,35.1,18.6,7.1,20.7,16.2,24.6,12.5,19.2,12.6,24.13800812,9.200605392,3.220946074,8.287804604,0.1790471595,0.778772891,0,0,0
5045,"Faulkner County, Arkansas",AR,124611,61273.0,15.51,3.25,4.82,90.31,0.4585,0.2071,0.5444,0.8266,0.5326,10.9,41.1,36.0,27.1,14.6,5.9,18.7,13.6,15.3,8.6,13.0,9.3,32.80495453,11.9153986,2.156309128,6.08743763,0.086669452,0.756387949,0,0,0
5047,"Franklin County, Arkansas",AR,17160,47695.0,20.22,5.14,5.64,74.56,0.6688,0.6678,0.3446,0.5317,0.6198,11.7,39.8,38.5,33.5,20.0,7.1,21.6,16.8,19.8,10.5,15.2,12.1,4.675597668,1.889452219,2.9639256,10.72665977,0.167625859,0.335251719,0,0,0
5049,"Fulton County, Arkansas",AR,12183,38917.0,15.33,1.69,5.38,61.92,0.72,0.7,0.1572,0.6262,0.6535,12.4,39.7,39.6,34.5,21.4,7.7,22.0,17.2,21.9,11.4,15.8,12.2,13.90838909,5.933831215,2.811273575,13.77782631,0.1790471595,0.242306754,0,0,0
5051,"Garland County, Arkansas",AR,100021,54229.0,16.86,5.67,6.21,82.25,0.713,0.9723,0.5161,0.8326,0.8661,11.1,39.3,37.8,28.3,16.1,6.4,19.8,14.9,17.9,9.6,15.1,11.0,29.23083305,10.65407372,3.30029726,7.127980232,0.130274877,0.861818433,0,0,0
5053,"Grant County, Arkansas",AR,18022,68598.0,13.55,3.32,2.41,83.69,0.154,0.4588,0.2399,0.223,0.1852,9.8,36.6,35.2,28.0,15.7,6.0,19.2,13.9,14.3,7.9,11.9,9.7,35.48677826,12.46475887,1.437350631,8.375271797,0.1790471595,0.271017402,0,0,0
5055,"Greene County, Arkansas",AR,45954,54879.0,17.56,7.52,4.95,84.47,0.7932,0.6898,0.2692,0.5654,0.6917,11.0,42.3,39.3,33.9,18.8,6.8,20.9,16.1,18.6,9.8,14.3,11.5,18.00772285,6.650717735,1.885094643,8.601525307,0.13158761,0.592144191,0,0,0
5057,"Hempstead County, Arkansas",AR,20037,45049.0,22.99,4.41,7.8,77.55,0.748,0.9914,0.8508,0.6927,0.8998,13.6,45.8,40.5,38.0,18.1,6.8,20.5,16.2,25.9,12.9,20.7,14.9,31.5890522,16.1088829,3.681942225,8.621366501,0.188208729,0.799887061,0,0,0
5059,"Hot Spring County, Arkansas",AR,33129,50260.0,19.74,4.61,5.87,75.83,0.5278,0.4458,0.4998,0.868,0.6437,11.6,36.9,38.5,32.8,18.9,6.8,20.1,15.5,19.9,10.5,15.6,11.7,24.93583298,11.21310711,3.363624811,11.14039898,0.147985905,0.503152072,0,0,0
5061,"Howard County, Arkansas",AR,12779,44824.0,18.31,6.43,4.42,76.23,0.8342,0.9949,0.7521,0.4423,0.8797,12.5,39.7,39.0,34.4,17.6,6.6,20.5,15.6,22.3,11.4,18.0,13.1,34.78097916,16.12007523,3.959301949,9.859679222,0.1790471595,0.839118183,0,0,0
5063,"Independence County, Arkansas",AR,37910,52361.0,19.34,5.25,6.08,68.11,0.7655,0.7843,0.4314,0.8912,0.8241,11.4,42.0,37.2,34.1,17.8,6.8,20.5,15.7,19.2,9.9,14.7,12.1,12.08283043,6.095881462,2.715589046,8.534599304,0.18539609,0.874010146,0,0,0
5065,"Izard County, Arkansas",AR,13748,46159.0,19.74,7.48,7.15,63.4,0.8043,0.3541,0.3592,0.6885,0.671,12.0,41.4,39.5,34.4,20.5,7.6,21.2,16.8,21.3,11.1,15.7,12.6,0.924698174,0.321216255,2.766657114,9.917282104,0.220377579,0.293836772,0,0,0
5067,"Jackson County, Arkansas",AR,16784,41929.0,20.44,10.93,7.96,76.14,0.8667,0.4534,0.5927,0.4874,0.7101,13.7,43.9,41.4,38.5,21.5,7.7,21.9,17.4,26.5,13.2,19.7,13.7,27.42853928,14.26931953,3.450345516,13.81945324,0.1790471595,0.420774221,0,0,0
5069,"Jefferson County, Arkansas",AR,66934,46855.0,19.5,7.84,7.7,75.5,0.7951,0.8015,0.931,0.9453,0.9096,15.1,46.3,47.2,37.0,18.0,6.8,20.2,15.8,28.4,14.5,23.7,12.5,25.99846268,10.60639477,3.921337843,8.396932602,0.260030299,0.887162149,0,0,0
5071,"Johnson County, Arkansas",AR,25925,42470.0,21.16,4.76,5.22,69.66,0.8769,0.98,0.5679,0.6478,0.895,12.4,37.5,38.2,35.7,18.7,7.2,20.6,16.8,22.1,11.1,16.5,14.4,27.26192474,13.32927799,3.413110733,10.19438744,0.1790471595,0.64119488,0,0,0
5073,"Lafayette County, Arkansas",AR,6277,40262.0,21.61,8.72,7.38,67.37,0.8622,0.6408,0.8031,0.6064,0.8075,15.3,46.3,43.9,40.4,22.6,7.9,22.4,18.2,31.5,15.8,23.5,15.1,21.05417633,11.35770226,7.603084087,16.24495888,0.1790471595,0.45482111,0,0,0
5075,"Lawrence County, Arkansas",AR,16258,43606.0,17.78,6.67,5.5,80.12,0.763,0.7636,0.1572,0.6408,0.7003,12.0,44.1,39.1,34.8,20.6,7.3,21.9,16.9,20.6,10.9,15.6,12.1,37.96455002,16.81366539,2.577693939,9.219322205,0.1790471595,0.304692268,0,0,0
5077,"Lee County, Arkansas",AR,8666,33801.0,27.62,14.31,21.73,75.99,0.958,0.9144,0.917,0.8829,0.9714,17.1,47.0,47.8,41.2,23.1,8.2,21.2,17.9,34.6,17.3,26.1,16.0,44.63252258,20.28681755,7.036072731,17.83015823,0.1790471595,0.35240221,0,0,0
5079,"Lincoln County, Arkansas",AR,13016,50526.0,17.68,3.98,4.83,58.23,0.6058,0.1409,0.749,0.7372,0.5864,13.5,42.8,42.9,36.1,20.2,7.4,19.5,15.9,24.7,12.6,19.2,14.7,33.21273041,17.50382042,8.264045715,15.43345833,0.1790471595,0.463535219,0,0,0
5081,"Little River County, Arkansas",AR,12024,58627.0,11.85,7.95,4.92,74.02,0.3643,0.538,0.6468,0.3255,0.4197,12.4,41.3,39.7,34.6,18.4,6.7,20.7,15.5,22.1,11.3,17.1,11.4,3.083001852,0.987279773,6.113260269,12.72407055,0.1790471595,0.656814456,0,0,0
5083,"Logan County, Arkansas",AR,21247,51131.0,14.53,5.52,5.18,77.39,0.4967,0.6802,0.335,0.5603,0.5444,11.3,37.7,38.2,31.7,18.3,6.7,20.6,15.6,18.4,9.8,14.1,11.3,16.22493744,8.59997654,1.8611871,9.565689087,0.140121445,0.513778627,0,0,0
5085,"Lonoke County, Arkansas",AR,74292,68078.0,11.84,4.49,4.87,86.61,0.3684,0.7063,0.4445,0.2536,0.4063,10.1,35.7,36.5,30.3,15.9,5.8,19.5,14.2,15.5,8.3,12.9,10.1,16.44862175,5.296756744,2.488686085,7.21425724,0.081167735,0.527590275,0,0,0
5087,"Madison County, Arkansas",AR,16737,51514.0,16.45,4.79,3.22,83.44,0.6096,0.6411,0.5953,0.2405,0.5272,11.3,40.6,38.4,33.4,19.3,6.9,21.0,16.2,20.1,10.3,15.2,13.1,26.14719582,10.98623085,3.800976038,7.291202068,0.1790471595,0.300408542,0,0,0
5089,"Marion County, Arkansas",AR,16905,42891.0,17.77,7.0,4.22,87.38,0.6726,0.5495,0.182,0.2246,0.4588,11.1,37.8,35.1,31.3,18.8,7.0,21.2,16.2,18.7,10.0,14.2,11.6,10.02939606,3.208756685,4.607949257,10.20742035,0.178677782,0.416914821,0,0,0
5091,"Miller County, Arkansas",AR,42682,47613.0,20.53,7.7,8.94,79.58,0.908,0.7136,0.7028,0.9812,0.9354,13.1,38.0,40.8,36.6,19.3,7.0,21.2,16.2,24.7,12.5,19.0,12.6,27.0833931,12.24641609,4.091006756,6.575875759,0.162123352,0.602172434,0,0,0
5093,"Mississippi County, Arkansas",AR,40361,50012.0,21.87,9.82,10.36,81.22,0.9007,0.9456,0.8151,0.7878,0.9335,13.4,46.7,43.4,35.8,19.1,7.0,21.0,16.1,26.0,13.1,20.3,12.9,16.94853783,8.994427681,4.334780216,10.15131378,0.199670538,0.823641002,0,0,0
5095,"Monroe County, Arkansas",AR,6787,41786.0,23.81,10.98,15.61,73.11,0.9147,0.7773,0.8447,0.9275,0.9341,14.3,43.7,43.8,36.8,20.0,7.1,21.5,16.7,27.5,14.1,21.6,13.3,28.32777214,14.98396969,5.745722771,9.978920937,0.455650061,1.518833518,0,0,0
5097,"Montgomery County, Arkansas",AR,8555,47103.0,18.15,7.25,4.6,76.23,0.7455,0.8314,0.2959,0.1954,0.5765,11.4,41.1,37.4,32.6,18.8,7.1,21.2,16.2,19.4,10.3,14.6,12.0,23.05571938,10.5365057,4.829592705,14.32125664,0.1790471595,0.333111256,0,0,0
5099,"Nevada County, Arkansas",AR,8292,43421.0,27.83,7.78,4.6,67.63,0.7913,0.8731,0.7502,0.7448,0.8527,14.2,44.1,43.7,38.3,21.1,7.4,21.9,17.1,27.6,14.0,21.3,13.3,54.16181183,27.3622818,3.245622873,15.60076237,0.1790471595,0.370416105,0,0,0
5101,"Newton County, Arkansas",AR,7243,50699.0,11.35,3.75,2.17,75.59,0.4359,0.2275,0.2109,0.0961,0.1985,10.9,38.7,37.7,31.1,18.7,6.8,20.8,15.6,17.4,9.4,13.5,11.0,28.87794876,11.35471344,3.385771751,11.30266857,0.394632995,0.6513130965,0,0,0
5103,"Ouachita County, Arkansas",AR,22606,47348.0,19.07,6.48,12.4,81.59,0.6767,0.8912,0.8377,0.4298,0.7464,13.9,43.4,42.7,35.8,18.7,6.9,21.2,15.9,25.6,13.0,20.3,11.9,34.66252136,18.14914703,5.187543869,10.28004169,0.258989066,0.64747268,0,0,0
5105,"Perry County, Arkansas",AR,10055,53980.0,15.34,4.57,6.06,79.13,0.286,0.6284,0.2692,0.5991,0.4292,10.8,38.6,36.7,32.0,18.0,6.6,20.3,15.2,17.6,9.4,13.7,11.0,14.2723465,5.305896759,5.081312656,11.72845554,0.1790471595,0.290500641,0,0,0
5107,"Phillips County, Arkansas",AR,16373,37458.0,30.45,13.31,13.95,76.12,0.9526,0.9402,0.9453,0.7633,0.9628,17.2,48.6,49.0,41.9,21.8,7.8,22.4,18.2,36.0,18.4,27.6,14.3,36.08113098,18.9356575,12.00942516,21.0392971,0.231227234,0.404647678,0,0,0
5109,"Pike County, Arkansas",AR,10205,49248.0,17.48,3.09,4.87,76.84,0.4706,0.7598,0.4248,0.6449,0.5972,11.4,38.2,38.0,32.4,17.9,6.8,20.4,15.8,19.2,10.1,15.0,12.0,23.05731964,9.372835159,3.372744083,8.581686974,0.375833869,0.375833869,0,0,0
5111,"Poinsett County, Arkansas",AR,22997,43440.0,20.95,5.05,8.71,78.48,0.8234,0.8546,0.4273,0.4127,0.7381,12.1,41.3,38.2,37.1,20.8,7.3,21.9,17.1,22.6,11.8,16.8,13.1,19.30390739,10.32565784,4.1483922,13.1516552,0.214748964,0.687196672,0,0,0
5113,"Polk County, Arkansas",AR,19384,48449.0,17.78,9.02,5.33,77.96,0.7506,0.8447,0.377,0.4174,0.6863,11.8,40.2,37.2,33.5,19.4,7.1,21.1,16.4,20.1,10.7,15.1,12.5,32.33204269,16.94632149,4.344531059,11.17287254,0.1790471595,0.405947119,0,0,0
5115,"Pope County, Arkansas",AR,63475,51678.0,17.85,4.76,4.53,83.63,0.7817,0.8727,0.489,0.727,0.8171,11.4,45.3,36.3,33.2,17.1,6.7,20.0,15.2,19.1,9.9,14.8,12.5,23.26810265,9.370615005,2.6031394,7.644141674,0.108807161,0.854913414,0,0,0
5117,"Prairie County, Arkansas",AR,8217,47045.0,9.98,4.09,4.62,71.64,0.4178,0.7674,0.4496,0.2844,0.4601,11.3,40.5,38.6,32.1,18.1,6.6,20.4,15.5,18.9,10.0,14.7,11.3,4.45620203,2.153328419,3.273188829,7.65947628,0.376600564,0.6513130965,0,0,0
5119,"Pulaski County, Arkansas",AR,398322,58326.0,16.56,5.25,7.42,85.73,0.6573,0.8011,0.8702,0.6844,0.7811,11.5,40.6,39.5,28.4,13.6,5.8,18.3,13.2,19.1,10.6,16.4,10.5,33.03913116,12.88145542,2.904325008,5.231180191,0.157768846,0.966970325,0,0,0
5121,"Randolph County, Arkansas",AR,18619,45993.0,19.22,7.53,5.99,71.02,0.7696,0.7941,0.2816,0.5336,0.7051,12.2,41.4,38.4,36.1,20.5,7.3,21.9,17.1,21.1,11.1,15.9,12.2,16.23621559,9.379769325,2.687175274,9.081933022,0.274017632,0.493231773,0,0,0
5123,"St. Francis County, Arkansas",AR,23138,39822.0,28.1,6.6,12.87,74.5,0.9421,0.943,0.924,0.9284,0.9777,16.6,47.9,46.6,41.2,21.9,7.9,20.9,17.2,33.1,16.6,25.2,15.4,47.22037888,19.29633713,10.38371086,19.19688034,0.202576771,0.445668906,0,0,0
5125,"Saline County, Arkansas",AR,123988,73236.0,9.55,3.81,3.66,87.43,0.1502,0.6459,0.5011,0.3312,0.2864,9.5,34.4,35.5,27.8,14.3,5.7,18.4,13.3,14.4,7.9,12.2,9.6,29.77823639,7.686253548,2.525563717,5.118945599,0.104865775,0.556595266,0,0,0
5127,"Scott County, Arkansas",AR,9871,45340.0,17.13,5.73,9.31,73.24,0.7146,0.9001,0.4658,0.5759,0.7537,11.7,37.2,37.6,34.6,19.1,7.0,20.8,16.3,20.0,10.4,15.4,13.2,34.38437271,20.81009865,4.411829472,13.0534687,0.1790471595,0.491932303,0,0,0
5129,"Searcy County, Arkansas",AR,7880,42063.0,26.57,5.19,7.73,72.8,0.6847,0.5011,0.3484,0.3086,0.517,12.5,39.7,39.4,35.3,21.7,7.8,22.1,17.5,22.2,11.7,16.2,13.0,32.85917664,14.64039707,6.282960892,11.54047585,0.1790471595,0.51007396,0,0,0
5131,"Sebastian County, Arkansas",AR,128184,54047.0,16.5,5.24,6.28,82.26,0.7957,0.9675,0.6962,0.6491,0.8696,11.5,36.4,37.3,32.5,16.5,6.5,19.9,15.4,19.2,10.2,15.3,13.3,13.21709156,5.492114067,1.365937114,3.948278427,0.164589703,0.830786109,0,0,0
5133,"Sevier County, Arkansas",AR,15913,53567.0,20.09,4.59,4.67,77.68,0.8256,0.8864,0.833,0.4804,0.825,13.7,41.5,37.6,40.0,19.1,7.6,20.1,17.9,27.7,13.4,20.9,21.2,29.3221817,13.39540195,3.205884933,11.85020828,0.179619208,0.41911149,0,0,0
5135,"Sharp County, Arkansas",AR,17422,43332.0,15.92,6.15,4.75,68.45,0.728,0.7808,0.2364,0.2959,0.5838,11.7,39.5,37.6,34.7,20.3,7.2,21.7,16.8,20.3,10.7,15.2,11.9,34.72457123,17.99477768,2.743627787,15.4931469,0.229568407,0.401744723,0,0,0
5137,"Stone County, Arkansas",AR,12393,37664.0,21.19,5.38,7.63,60.28,0.7731,0.8336,0.2733,0.7299,0.7709,12.0,40.1,37.7,34.4,20.9,7.5,21.5,17.0,21.4,11.1,15.7,12.2,24.99615097,10.84069538,3.172084808,15.61854362,0.1790471595,0.710115194,0,0,0
5139,"Union County, Arkansas",AR,38815,49745.0,18.62,3.74,5.2,76.79,0.5485,0.7668,0.7798,0.5479,0.6682,13.0,39.4,41.0,34.5,18.1,6.7,20.1,15.5,23.6,12.0,18.6,11.9,28.17696953,12.20156193,2.460116148,9.224474907,0.104659989,0.811114907,0,0,0
5141,"Van Buren County, Arkansas",AR,15900,45768.0,18.92,4.66,6.35,75.57,0.8101,0.8661,0.2164,0.6678,0.7763,11.5,39.5,37.6,33.8,20.0,7.3,21.3,16.4,20.4,10.8,15.2,12.4,10.39943027,6.728546143,4.484239578,11.97557735,0.181367517,0.483646691,0,0,0
5143,"Washington County, Arkansas",AR,247331,61985.0,15.19,4.28,4.6,87.0,0.7407,0.4871,0.7178,0.8094,0.7658,10.7,36.7,36.4,28.4,14.2,6.1,18.3,14.3,17.1,9.2,14.2,12.8,13.95819473,5.30293417,2.134199381,2.951818228,0.172686011,0.744194448,0,0,0
5145,"White County, Arkansas",AR,77118,51144.0,16.09,5.2,6.3,83.34,0.7716,0.7878,0.4057,0.9488,0.8482,10.9,40.0,37.1,31.6,17.9,6.7,20.6,15.3,19.4,9.8,14.2,11.4,23.62110901,9.119112015,3.207932234,7.606675148,0.139719799,0.736704409,0,0,0
5147,"Woodruff County, Arkansas",AR,6259,49608.0,19.0,6.74,10.93,62.03,0.7859,0.6767,0.6752,0.6303,0.7671,13.7,39.3,41.4,37.7,21.3,7.4,21.9,17.3,26.4,13.3,19.8,13.3,6.692777634,3.227311134,10.31654835,25.32703972,0.478927195,0.638569593,0,0,0
5149,"Yell County, Arkansas",AR,20342,55879.0,12.45,3.88,5.77,77.71,0.5714,0.8276,0.6211,0.8591,0.7738,12.2,41.9,38.3,34.0,18.6,6.9,20.2,16.2,21.3,10.9,16.5,16.1,16.37342072,7.77911377,2.635739803,10.99399185,0.188848495,0.519333363,0,0,0
6001,"Alameda County, California",CA,1663823,122488.0,9.15,4.95,9.3,92.96,0.2962,0.0862,0.9605,0.9205,0.5129,10.1,22.5,26.5,20.1,9.2,4.3,15.5,11.0,14.2,7.7,11.9,7.2,8.083675385,1.117399335,0.342808157,0.303152561,0.219572246,0.827155709,0,0,0
6003,"Alpine County, California",CA,1515,101125.0,13.73,4.86,3.45,89.89,0.1429,0.6402,0.8008,0.5352,0.4044,8.5,28.7,27.9,18.0,11.6,5.1,17.9,12.1,12.4,8.0,11.6,6.3,56.9692421,16.78513908,6.022489548,11.70568562,0.1790471595,2.680965185,0,0,0
6005,"Amador County, California",CA,40577,74853.0,7.84,6.01,5.37,86.92,0.4477,0.398,0.6096,0.7725,0.5647,8.6,29.5,29.3,20.5,12.4,5.2,18.4,12.6,13.3,8.0,12.2,8.1,0.174186975,0.095632061,3.163143396,5.203057766,0.299378783,0.573809326,0,0,0
6007,"Butte County, California",CA,213605,66085.0,18.21,7.15,6.08,89.9,0.7706,0.4843,0.6806,0.9437,0.8225,9.9,30.6,30.5,22.7,13.9,5.7,19.6,13.9,16.9,9.7,14.6,8.4,19.11343384,6.450867176,1.979341865,4.319957256,0.18801941,0.737976134,0,0,0
6009,"Calaveras County, California",CA,45674,77526.0,13.08,6.21,2.06,85.67,0.5425,0.4706,0.552,0.0614,0.3357,9.1,29.8,28.2,22.2,13.9,5.5,19.7,13.6,14.9,8.8,13.3,7.9,14.73611736,5.989502907,1.547478199,6.764348984,0.259134501,0.60464716,0,0,0
6011,"Colusa County, California",CA,21811,69619.0,10.94,7.36,4.57,80.61,0.8931,0.9026,0.9465,0.3315,0.84,12.2,35.3,29.6,29.8,13.5,5.9,18.8,15.7,25.0,12.4,21.2,18.0,39.32974625,12.35625458,2.258987188,6.883412838,0.324705452,0.417478442,0,0,0
6013,"Contra Costa County, California",CA,1162648,120020.0,8.26,5.85,5.09,94.81,0.3223,0.4343,0.917,0.5113,0.4785,9.6,27.8,27.5,22.7,9.3,4.5,16.2,11.3,13.8,7.9,12.4,8.1,23.22831154,2.867470503,0.76695931,0.816233933,0.194388255,0.678623259,0,0,0
6015,"Del Norte County, California",CA,27462,61149.0,14.29,6.26,7.32,89.81,0.7814,0.6395,0.7735,0.9927,0.9004,10.2,30.9,30.8,24.2,15.1,5.9,19.8,14.7,18.9,10.6,15.9,10.1,34.40719223,14.445117,3.967302799,8.767766953,0.1430206,0.321796328,0,0,0
6017,"El Dorado County, California",CA,191713,99246.0,8.6,4.6,3.83,91.84,0.1836,0.2008,0.5994,0.2186,0.1896,8.0,27.4,26.5,17.9,10.6,4.7,17.5,11.8,11.3,6.9,10.5,6.2,25.22289085,4.258567333,1.906888723,3.406862497,0.171050921,0.673837006,0,0,0
6019,"Fresno County, California",CA,1008280,67756.0,19.55,8.62,7.38,85.5,0.943,0.8772,0.9685,0.875,0.9618,12.4,37.9,31.4,31.0,13.4,6.0,18.4,14.9,25.1,12.3,19.8,14.6,13.32706928,5.349310875,0.889458835,3.534904957,0.25276795,0.731328666,0,0,0
6021,"Glenn County, California",CA,28657,64033.0,15.25,7.68,3.56,85.97,0.945,0.6443,0.8734,0.5937,0.8622,11.1,32.4,29.5,27.3,14.2,5.9,19.3,15.1,21.8,11.3,18.3,14.1,23.44501114,8.745303154,2.142959833,3.686215162,0.212141573,0.671781659,0,0,0
6023,"Humboldt County, California",CA,136132,57881.0,19.82,9.25,6.96,88.94,0.7805,0.6538,0.6475,0.8851,0.8269,10.0,32.1,29.9,23.2,15.0,5.9,20.7,14.3,17.5,10.1,14.5,7.7,11.18627262,4.540260315,1.848891854,3.618977308,0.296346784,0.622328222,0,0,0
6025,"Imperial County, California",CA,179578,53847.0,21.05,13.2,6.28,87.53,0.9682,0.9392,0.9943,0.979,0.9936,14.6,35.2,32.5,35.1,13.3,6.3,18.2,17.0,31.3,15.5,25.5,22.2,17.6411171,7.648735523,1.431648135,4.724971294,0.13868317,0.610205948,0,0,0
6027,"Inyo County, California",CA,18829,63417.0,11.93,4.89,5.16,82.53,0.4162,0.5234,0.7881,0.7716,0.6147,9.4,28.5,27.8,21.1,12.4,5.2,18.5,13.1,15.0,8.9,13.5,8.4,28.88790321,7.771645069,1.883897424,3.910156965,0.221655771,0.997450948,0,0,0
6029,"Kern County, California",CA,906883,63883.0,19.29,8.39,6.44,88.1,0.957,0.8339,0.9545,0.9265,0.9685,13.3,36.2,32.2,32.1,14.7,6.3,19.9,16.1,26.8,13.6,21.8,16.7,23.77233696,7.829901218,1.337915421,3.320080042,0.211901546,0.726678073,0,0,0
6031,"Kings County, California",CA,152515,68540.0,16.21,9.19,4.84,86.78,0.9354,0.839,0.9593,0.8753,0.9507,12.9,34.9,32.0,31.0,15.0,6.3,19.0,15.9,26.5,13.4,21.7,17.3,33.02869034,6.822825909,1.055195212,3.986006021,0.255416125,0.674560547,0,0,0
6033,"Lake County, California",CA,68024,56259.0,16.59,10.4,5.61,83.86,0.8696,0.9236,0.7089,0.7999,0.9055,10.7,32.8,32.0,25.9,15.6,6.1,20.4,15.4,20.1,11.1,17.0,10.9,4.177564621,1.889675617,2.951067448,5.047066212,0.372214198,0.542812407,0,0,0
6035,"Lassen County, California",CA,31873,59515.0,15.23,7.92,5.13,86.34,0.861,0.3748,0.7464,0.8769,0.8231,10.6,34.3,31.5,25.6,16.2,6.2,19.8,15.1,19.9,11.0,16.7,11.9,31.89171219,9.301449776,1.978429317,4.801896095,0.233208954,0.533049047,0,0,0
6037,"Los Angeles County, California",CA,9936690,83411.0,13.74,6.98,8.66,90.34,0.895,0.2825,0.9736,0.9176,0.8629,11.6,26.4,28.4,25.7,11.3,4.8,16.6,13.7,21.0,10.3,17.7,11.8,6.531888485,1.452950835,0.23062177,0.329379827,0.191892907,0.879006267,0,0,0
6039,"Madera County, California",CA,157243,73543.0,20.06,11.13,4.29,89.1,0.9567,0.9036,0.9532,0.7859,0.9593,12.8,36.7,31.8,31.6,14.9,6.4,20.1,16.6,28.5,14.2,22.8,18.1,14.49428177,5.418890476,2.185022593,7.373811722,0.171144962,0.507096171,0,0,0
6041,"Marin County, California",CA,260485,142019.0,6.96,5.77,4.6,94.88,0.1616,0.3637,0.6764,0.6682,0.37,7.5,21.3,25.2,16.6,8.4,4.3,15.8,10.6,9.8,6.2,9.5,6.2,11.88754749,1.165824533,0.366653264,0.338408291,0.291452289,0.773320079,0,0,0
6043,"Mariposa County, California",CA,17130,60021.0,15.99,6.23,5.17,84.56,0.6542,0.922,0.5711,0.9465,0.8613,9.4,30.9,29.0,22.0,13.3,5.5,19.3,13.5,15.0,8.8,13.3,7.9,8.073802948,2.611353874,2.170579672,9.079509735,0.291375279,0.349650353,0,0,0
6045,"Mendocino County, California",CA,91145,61335.0,16.16,9.1,8.02,85.96,0.8934,0.9803,0.749,0.9418,0.9726,10.4,29.5,31.0,24.2,14.7,5.9,19.9,14.7,19.9,10.7,16.8,10.9,14.48122978,5.922133923,1.99499917,5.296848297,0.476406276,0.720419228,0,0,0
6047,"Merced County, California",CA,282290,64772.0,18.52,10.7,7.15,89.24,0.973,0.888,0.9736,0.8517,0.973,13.3,34.3,31.8,33.7,14.5,6.2,18.8,16.2,28.7,13.8,23.0,18.3,18.93742371,7.711543083,1.438984513,4.448781013,0.196954727,0.529987276,0,0,0
6049,"Modoc County, California",CA,8651,54962.0,16.9,7.65,5.67,79.25,0.693,0.8998,0.5927,0.7852,0.8186,10.3,32.3,30.9,24.6,15.6,6.1,20.7,15.1,18.7,10.6,15.5,9.3,40.5433197,17.17596054,0.84835124,3.886034489,0.57058084,0.6513130965,0,0,0
6051,"Mono County, California",CA,13219,82038.0,11.29,1.94,2.41,89.71,0.4143,0.02,0.7321,0.7375,0.3891,8.9,30.9,27.8,20.8,11.6,5.2,17.9,12.6,13.9,8.1,12.7,8.6,57.09390259,17.23746681,1.467634559,2.957336426,0.412825108,1.65130043,0,0,0
6053,"Monterey County, California",CA,437609,91043.0,12.32,5.3,4.77,91.88,0.8272,0.581,0.964,0.8724,0.8686,11.6,31.4,30.3,26.7,12.1,5.6,17.1,14.4,22.6,11.5,19.0,16.2,16.62983704,5.080917835,0.648933649,1.261958361,0.28080371,0.666038513,0,0,0
6055,"Napa County, California",CA,137384,105809.0,7.89,5.18,4.92,92.78,0.4983,0.4127,0.8702,0.8692,0.6831,9.3,28.2,27.7,22.2,10.6,4.9,16.8,12.3,15.0,8.4,13.5,10.2,12.0841713,2.629962921,0.91055882,0.848952472,0.27212885,0.566322207,0,0,0
6057,"Nevada County, California",CA,102322,79395.0,10.37,4.43,4.07,90.54,0.3013,0.2444,0.4699,0.1632,0.2148,8.0,27.6,28.1,18.2,11.5,5.0,18.4,12.2,11.6,7.3,10.8,6.1,34.76237869,8.613040924,1.3894099,3.322326899,0.291147113,0.622452438,0,0,0
6059,"Orange County, California",CA,3175227,109361.0,9.68,5.37,4.64,93.75,0.5412,0.1791,0.9252,0.6605,0.5692,10.1,23.9,26.4,23.4,9.3,4.8,16.6,11.9,15.5,8.0,13.1,9.2,8.671787262,1.121258616,0.26220417,0.254647583,0.160727188,0.970046937,0,0,0
6061,"Placer County, California",CA,406608,109375.0,6.81,4.26,3.76,92.88,0.1212,0.3182,0.6793,0.2469,0.1992,7.9,27.2,27.4,17.9,9.6,4.4,16.8,11.3,10.7,6.6,10.0,5.9,31.92909622,5.106532097,1.167847514,1.320018172,0.16131033,0.878520906,0,0,0
6063,"Plumas County, California",CA,19650,67885.0,10.87,8.02,4.45,84.62,0.3659,0.3672,0.4948,0.4903,0.4088,9.0,30.1,29.4,21.2,13.7,5.5,20.2,13.6,14.1,8.6,12.7,7.0,6.298170567,1.071077466,1.802116394,4.217209816,0.579954684,0.579954684,0,0,0
6065,"Riverside County, California",CA,2429487,84505.0,11.39,6.74,4.05,91.83,0.7948,0.6736,0.9504,0.6822,0.8199,11.3,37.0,31.2,26.9,11.6,5.4,17.6,14.2,21.0,10.6,18.7,13.0,24.48137856,6.965469837,0.990094423,2.537741184,0.141813308,0.69621098,0,0,0
6067,"Sacramento County, California",CA,1579211,84010.0,13.1,6.31,6.2,92.81,0.6255,0.636,0.9084,0.7343,0.7509,10.3,29.5,28.9,21.1,11.8,5.1,17.9,13.1,16.6,9.5,14.7,8.8,16.81353951,4.226967335,0.658604145,1.385537982,0.188564762,0.772217631,0,0,0
6069,"San Benito County, California",CA,64753,104451.0,7.51,6.25,3.18,93.14,0.5072,0.6685,0.9564,0.1639,0.5094,10.5,31.3,28.5,25.0,10.8,5.0,16.9,13.4,19.2,9.8,16.9,14.3,17.87343788,2.696963787,0.896890342,2.863665819,0.140504256,0.515182257,0,0,0
6071,"San Bernardino County, California",CA,2180563,77423.0,13.78,7.18,4.54,90.7,0.8896,0.7563,0.9726,0.7464,0.8858,11.8,33.3,31.6,26.4,12.4,5.6,17.7,14.3,23.1,11.5,18.9,14.4,24.6561451,8.528561592,1.342740417,4.610692978,0.140691757,0.773347855,0,0,0
6073,"San Diego County, California",CA,3289701,96974.0,10.57,6.34,5.42,93.78,0.6281,0.2202,0.9007,0.8759,0.7057,9.4,25.4,27.4,20.4,10.1,4.7,16.6,11.7,15.2,8.3,13.8,8.7,14.92728519,2.763060808,0.476853728,0.76416111,0.173147082,0.853432059,0,0,0
6075,"San Francisco County, California",CA,851036,136689.0,10.48,5.36,29.92,91.69,0.2876,0.0302,0.9284,0.9561,0.482,9.3,17.1,25.1,18.5,8.8,4.3,14.3,10.0,12.3,6.8,9.7,6.2,0.584507942,0.302544385,0.114791267,0.047544099,0.400412649,1.152773023,0,0,0
6077,"San Joaquin County, California",CA,779445,82837.0,12.88,7.21,5.21,89.86,0.8075,0.8174,0.9637,0.7509,0.8718,11.7,30.6,29.3,25.9,12.7,5.4,17.4,13.8,21.4,10.9,17.4,13.0,14.41291046,4.535321236,0.871344447,2.499938011,0.239593625,0.658882499,0,0,0
6079,"San Luis Obispo County, California",CA,281712,90158.0,12.58,4.99,3.78,91.54,0.4254,0.2256,0.7038,0.7553,0.5227,8.6,27.6,28.2,19.6,11.3,5.0,17.7,12.5,13.8,8.0,12.4,8.0,18.62209129,4.054189682,1.019286394,1.499394536,0.212578252,0.9247154,0,0,0
6081,"San Mateo County, California",CA,754250,149907.0,6.43,4.55,5.58,94.56,0.1292,0.0655,0.9351,0.7121,0.2899,9.0,22.0,25.7,19.3,8.0,4.2,13.9,10.1,12.0,6.5,10.0,6.9,10.51721382,0.919326842,0.36164999,0.147400916,0.238689288,0.767498195,0,0,0
6083,"Santa Barbara County, California",CA,445213,92332.0,13.53,6.04,6.25,91.83,0.8419,0.3401,0.9065,0.9599,0.8667,10.3,27.6,29.4,24.2,11.6,5.3,17.5,13.8,18.6,9.9,15.9,12.1,12.24394035,2.881691217,0.541790783,0.986113727,0.278798282,0.847636759,0,0,0
6085,"Santa Clara County, California",CA,1916831,153792.0,6.88,4.44,5.76,94.76,0.1349,0.0859,0.9612,0.8206,0.3614,9.8,21.9,25.7,21.8,8.2,4.1,14.0,9.8,11.8,6.5,10.1,6.9,8.487586975,0.966271222,0.298098773,0.241021216,0.175134569,0.798068285,0,0,0
6087,"Santa Cruz County, California",CA,268571,104409.0,11.38,5.94,5.22,92.68,0.4948,0.1327,0.8225,0.9182,0.6131,9.0,26.8,27.7,20.4,10.7,5.0,17.4,12.5,14.5,8.3,12.9,9.2,22.58285332,5.418861866,0.974291146,1.923828125,0.240807638,0.696489751,0,0,0
6089,"Shasta County, California",CA,181852,68347.0,13.28,6.55,6.13,88.86,0.6096,0.833,0.5679,0.7919,0.7649,9.4,29.3,30.4,20.8,14.1,5.5,20.3,13.8,15.0,9.0,13.1,7.4,20.26103592,6.916362286,2.143146038,4.670064449,0.229015738,0.714975953,0,0,0
6091,"Sierra County, California",CA,2916,61108.0,12.58,5.62,3.0,77.0,0.5994,0.2599,0.3888,0.1654,0.3522,10.1,32.4,30.8,24.0,15.6,6.1,20.4,14.8,17.4,9.9,14.4,8.6,88.24990082,24.82146454,4.103383064,13.05398846,0.1790471595,0.6513130965,0,0,0
6093,"Siskiyou County, California",CA,44049,53898.0,16.68,7.44,5.56,84.61,0.7649,0.7458,0.6185,0.7206,0.7884,9.9,32.0,30.3,23.4,15.2,5.9,20.6,14.7,17.2,10.0,14.7,8.2,28.64460564,11.3828907,2.898829937,6.960708618,0.323736846,0.71684587,0,0,0
6095,"Solano County, California",CA,450995,97037.0,9.0,5.89,4.62,93.07,0.4499,0.5186,0.9415,0.6787,0.6201,10.5,31.2,30.0,24.3,11.3,4.9,17.5,12.5,17.1,9.3,15.0,9.4,21.65852165,3.780611277,0.626808345,1.509791136,0.163334712,0.660051227,0,0,0
6097,"Sonoma County, California",CA,488436,99266.0,8.91,5.18,4.75,93.74,0.4108,0.4025,0.7706,0.7146,0.5562,8.6,26.1,26.4,20.0,10.8,4.8,17.2,12.1,13.5,7.9,12.5,8.8,13.29639339,2.581933022,0.805660546,1.205598831,0.287861437,0.645136237,0,0,0
6099,"Stanislaus County, California",CA,552063,74872.0,13.73,8.16,5.42,89.82,0.8482,0.8323,0.9252,0.5889,0.8511,11.2,36.6,30.6,30.1,13.6,5.8,19.1,15.2,21.4,11.4,18.4,14.2,9.670941353,3.369372129,0.743791044,2.145570755,0.225421354,0.707168579,0,0,0
6101,"Sutter County, California",CA,99101,72654.0,13.32,7.62,5.36,87.62,0.8444,0.8874,0.9036,0.5883,0.8641,11.4,29.7,30.5,26.9,14.1,5.8,18.7,14.6,21.5,11.0,17.0,12.2,26.48299026,8.136842728,1.514784217,4.819853306,0.228251278,0.66400373,0,0,0
6103,"Tehama County, California",CA,65484,59029.0,16.18,7.37,6.18,83.71,0.8253,0.9892,0.7213,0.7728,0.9271,10.6,31.8,30.5,26.0,15.5,6.1,20.4,15.3,20.1,11.0,16.9,11.3,19.09017563,9.966780663,3.360350609,8.006768227,0.155053183,0.511675477,0,0,0
6105,"Trinity County, California",CA,15889,47317.0,22.0,7.36,4.41,79.34,0.769,0.7388,0.5444,0.5107,0.7206,10.7,33.2,32.2,25.2,17.7,6.6,21.9,15.7,19.4,11.1,15.6,7.8,17.60345078,7.665813923,3.641629696,8.121952057,0.573018968,0.491159141,0,0,0
6107,"Tulare County, California",CA,473446,64474.0,18.47,9.02,4.72,85.72,0.9602,0.8524,0.9707,0.5705,0.9147,13.1,35.3,31.4,32.9,14.2,6.2,18.9,16.4,27.5,13.7,22.4,18.3,11.17565155,4.916411877,1.072866082,5.577270508,0.238969013,0.614491761,0,0,0
6109,"Tuolumne County, California",CA,54993,70432.0,11.37,8.34,5.55,86.79,0.5501,0.622,0.5415,0.6876,0.6319,8.9,29.2,28.8,20.9,12.9,5.3,19.2,13.1,13.8,8.3,12.5,7.5,27.83393669,6.160718918,2.686450481,7.33796072,0.275153637,0.476932943,0,0,0
6111,"Ventura County, California",CA,842009,102141.0,8.95,5.32,4.23,92.02,0.5921,0.3312,0.9017,0.6293,0.6249,9.9,25.7,27.3,22.8,10.5,4.8,17.0,12.5,16.0,8.7,14.6,10.7,14.8923502,2.309815645,0.52642709,0.901805222,0.207989901,0.772533894,0,0,0
6113,"Yolo County, California",CA,217141,85097.0,17.42,5.29,7.77,91.05,0.6198,0.1572,0.8966,0.9653,0.7366,10.1,27.9,28.1,23.6,11.1,5.2,17.3,12.9,16.8,9.2,14.1,9.3,13.68048191,2.884490728,0.463608444,1.1742661,0.186594337,0.709968686,0,0,0
6115,"Yuba County, California",CA,81705,66693.0,15.41,7.42,6.38,88.81,0.8651,0.9109,0.8616,0.8651,0.9268,11.0,30.9,30.5,26.1,14.5,5.9,19.5,14.9,20.3,11.0,17.0,11.0,21.46326065,10.88204098,2.630083561,7.137889862,0.149700597,0.399201602,0,0,0
8001,"Adams County, Colorado",CO,520149,86297.0,9.62,4.62,4.6,91.26,0.6825,0.6758,0.8832,0.545,0.7264,9.9,33.0,28.0,23.1,13.2,5.0,16.9,12.6,15.8,8.7,12.9,17.2,17.92021179,4.735298157,0.630064607,1.634750009,0.121181116,0.673228383,0,0,0
8003,"Alamosa County, Colorado",CO,16460,52271.0,15.53,3.35,6.2,89.38,0.5721,0.7658,0.889,0.9411,0.8253,11.2,32.1,29.1,24.4,14.0,5.9,18.0,14.9,15.8,8.7,12.9,18.5,27.69547081,12.57463264,3.49860692,9.860573769,0.185414091,0.988875151,0,0,0
8005,"Arapahoe County, Colorado",CO,654453,92292.0,7.98,4.56,5.0,93.76,0.4101,0.4038,0.8031,0.4117,0.4661,8.0,25.9,26.6,17.7,10.4,4.6,16.2,11.2,15.8,8.7,12.9,11.6,13.63967705,2.10314846,0.427725911,0.5982216,0.142976224,0.765074849,0,0,0
8007,"Archuleta County, Colorado",CO,13509,66813.0,8.15,4.77,2.46,89.65,0.5237,0.1473,0.5969,0.2304,0.3484,8.0,27.2,26.1,17.7,12.1,5.1,16.9,12.1,15.8,8.7,12.9,10.7,40.8861351,10.70822239,0.985506654,6.783060074,0.1790471595,0.563539028,0,0,0
8009,"Baca County, Colorado",CO,3496,42115.0,23.03,1.71,5.11,80.9,0.5463,0.4566,0.4839,0.5832,0.5472,10.0,30.3,29.9,23.7,17.8,6.4,20.2,15.3,15.8,8.7,12.9,13.4,25.21711922,10.29308033,1.137368441,4.458684444,0.1790471595,0.6513130965,0,0,0
8011,"Bent County, Colorado",CO,5561,45776.0,27.07,5.51,7.91,81.36,0.8937,0.2692,0.8377,0.9838,0.8804,13.1,34.0,33.9,28.9,20.5,7.7,19.2,17.0,15.8,8.7,12.9,22.3,12.4341917,5.126080036,2.479805231,13.01338959,0.1790471595,0.6513130965,0,0,0
8013,"Boulder County, Colorado",CO,328658,99770.0,11.28,4.41,5.16,94.21,0.2202,0.0169,0.5892,0.5962,0.209,6.7,17.4,21.0,12.2,9.4,4.4,15.4,10.4,15.8,8.7,12.9,8.1,17.12729645,2.604050875,0.488702565,1.016702652,0.183390334,0.886386633,0,0,0
8014,"Broomfield County, Colorado",CO,73946,117541.0,5.01,3.2,3.64,95.08,0.0353,0.0557,0.6128,0.1088,0.0436,6.5,22.1,22.9,13.1,8.7,4.0,14.7,9.6,15.8,8.7,12.9,7.8,37.81659698,5.041205406,1.026450753,1.101953626,0.083061077,1.010576487,0,0,0
8015,"Chaffee County, Colorado",CO,19564,65703.0,11.78,6.03,3.99,83.65,0.5657,0.693,0.4378,0.5915,0.6096,7.8,25.4,25.9,16.6,12.2,5.1,16.6,11.8,15.8,8.7,12.9,9.9,10.79799175,2.923484802,1.832305431,2.479816198,0.435603321,1.113208413,0,0,0
8017,"Cheyenne County, Colorado",CO,1726,65577.0,10.87,2.1,0.81,87.7,0.0843,0.4197,0.5294,0.0334,0.0837,8.7,28.7,27.4,19.7,14.1,5.4,18.5,13.2,15.8,8.7,12.9,11.9,33.85905457,8.919283867,0.616417289,6.106973648,0.1790471595,0.6513130965,0,0,0
8019,"Clear Creek County, Colorado",CO,9403,87169.0,6.62,4.72,3.99,91.48,0.3245,0.0356,0.4018,0.1677,0.1394,6.8,23.2,24.2,13.9,9.9,4.5,15.6,10.4,15.8,8.7,12.9,7.8,12.28245163,2.801588297,0.95386976,4.158349037,0.1790471595,0.938869178,0,0,0
8021,"Conejos County, Colorado",CO,7553,44093.0,15.68,7.18,6.54,77.29,0.8062,0.8311,0.8931,0.608,0.8377,11.0,30.5,27.7,24.5,13.6,5.7,17.5,14.4,15.8,8.7,12.9,19.5,5.645966053,3.25680232,3.973070621,16.96629906,0.368414581,0.6513130965,0,0,0
8023,"Costilla County, Colorado",CO,3534,34578.0,22.53,6.61,5.29,83.14,0.8511,0.9965,0.9462,0.2466,0.8727,12.1,31.7,29.0,26.3,14.0,6.1,17.5,15.0,15.8,8.7,12.9,21.1,100.0,57.96526718,8.827522278,29.50394821,0.1790471595,0.6513130965,0,0,0
8025,"Crowley County, Colorado",CO,5782,40685.0,24.19,7.24,5.7,80.08,0.8823,0.5864,0.8571,0.8059,0.86,11.3,31.5,31.6,25.3,17.9,6.7,17.7,15.1,15.8,8.7,12.9,20.6,1.830616593,0.571518123,3.010810375,11.7313242,0.1790471595,0.6513130965,0,0,0
8027,"Custer County, Colorado",CO,4885,66250.0,7.71,4.93,2.48,80.93,0.2905,0.0404,0.377,0.083,0.1012,7.8,26.3,26.6,17.0,12.7,5.2,17.9,12.2,15.8,8.7,12.9,8.8,24.33793831,6.305996895,1.7282058,5.448536873,0.1790471595,0.6513130965,0,0,0
8029,"Delta County, Colorado",CO,31173,56349.0,15.03,4.41,4.15,78.24,0.6312,0.7086,0.5383,0.3344,0.581,8.8,26.9,28.6,20.8,15.1,5.7,18.9,13.8,15.8,8.7,12.9,12.9,8.801888466,3.513003349,2.16178298,7.947231293,0.19313097,0.611581445,0,0,0
8031,"Denver County, Colorado",CO,710800,85853.0,11.7,4.65,9.94,91.47,0.546,0.057,0.8447,0.8486,0.5603,7.8,21.6,23.2,17.5,10.2,4.5,14.6,11.2,15.8,8.7,12.9,12.1,10.78614616,4.257940769,0.639107287,1.176609755,0.150909945,0.895942807,0,0,0
8033,"Dolores County, Colorado",CO,2329,64708.0,16.7,3.07,4.98,66.5,0.0923,0.2673,0.5819,0.3439,0.1858,8.8,27.1,28.6,19.4,15.1,5.7,18.6,13.3,15.8,8.7,12.9,10.9,100.0,37.30971146,1.55505836,8.648648262,0.1790471595,0.6513130965,0,0,0
8035,"Douglas County, Colorado",CO,360206,139010.0,3.01,3.4,2.08,97.36,0.0083,0.078,0.5383,0.064,0.022,6.0,24.6,23.7,13.3,7.6,3.9,14.8,9.1,15.8,8.7,12.9,6.6,27.33545494,1.950093746,0.632321179,0.674469948,0.080388084,0.620928645,0,0,0
8037,"Eagle County, Colorado",CO,55650,98887.0,8.05,4.38,4.03,95.15,0.4219,0.0719,0.7321,0.4445,0.3497,7.5,23.6,23.0,15.9,9.9,4.7,15.2,10.9,15.8,8.7,12.9,11.8,15.84585094,4.711471081,0.731152892,1.215085149,0.291285127,0.928471327,0,0,0
8039,"Elbert County, Colorado",CO,26457,124360.0,4.26,2.28,1.05,94.58,0.0038,0.0127,0.4445,0.001,0.0006,6.9,24.1,24.7,15.2,11.0,4.5,16.7,11.0,15.8,8.7,12.9,8.7,26.45143509,7.013040543,1.702108502,3.488827944,0.1790471595,0.183063015,0,0,0
8041,"El Paso County, Colorado",CO,730323,82748.0,9.21,5.65,3.62,93.87,0.4168,0.3153,0.7038,0.5052,0.4604,8.4,28.5,27.7,18.9,10.9,4.7,17.9,12.6,15.8,8.7,12.9,9.5,28.51853752,6.452255249,0.933426142,2.130416393,0.085128583,0.685147822,0,0,0
8043,"Fremont County, Colorado",CO,49107,56165.0,15.0,4.78,5.18,82.62,0.5889,0.4286,0.5542,0.8511,0.6688,9.3,30.4,27.8,21.6,15.6,5.8,18.3,14.0,15.8,8.7,12.9,13.8,51.61820221,13.39196682,2.586586237,7.011239529,0.083564878,0.355150729,0,0,0
8045,"Garfield County, Colorado",CO,61683,82772.0,8.09,3.17,4.55,89.81,0.5002,0.5247,0.7191,0.6634,0.6058,8.1,23.8,25.3,18.3,12.0,5.0,16.7,12.4,15.8,8.7,12.9,14.2,17.61440277,3.98311162,1.123558998,2.374395609,0.132524937,0.844846427,0,0,0
8047,"Gilpin County, Colorado",CO,5856,95902.0,9.31,2.11,5.15,89.87,0.2491,0.0064,0.4416,0.2727,0.0967,7.3,24.1,25.1,15.0,10.7,4.8,16.3,11.1,15.8,8.7,12.9,8.1,0.0,0.0,5.07306242,4.711647034,0.1790471595,0.6513130965,0,0,0
8049,"Grand County, Colorado",CO,15724,79367.0,8.58,4.58,2.47,91.1,0.3891,0.0089,0.4932,0.2456,0.1565,7.2,23.8,25.1,15.8,11.6,4.9,16.9,11.4,15.8,8.7,12.9,9.1,2.824602604,0.260928512,0.817125797,3.42790556,0.253260732,1.07635808,0,0,0
8051,"Gunnison County, Colorado",CO,17018,76538.0,10.81,3.65,2.06,93.23,0.2116,0.0022,0.4273,0.5997,0.1222,7.1,24.7,24.6,14.7,10.2,4.7,15.9,10.6,15.8,8.7,12.9,7.6,9.776000023,3.076686621,1.458279014,2.82165885,0.284203947,0.909452617,0,0,0
8053,"Hinsdale County, Colorado",CO,911,58712.0,7.35,1.89,1.46,91.0,0.2335,0.4419,0.2984,0.0054,0.0869,6.4,23.9,23.5,12.9,9.3,4.3,15.8,10.0,15.8,8.7,12.9,6.6,11.77597523,4.090743065,0.933880806,1.214045048,0.1790471595,0.6513130965,0,0,0
8055,"Huerfano County, Colorado",CO,6896,49631.0,20.6,6.39,5.28,75.53,0.5778,0.5075,0.7636,0.3236,0.5383,9.4,27.9,27.1,21.1,13.6,5.5,17.8,13.5,15.8,8.7,12.9,15.0,36.28676224,11.97229862,0.853786349,3.780810833,0.435856462,0.581141949,0,0,0
8057,"Jackson County, Colorado",CO,1440,38686.0,20.85,8.21,5.89,81.24,0.8781,0.049,0.3824,0.1085,0.3751,9.8,29.5,29.6,23.0,16.8,6.4,19.3,14.8,15.8,8.7,12.9,14.3,27.36680984,8.234997749,0.543656468,2.952831745,0.1790471595,0.6513130965,0,0,0
8059,"Jefferson County, Colorado",CO,580519,103167.0,6.67,3.9,3.86,93.94,0.1193,0.0337,0.5829,0.2164,0.0948,7.2,22.9,24.9,12.8,9.9,4.4,15.5,10.3,15.8,8.7,12.9,8.6,23.17457962,3.468841314,0.732154846,0.830663741,0.101151586,0.730348706,0,0,0
8061,"Kiowa County, Colorado",CO,1347,45250.0,15.95,0.0,2.72,83.3,0.5024,0.4785,0.2214,0.1724,0.3312,8.3,27.6,27.2,19.2,14.7,5.4,19.2,13.4,15.8,8.7,12.9,10.8,100.0,35.62779236,4.843236923,14.33389568,0.1790471595,0.6513130965,0,0,0
8063,"Kit Carson County, Colorado",CO,7039,58992.0,9.38,2.62,5.67,88.42,0.5756,0.9211,0.5829,0.4604,0.6825,9.1,29.7,27.7,21.5,14.9,5.7,19.0,14.1,15.8,8.7,12.9,13.9,26.20176888,9.338724136,1.143204212,3.045894384,0.421289146,0.983008027,0,0,0
8065,"Lake County, Colorado",CO,7403,78942.0,7.26,2.37,3.45,87.56,0.2342,0.0165,0.776,0.1368,0.1152,7.8,23.7,25.2,16.9,10.2,4.6,15.4,11.1,15.8,8.7,12.9,12.0,45.2265625,22.85741043,1.456990242,3.557980776,0.1790471595,0.500813842,0,0,0
8067,"La Plata County, Colorado",CO,55983,81936.0,11.42,3.19,2.04,85.38,0.2965,0.0108,0.5797,0.7031,0.258,7.5,20.8,24.3,15.3,11.9,4.9,16.9,11.6,15.8,8.7,12.9,9.1,14.84756374,4.177801132,1.141045928,2.543927193,0.194469988,0.990028977,0,0,0
8069,"Larimer County, Colorado",CO,359363,87199.0,11.45,4.57,3.78,92.3,0.2676,0.0105,0.5161,0.3824,0.1524,6.9,24.4,24.6,13.9,10.2,4.6,16.9,11.4,15.8,8.7,12.9,8.7,23.25361824,4.717461586,0.98486197,1.727117658,0.105430208,0.793501079,0,0,0
8071,"Las Animas County, Colorado",CO,14422,48965.0,19.05,7.41,8.38,83.29,0.8645,0.9065,0.8571,0.7706,0.9068,10.4,32.9,28.3,24.1,14.3,5.8,18.1,14.4,15.8,8.7,12.9,17.9,31.78989983,12.6236124,3.223177433,9.871128082,0.277392507,1.248266339,0,0,0
8073,"Lincoln County, Colorado",CO,5583,59167.0,11.59,2.3,5.25,78.04,0.4197,0.0528,0.6045,0.6612,0.385,9.4,29.9,29.0,22.3,15.7,5.9,18.2,13.8,15.8,8.7,12.9,14.7,22.92798233,7.680828571,1.430389524,4.884122372,0.1790471595,0.704225361,0,0,0
8075,"Logan County, Colorado",CO,21302,54864.0,11.69,3.16,5.76,86.56,0.4327,0.2135,0.5867,0.9593,0.6004,9.8,30.3,30.5,22.7,16.7,6.2,19.0,14.5,15.8,8.7,12.9,14.9,24.19042397,7.914772034,4.215802193,5.002062798,0.1790471595,0.591608286,0,0,0
8077,"Mesa County, Colorado",CO,156131,68077.0,11.46,5.3,5.26,90.28,0.5772,0.6497,0.5371,0.6691,0.6462,8.1,30.1,26.6,19.0,13.2,5.2,17.9,13.1,15.8,8.7,12.9,11.3,32.49342346,8.843858719,0.776695311,3.766653776,0.109252393,0.687647402,0,0,0
8079,"Mineral County, Colorado",CO,794,58929.0,11.21,4.85,2.87,90.43,0.4878,0.0083,0.1654,0.0185,0.056,7.3,25.1,25.8,14.9,10.6,4.9,16.2,11.0,15.8,8.7,12.9,7.6,12.79665852,3.436283588,0.875552893,1.167403817,0.1790471595,0.6513130965,0,0,0
8081,"Moffat County, Colorado",CO,13232,63983.0,14.84,5.4,6.17,85.48,0.7003,0.8944,0.5501,0.7913,0.8164,9.2,28.3,28.6,21.3,15.6,5.8,19.0,14.1,15.8,8.7,12.9,13.3,42.14102554,14.69873333,1.262483358,3.777187109,0.1790471595,0.760803401,0,0,0
8083,"Montezuma County, Colorado",CO,26070,61377.0,12.55,4.36,4.46,80.58,0.567,0.6382,0.6516,0.5164,0.6061,8.9,28.5,27.0,20.4,15.2,5.5,18.8,13.5,15.8,8.7,12.9,11.5,14.41067028,7.310041904,1.535016656,6.478161812,0.265071183,0.643744349,0,0,0
8085,"Montrose County, Colorado",CO,42823,62817.0,11.58,4.27,2.82,83.87,0.6013,0.7337,0.6102,0.1591,0.5164,8.5,27.7,26.5,19.8,14.0,5.3,17.9,13.2,15.8,8.7,12.9,13.5,21.99109459,7.656763554,1.95653975,5.14703846,0.184663683,0.69248879,0,0,0
8087,"Morgan County, Colorado",CO,29045,70471.0,12.83,3.66,5.4,90.47,0.706,0.8075,0.8116,0.8346,0.8371,9.9,32.3,29.1,22.7,14.0,5.6,18.1,14.1,15.8,8.7,12.9,18.2,15.04125023,5.310308933,1.468094349,3.725193024,0.207318336,0.760167241,0,0,0
8089,"Otero County, Colorado",CO,18580,47500.0,23.99,5.87,8.57,79.44,0.8479,0.9551,0.8651,0.9211,0.9535,11.7,35.1,30.2,26.2,16.0,6.4,19.2,15.8,15.8,8.7,12.9,19.7,11.24135971,4.619271278,2.74277401,6.336619377,0.1790471595,0.769188523,0,0,0
8091,"Ouray County, Colorado",CO,4936,78750.0,4.85,4.15,1.77,88.01,0.307,0.064,0.2587,0.0423,0.0834,6.6,22.8,24.2,13.5,9.3,4.4,15.7,10.2,15.8,8.7,12.9,7.0,5.303781509,1.058433414,2.10990572,5.635961056,1.199760079,1.199760079,0,0,0
8093,"Park County, Colorado",CO,17597,85019.0,6.8,3.88,1.43,89.65,0.1374,0.0092,0.3592,0.0013,0.0032,7.2,22.5,25.2,14.6,10.9,4.8,16.6,11.0,15.8,8.7,12.9,8.2,53.87651825,10.86941528,1.925386906,2.377200603,0.211026117,0.26378265,0,0,0
8095,"Phillips County, Colorado",CO,4493,58474.0,13.88,1.38,5.34,78.58,0.4868,0.5348,0.6624,0.1775,0.4203,9.6,29.4,28.3,22.5,14.8,5.8,18.5,14.1,15.8,8.7,12.9,15.3,4.655928135,1.633649349,1.464621425,2.450984716,0.686970472,0.686970472,0,0,0
8097,"Pitkin County, Colorado",CO,17325,96123.0,6.66,2.06,2.42,94.5,0.0897,0.0124,0.5119,0.266,0.0617,6.5,20.3,23.3,12.6,8.3,4.3,14.7,9.7,15.8,8.7,12.9,7.2,9.09630394,1.972707629,0.994687319,1.171046734,0.223538622,1.341231704,0,0,0
8099,"Prowers County, Colorado",CO,11968,49422.0,17.58,4.41,6.61,82.63,0.8183,0.965,0.8151,0.966,0.9615,10.8,29.8,28.7,25.6,15.6,6.1,18.7,15.1,15.8,8.7,12.9,19.0,29.89834785,12.62216949,1.152677178,6.392565727,0.1790471595,1.073847651,0,0,0
8101,"Pueblo County, Colorado",CO,168135,59436.0,16.63,5.92,7.91,84.37,0.6914,0.8826,0.8686,0.8314,0.8533,10.4,32.3,28.1,25.7,14.2,5.5,18.4,14.2,15.8,8.7,12.9,16.8,41.56915665,17.14780045,3.253719568,8.556931496,0.070661806,0.61240232,0,0,0
8103,"Rio Blanco County, Colorado",CO,6511,69882.0,12.94,6.09,2.15,92.0,0.5177,0.5937,0.4871,0.4184,0.5167,8.0,26.7,26.9,18.0,13.3,5.2,18.2,12.5,15.8,8.7,12.9,10.4,8.584569931,2.072495222,0.096370488,2.454804659,0.1790471595,0.630715847,0,0,0
8105,"Rio Grande County, Colorado",CO,11442,57591.0,10.26,6.03,6.91,77.84,0.5463,0.9214,0.8616,0.721,0.7868,9.6,27.9,27.6,21.9,12.8,5.4,17.2,13.5,15.8,8.7,12.9,16.7,17.59874916,5.071737289,3.435276031,5.553078651,0.1790471595,0.354107648,0,0,0
8107,"Routt County, Colorado",CO,24944,95144.0,7.98,2.88,2.04,92.03,0.1985,0.0395,0.4613,0.2596,0.1314,6.8,23.0,23.9,14.5,10.0,4.5,15.9,10.6,15.8,8.7,12.9,7.8,12.07471085,2.46107173,1.058661938,1.324190378,0.312989056,0.899843514,0,0,0
8109,"Saguache County, Colorado",CO,6454,51946.0,17.49,9.97,1.53,79.19,0.8791,0.8177,0.7989,0.0652,0.6608,10.7,28.8,29.2,23.7,14.8,6.1,18.2,14.6,15.8,8.7,12.9,17.4,33.83972931,15.72758389,5.884249687,10.09481239,0.720668793,0.6513130965,0,0,0
8111,"San Juan County, Colorado",CO,690,67344.0,19.13,7.3,3.86,78.64,0.7595,0.2179,0.5501,0.1168,0.4276,7.8,25.8,26.0,15.9,11.0,5.0,16.2,11.2,15.8,8.7,12.9,8.9,99.24281311,29.00662994,7.518796921,4.887217999,0.1790471595,6.684492111,0,0,0
8113,"San Miguel County, Colorado",CO,8082,72829.0,8.48,3.7,6.29,88.26,0.3758,0.0509,0.4378,0.5425,0.2911,7.1,25.3,24.7,14.2,9.4,4.8,15.3,10.3,15.8,8.7,12.9,7.6,9.766182899,2.000618219,0.582169175,1.306901336,0.740283787,1.480567575,0,0,0
8115,"Sedgwick County, Colorado",CO,2391,45855.0,16.07,3.33,6.48,85.32,0.5059,0.9831,0.5978,0.3296,0.6729,9.0,28.5,28.0,20.5,14.5,5.7,18.7,13.7,15.8,8.7,12.9,12.9,18.58574486,5.03023386,1.574678063,8.146722794,0.1790471595,0.6513130965,0,0,0
8117,"Summit County, Colorado",CO,30955,100611.0,7.39,3.66,3.03,94.26,0.2533,0.0095,0.5597,0.4725,0.1696,7.2,23.7,24.6,15.0,10.1,4.7,15.6,10.7,15.8,8.7,12.9,9.2,9.357598305,1.472913623,0.529029131,1.577406645,0.293819994,1.632333279,0,0,0
8119,"Teller County, Colorado",CO,24758,69655.0,7.01,3.82,1.12,90.83,0.2256,0.0223,0.4416,0.0369,0.0496,7.1,23.4,25.3,15.4,11.3,4.7,16.8,11.1,15.8,8.7,12.9,8.4,17.70137978,3.223129511,1.072308064,6.097766876,0.195855692,0.626738191,0,0,0
8121,"Washington County, Colorado",CO,4817,59087.0,9.7,3.51,3.84,86.16,0.2004,0.4928,0.4146,0.3805,0.2848,8.2,26.6,26.6,18.6,13.8,5.3,18.3,12.9,15.8,8.7,12.9,11.3,51.62086868,13.96027565,1.499688029,4.119083881,0.1790471595,0.6513130965,0,0,0
8123,"Weld County, Colorado",CO,331466,89182.0,9.68,4.91,3.51,91.3,0.5269,0.5367,0.7391,0.5457,0.5889,9.3,33.6,27.4,20.6,12.6,5.1,17.2,12.6,15.8,8.7,12.9,13.7,23.12171745,5.914419174,1.024859071,3.306695938,0.086830765,0.541943729,0,0,0
8125,"Yuma County, Colorado",CO,9938,60118.0,14.04,5.65,2.66,87.53,0.8202,0.601,0.6475,0.3411,0.6783,9.2,28.7,27.1,21.7,14.2,5.6,18.1,13.9,15.8,8.7,12.9,16.3,22.90698051,5.796909332,1.369543552,4.316022396,0.298596591,0.298596591,0,0,0
9110,"Capitol Planning Region, Connecticut",CT,977165,88190.0,10.76,5.59,9.51,89.66,0.3952,0.427,0.7735,0.7891,0.5877,9.2,32.4,29.0,23.5,11.1,4.8,17.2,11.7,16.9,9.2,14.0,10.3,21.45865631,6.703314781,2.544986248,6.705751419,0.1790471595,0.6513130965,0,0,1
9120,"Greater Bridgeport Planning Region, Connecticut",CT,326381,83147.0,13.31,7.69,9.95,89.64,0.7391,0.5924,0.791,0.8673,0.8142,9.2,28.4,28.3,27.3,11.1,4.8,16.4,12.1,20.9,10.9,17.6,15.0,21.45865631,6.703314781,2.544986248,6.705751419,0.1790471595,0.6513130965,0,0,1
9130,"Lower Connecticut River Valley Planning Region, Connecticut",CT,175244,99742.0,6.49,4.11,4.83,90.92,0.1145,0.1467,0.5065,0.3229,0.1534,7.3,29.8,28.4,20.5,9.8,4.6,16.3,11.0,10.4,6.8,9.9,7.1,21.45865631,6.703314781,2.544986248,6.705751419,0.1790471595,0.6513130965,0,0,1
9140,"Naugatuck Valley Planning Region, Connecticut",CT,451887,82939.0,10.23,6.37,9.47,87.42,0.4836,0.5746,0.7636,0.5142,0.5641,8.8,30.7,28.1,25.4,11.9,4.9,17.5,12.3,16.6,9.2,14.4,11.3,21.45865631,6.703314781,2.544986248,6.705751419,0.1790471595,0.6513130965,0,0,1
9150,"Northeastern Connecticut Planning Region, Connecticut",CT,95687,83119.0,8.85,7.45,5.01,89.28,0.3894,0.2953,0.5065,0.0955,0.2409,8.0,32.4,29.6,23.4,12.5,5.1,18.5,12.6,12.5,7.6,11.0,8.1,21.45865631,6.703314781,2.544986248,6.705751419,0.1790471595,0.6513130965,0,0,1
9160,"Northwest Hills Planning Region, Connecticut",CT,112696,87971.0,9.44,5.36,6.14,90.99,0.2558,0.3608,0.5597,0.2606,0.2727,7.9,29.2,26.6,21.9,11.5,4.7,17.6,11.6,12.2,7.1,10.5,8.0,21.45865631,6.703314781,2.544986248,6.705751419,0.1790471595,0.6513130965,0,0,1
9170,"South Central Connecticut Planning Region, Connecticut",CT,571298,83617.0,11.77,6.12,11.14,90.47,0.4884,0.3681,0.7655,0.9039,0.6637,9.2,33.9,30.0,26.0,11.3,4.9,16.8,12.0,16.7,9.5,15.3,10.6,21.45865631,6.703314781,2.544986248,6.705751419,0.1790471595,0.6513130965,0,0,1
9180,"Southeastern Connecticut Planning Region, Connecticut",CT,280293,80330.0,9.95,5.32,7.28,90.11,0.3541,0.4734,0.6128,0.6055,0.4865,8.8,33.1,30.8,25.9,11.7,5.0,17.6,12.7,15.3,8.9,13.1,10.1,21.45865631,6.703314781,2.544986248,6.705751419,0.1790471595,0.6513130965,0,0,1
9190,"Western Connecticut Planning Region, Connecticut",CT,620666,118930.0,7.45,5.61,5.84,93.49,0.4034,0.3102,0.7751,0.5008,0.4664,7.4,25.6,24.9,21.4,8.7,4.2,14.9,10.5,12.4,7.1,11.2,10.0,21.45865631,6.703314781,2.544986248,6.705751419,0.1790471595,0.6513130965,0,0,1
10001,"Kent County, Delaware",DE,182400,69278.0,12.33,6.02,6.77,89.35,0.6306,0.8676,0.7964,0.7881,0.8151,12.4,43.9,36.0,30.7,14.0,5.5,18.7,13.7,16.6,9.1,15.1,9.8,21.59885979,6.49752903,2.596781731,8.515265465,0.141579047,0.62076962,0,0,0
10003,"New Castle County, Delaware",DE,570567,85309.0,10.52,5.42,6.99,91.79,0.3376,0.4018,0.8352,0.6561,0.5132,10.7,33.4,32.1,24.8,11.8,5.0,16.3,11.6,14.6,8.3,12.9,8.9,28.54770088,6.022437096,1.584142089,2.733685017,0.183427095,0.854805887,0,0,0
10005,"Sussex County, Delaware",DE,240668,75406.0,11.62,5.05,3.64,88.49,0.4483,0.6904,0.6166,0.3948,0.5183,9.8,34.2,32.8,25.2,14.6,5.6,16.5,12.7,14.5,7.8,11.9,10.5,28.57544136,6.872767925,1.872550964,8.085172653,0.169677407,0.765617549,0,0,0
11001,"District of Columbia, District of Columbia",DC,670587,101722.0,15.1,7.11,35.71,89.12,0.4394,0.1056,0.9386,0.9631,0.6262,8.5,25.1,30.3,15.3,9.5,4.1,13.7,9.6,13.8,7.8,12.0,6.2,4.595057011,1.606102347,1.038527489,0.885841012,0.245505154,1.160187244,0,0,0
12001,"Alachua County, Florida",FL,279729,57566.0,20.18,5.07,7.15,87.53,0.629,0.0309,0.7881,0.9357,0.6099,11.2,33.4,32.7,22.0,12.7,5.7,17.8,12.7,15.8,8.7,12.9,11.9,19.24308777,7.211268425,2.240209818,4.432130814,0.15485698,0.796407342,0,0,0
12003,"Baker County, Florida",FL,27969,67872.0,13.68,4.92,4.03,86.26,0.6118,0.4073,0.5558,0.7051,0.6188,11.0,35.1,34.2,27.0,16.6,6.1,19.7,14.3,15.8,8.7,12.9,13.8,55.56497574,17.07492447,1.224196076,15.86545277,0.135290533,0.541162133,0,0,0
12005,"Bay County, Florida",FL,181055,65999.0,12.2,4.04,3.98,90.59,0.6405,0.8126,0.6083,0.6952,0.7407,10.0,33.2,33.5,24.2,14.7,5.9,18.9,13.8,15.8,8.7,12.9,13.1,31.4658165,10.33615303,2.7385571,6.280534744,0.175108865,0.904729128,0,0,0
12007,"Bradford County, Florida",FL,27816,54759.0,18.18,5.8,6.97,83.5,0.9144,0.3198,0.6354,0.9901,0.8867,12.4,35.0,34.6,30.7,19.6,7.0,21.0,16.1,15.8,8.7,12.9,16.2,1.058083892,0.374181718,5.07033968,13.88628769,0.104920782,0.559577525,0,0,0
12009,"Brevard County, Florida",FL,610723,71308.0,10.1,4.86,4.67,91.36,0.4833,0.4913,0.6424,0.3659,0.4817,10.0,34.2,31.5,21.9,13.0,5.5,17.9,12.6,15.8,8.7,12.9,12.4,41.80578613,12.05688858,1.958485365,4.390862942,0.138053671,0.619598031,0,0,0
12011,"Broward County, Florida",FL,1940907,70331.0,12.42,5.75,6.9,89.85,0.791,0.4935,0.9481,0.6777,0.7814,11.4,30.4,32.1,25.2,11.8,5.4,16.8,12.8,15.8,8.7,12.9,17.3,9.398169518,2.378798962,0.382564813,0.760219455,0.187426105,0.72161603,0,0,0
12013,"Calhoun County, Florida",FL,13753,41526.0,19.9,3.69,6.81,79.02,0.7989,0.7124,0.6045,0.9628,0.8756,12.8,39.9,35.9,31.1,20.5,7.4,20.9,16.6,15.8,8.7,12.9,17.3,45.39909744,20.48007011,4.639886379,15.17615891,0.1790471595,0.497229725,0,0,0
12015,"Charlotte County, Florida",FL,189900,62164.0,10.49,5.67,4.5,89.88,0.5908,0.6554,0.489,0.5145,0.5953,9.8,31.6,31.0,21.6,14.2,5.6,18.5,13.0,15.8,8.7,12.9,13.0,49.20795441,13.80422306,1.62271297,4.539442062,0.112987965,0.400593698,0,0,0
12017,"Citrus County, Florida",FL,155173,52569.0,15.0,7.2,4.67,88.4,0.7321,0.5857,0.3977,0.3264,0.5698,10.2,32.9,30.0,25.0,16.6,6.2,19.9,14.4,15.8,8.7,12.9,13.7,46.17378616,15.66366291,3.700417519,9.363690376,0.124174893,0.450950921,0,0,0
12019,"Clay County, Florida",FL,219650,82242.0,9.37,4.32,3.64,93.95,0.2978,0.5087,0.6647,0.2857,0.3649,10.3,34.5,32.9,24.4,13.4,5.5,18.7,12.8,15.8,8.7,12.9,12.3,34.74637985,8.584723473,1.297540903,5.994384289,0.103711054,0.60873878,0,0,0
12021,"Collier County, Florida",FL,380221,82011.0,10.39,4.28,4.64,90.71,0.588,0.4362,0.7636,0.5953,0.6141,9.5,28.0,28.1,21.9,11.2,5.3,16.2,12.3,15.8,8.7,12.9,16.8,26.92738533,7.018535614,1.272983313,2.406446218,0.165405765,0.572558403,0,0,0
12023,"Columbia County, Florida",FL,69832,53501.0,15.69,6.94,4.5,84.75,0.8311,0.818,0.6487,0.9701,0.9138,12.4,39.7,36.3,30.0,18.6,6.9,19.8,15.5,15.8,8.7,12.9,16.0,13.05755806,4.449868202,3.249281168,14.33058548,0.123874806,0.715721071,0,0,0
12027,"DeSoto County, Florida",FL,34258,45000.0,26.39,9.7,6.2,76.13,0.992,0.9656,0.8447,0.9876,0.9981,14.7,41.8,36.7,36.9,20.4,7.9,20.5,18.0,15.8,8.7,12.9,27.0,10.60841465,7.043897629,2.626457691,8.811926842,0.155763239,0.311526477,0,0,0
12029,"Dixie County, Florida",FL,16737,45057.0,16.15,5.1,5.09,72.4,0.7681,0.4884,0.4699,0.8944,0.7719,12.3,34.8,35.9,30.0,20.7,7.4,21.6,16.6,15.8,8.7,12.9,17.3,8.595787048,3.005890846,6.400686264,23.21142006,0.175880864,0.410388708,0,0,0
12031,"Duval County, Florida",FL,995708,65579.0,14.34,4.66,7.15,89.32,0.7105,0.6144,0.8711,0.8062,0.7935,11.8,34.3,33.7,26.7,14.0,5.7,18.7,13.6,15.8,8.7,12.9,13.7,29.37713432,9.746009827,1.906889439,4.780230045,0.185160667,0.869944811,0,0,0
12033,"Escambia County, Florida",FL,321296,61642.0,14.85,6.21,6.87,88.04,0.783,0.644,0.7474,0.8801,0.839,11.4,36.4,36.1,25.5,14.8,6.1,18.9,14.1,15.8,8.7,12.9,12.7,40.9798317,12.30762386,1.794287562,5.113409519,0.145797923,0.663845837,0,0,0
12035,"Flagler County, Florida",FL,117515,69251.0,9.77,3.77,3.58,82.21,0.4559,0.5597,0.6277,0.0554,0.3121,9.3,30.9,28.9,21.7,13.0,5.5,17.8,12.7,15.8,8.7,12.9,12.7,51.98797226,17.90522957,2.221353054,6.451365948,0.135076955,0.481211632,0,0,0
12037,"Franklin County, Florida",FL,12276,58107.0,21.67,8.87,6.64,84.81,0.9644,0.6176,0.5711,0.8902,0.9017,11.2,32.4,35.3,26.8,17.2,6.6,19.3,14.8,15.8,8.7,12.9,14.9,3.267386436,0.674056947,1.677447438,9.023469925,0.491762966,0.409802467,0,0,0
12039,"Gadsden County, Florida",FL,43746,45721.0,25.55,4.27,9.79,71.88,0.8855,0.971,0.9532,0.9405,0.9742,15.6,44.5,39.0,29.9,18.8,7.2,20.4,16.2,15.8,8.7,12.9,19.0,4.496080399,2.694962978,8.811958313,18.77858925,0.110431343,0.530070484,0,0,0
12041,"Gilchrist County, Florida",FL,18070,56823.0,12.43,3.11,7.51,78.36,0.455,0.896,0.3697,0.9141,0.7337,10.2,34.7,30.9,25.8,17.6,6.3,19.9,14.9,15.8,8.7,12.9,14.7,0.117548287,0.073040895,3.213350773,14.40192032,0.158856228,0.423616618,0,0,0
12043,"Glades County, Florida",FL,12179,37221.0,21.87,5.4,1.96,75.13,0.9516,0.7735,0.8088,0.7229,0.9058,14.4,37.9,37.5,34.0,20.5,7.8,20.1,17.2,15.8,8.7,12.9,24.5,56.22823334,23.92137718,4.202515125,15.04466629,0.1790471595,0.6513130965,0,0,0
12045,"Gulf County, Florida",FL,15002,56250.0,12.32,4.31,4.02,83.82,0.6125,0.6252,0.5667,0.7856,0.7082,10.9,35.1,34.0,25.6,15.7,6.1,18.5,14.0,15.8,8.7,12.9,14.0,7.968082905,1.889889002,2.027644873,8.003827095,0.1790471595,0.591103911,0,0,0
12047,"Hamilton County, Florida",FL,13492,47668.0,26.42,9.2,6.0,74.37,0.9777,0.8622,0.8317,0.9574,0.9803,14.7,42.0,39.6,31.6,21.5,7.7,21.2,17.4,15.8,8.7,12.9,20.2,18.63431168,9.512290001,6.625957966,23.70184708,0.1790471595,0.413194686,0,0,0
12049,"Hardee County, Florida",FL,25528,44665.0,28.47,8.66,4.91,74.26,0.9876,0.8979,0.8899,0.9685,0.993,14.4,40.6,34.6,33.4,18.3,7.4,19.6,16.8,15.8,8.7,12.9,26.6,24.73472214,13.02270699,3.910314798,17.01569176,0.223696962,0.410111099,0,0,0
12051,"Hendry County, Florida",FL,39902,49259.0,22.29,5.76,7.34,80.6,0.993,0.8575,0.9625,0.9761,0.9946,16.1,37.7,36.2,37.9,17.5,7.6,18.7,18.2,15.8,8.7,12.9,31.9,13.86414814,7.249657154,3.815711021,16.21684647,0.233573914,0.490505219,0,0,0
12053,"Hernando County, Florida",FL,196621,59202.0,12.47,5.92,5.07,90.04,0.7537,0.7623,0.6185,0.3048,0.6602,11.2,36.4,30.6,25.4,14.9,6.0,19.1,14.3,15.8,8.7,12.9,15.6,34.39649582,12.33898544,2.336402416,8.140865326,0.135820359,0.523159862,0,0,0
12055,"Highlands County, Florida",FL,102339,53679.0,15.63,6.84,5.24,82.84,0.818,0.8664,0.7286,0.7607,0.8673,12.6,38.4,33.8,29.7,15.9,6.5,19.4,14.9,15.8,8.7,12.9,19.3,38.36775589,17.70815086,2.474072933,7.488435745,0.131284058,0.478249043,0,0,0
12057,"Hillsborough County, Florida",FL,1468560,70612.0,13.68,4.85,5.91,92.01,0.7327,0.49,0.8871,0.7897,0.7789,11.5,31.5,32.7,23.6,12.1,5.5,16.8,12.7,15.8,8.7,12.9,16.3,29.8547821,8.219137192,1.287387848,3.467066765,0.191594288,0.61884284,0,0,0
12059,"Holmes County, Florida",FL,19529,46063.0,16.61,4.73,5.15,76.32,0.7786,0.77,0.4248,0.833,0.8081,11.9,36.5,35.8,27.8,19.7,6.9,21.0,15.7,15.8,8.7,12.9,15.7,33.96690369,18.65050316,5.70334053,18.61078262,0.15310809,0.25518015,0,0,0
12061,"Indian River County, Florida",FL,160986,67543.0,11.43,5.86,4.34,87.12,0.5975,0.5803,0.6249,0.2434,0.5145,9.5,27.5,28.5,21.9,12.6,5.4,17.4,12.6,15.8,8.7,12.9,13.4,45.65154648,13.37899494,2.210208178,4.582124233,0.184594944,0.541478455,0,0,0
12063,"Jackson County, Florida",FL,47704,46144.0,19.23,4.75,5.17,79.11,0.7362,0.8947,0.7213,0.6223,0.8085,13.1,38.9,37.2,30.1,19.5,7.2,20.4,15.9,15.8,8.7,12.9,17.0,10.28848457,5.433339119,4.048228741,12.44445038,0.151893243,0.650971055,0,0,0
12065,"Jefferson County, Florida",FL,14458,51573.0,18.33,6.67,7.05,75.77,0.7143,0.6325,0.776,0.6666,0.7439,12.2,34.9,38.4,26.0,17.5,6.5,19.4,15.0,15.8,8.7,12.9,15.1,16.25782013,5.80290699,2.312966347,12.13866138,0.1790471595,0.481331229,0,0,0
12067,"Lafayette County, Florida",FL,8107,57852.0,19.34,8.56,1.84,85.99,0.9214,0.4626,0.6726,0.7906,0.8409,12.8,35.2,36.0,30.6,20.0,7.3,20.9,16.6,15.8,8.7,12.9,18.8,7.862633705,4.558428288,5.275715828,14.08055115,0.1790471595,0.6513130965,0,0,0
12069,"Lake County, Florida",FL,386829,66239.0,9.68,5.54,4.08,90.37,0.6128,0.6481,0.7086,0.4512,0.6214,10.9,35.8,31.0,23.9,12.9,5.6,17.9,13.3,15.8,8.7,12.9,15.2,34.32871246,11.84397411,2.853016853,7.40226984,0.114516422,0.476707906,0,0,0
12071,"Lee County, Florida",FL,772902,69368.0,11.7,4.46,5.11,90.2,0.6507,0.6067,0.7299,0.671,0.7086,10.8,31.2,30.8,24.4,12.6,5.6,17.1,12.8,15.8,8.7,12.9,16.9,37.03023911,11.99537563,1.747885823,4.462331295,0.147957623,0.541246653,0,0,0
12073,"Leon County, Florida",FL,294128,61317.0,19.44,5.66,6.86,90.53,0.6659,0.1021,0.8323,0.937,0.6952,11.3,35.6,34.8,23.6,12.9,5.6,17.7,12.7,15.8,8.7,12.9,11.5,32.29963303,9.398458481,1.467048883,4.704480171,0.118459351,1.011981368,0,0,0
12075,"Levy County, Florida",FL,43268,49933.0,15.66,4.42,4.65,76.93,0.7184,0.9119,0.5616,0.5224,0.7582,11.9,33.8,34.2,28.0,18.3,6.8,21.0,15.4,15.8,8.7,12.9,16.7,8.371204376,4.210308552,3.62834239,13.80974865,0.23688823,0.544842958,0,0,0
12077,"Liberty County, Florida",FL,7704,51723.0,21.78,8.19,7.72,75.56,0.8454,0.6077,0.636,0.8132,0.8266,13.0,44.2,37.1,31.0,19.3,7.5,20.2,16.5,15.8,8.7,12.9,18.1,25.91895866,10.06955051,3.954022169,14.98290539,0.1790471595,0.6513130965,0,0,0
12079,"Madison County, Florida",FL,17986,43386.0,22.45,2.69,9.5,69.52,0.8011,0.5822,0.8403,0.9338,0.8638,13.3,37.9,37.5,30.5,19.1,7.0,20.6,16.1,15.8,8.7,12.9,17.4,20.75887108,11.58192348,5.397536278,11.51885605,0.213823706,0.588015199,0,0,0
12081,"Manatee County, Florida",FL,405069,71385.0,10.17,5.24,3.95,90.04,0.6516,0.4906,0.6685,0.5622,0.6332,10.1,32.7,30.4,23.0,13.1,5.6,17.6,12.7,15.8,8.7,12.9,14.6,26.70121956,6.141537666,1.031934023,2.198550463,0.155634835,0.481495261,0,0,0
12083,"Marion County, Florida",FL,378225,55265.0,14.36,5.87,4.9,88.64,0.7926,0.7891,0.6936,0.7143,0.8196,10.9,37.1,32.0,24.2,15.7,6.2,19.2,14.5,15.8,8.7,12.9,16.6,32.71481323,11.87595463,2.666998386,10.4230814,0.136541426,0.527424753,0,0,0
12085,"Martin County, Florida",FL,159399,77894.0,10.52,4.4,4.86,90.6,0.4022,0.384,0.5797,0.5415,0.4642,9.4,27.9,26.7,20.7,12.3,5.4,17.3,12.5,15.8,8.7,12.9,13.5,37.92317963,10.2407589,2.000523329,2.623787642,0.215932086,0.703321636,0,0,0
12086,"Miami-Dade County, Florida",FL,2688237,64215.0,15.26,4.58,9.74,84.65,0.9049,0.4365,0.9901,0.8909,0.881,13.3,29.3,30.3,31.2,11.4,5.7,15.2,13.7,15.8,8.7,12.9,26.2,6.120080948,1.818706393,0.220268995,1.227700472,0.235658884,0.653417826,0,0,0
12087,"Monroe County, Florida",FL,82044,80111.0,11.71,3.39,6.71,87.51,0.5247,0.3143,0.7378,0.9294,0.6822,9.7,25.5,30.0,21.8,12.0,5.4,16.4,12.4,15.8,8.7,12.9,14.6,33.04531479,9.090139389,2.276450396,3.002724171,0.392422199,0.906630576,0,0,0
12089,"Nassau County, Florida",FL,91538,84085.0,9.21,4.1,3.03,92.91,0.2278,0.4076,0.4273,0.2724,0.2539,8.6,33.4,29.5,18.5,12.7,5.2,17.8,12.3,15.8,8.7,12.9,10.7,43.97163391,12.12796593,2.925857782,8.577852249,0.109753825,0.669498324,0,0,0
12091,"Okaloosa County, Florida",FL,212021,73988.0,10.18,3.31,3.72,90.58,0.4238,0.573,0.6503,0.5358,0.5266,9.6,30.8,30.3,22.3,13.0,5.3,18.0,12.4,15.8,8.7,12.9,11.9,41.51036453,11.10424137,2.035473585,4.241210461,0.126867771,0.883375645,0,0,0
12093,"Okeechobee County, Florida",FL,39870,50476.0,19.21,6.14,3.16,81.12,0.9481,0.9322,0.7617,0.8934,0.9637,12.8,44.1,35.8,30.4,18.6,7.1,20.2,16.8,15.8,8.7,12.9,21.9,50.55872726,27.29127884,2.541403055,13.88066292,0.283708066,0.378277421,0,0,0
12095,"Orange County, Florida",FL,1427403,72629.0,13.51,5.52,5.23,92.13,0.8018,0.3767,0.9332,0.7862,0.7951,11.5,33.5,31.7,24.6,11.9,5.5,16.3,12.9,15.8,8.7,12.9,16.3,22.10618782,7.180061817,1.007262945,3.136757135,0.167331725,0.854459882,0,0,0
12097,"Osceola County, Florida",FL,393745,64312.0,13.43,5.3,4.51,90.3,0.8244,0.8043,0.9644,0.5399,0.8307,12.7,39.4,33.7,28.0,11.7,5.7,16.9,13.8,15.8,8.7,12.9,22.1,35.30324936,14.88173962,1.312375546,7.86221838,0.150526196,0.713701785,0,0,0
12099,"Palm Beach County, Florida",FL,1494805,76066.0,11.36,5.77,6.0,89.39,0.7779,0.6354,0.8613,0.7222,0.8008,10.6,27.3,29.4,23.6,11.8,5.3,16.3,12.1,15.8,8.7,12.9,15.4,18.59252548,4.130144596,0.701447606,1.355494022,0.185062349,0.659326077,0,0,0
12101,"Pasco County, Florida",FL,569211,63187.0,11.82,5.34,4.82,88.21,0.6561,0.7811,0.6599,0.5387,0.7041,10.3,31.8,32.3,24.8,13.7,5.7,18.0,13.3,15.8,8.7,12.9,15.2,40.43917465,12.07172489,1.808921218,5.912285805,0.120965198,0.473342061,0,0,0
12103,"Pinellas County, Florida",FL,959918,66406.0,11.47,4.64,6.9,88.05,0.5546,0.5851,0.6373,0.8568,0.7095,9.8,31.7,29.5,21.8,12.7,5.5,17.7,12.6,15.8,8.7,12.9,12.3,18.05746078,5.120915413,0.894691586,1.46673286,0.206797287,0.740170479,0,0,0
12105,"Polk County, Florida",FL,736229,60901.0,14.82,4.63,5.22,85.25,0.8078,0.8062,0.8377,0.903,0.8912,11.8,40.6,32.4,27.9,14.8,6.2,18.8,15.2,15.8,8.7,12.9,19.7,36.42605209,13.44119263,2.302746058,7.623389244,0.126250416,0.525148034,0,0,0
12107,"Putnam County, Florida",FL,73604,44852.0,22.85,8.87,7.51,82.68,0.9838,0.966,0.6599,0.9036,0.9835,13.4,33.3,35.8,31.5,21.7,7.5,21.7,17.4,15.8,8.7,12.9,19.2,13.38519859,6.702661514,4.902416229,15.7983551,0.14702934,0.454454333,0,0,0
12109,"St. Johns County, Florida",FL,278722,100020.0,6.8,4.4,2.38,92.89,0.1677,0.1925,0.5294,0.104,0.1266,8.2,28.7,28.4,17.1,10.1,4.8,16.0,11.1,15.8,8.7,12.9,9.6,28.64965439,5.476187706,1.520120025,3.814425945,0.11481262,0.627881527,0,0,0
12111,"St. Lucie County, Florida",FL,334682,66154.0,12.48,5.97,4.54,91.05,0.8136,0.8734,0.8466,0.3812,0.7906,11.2,31.9,32.8,25.2,13.9,5.8,18.4,13.7,15.8,8.7,12.9,16.9,45.94790268,15.21819687,1.882192135,5.040985107,0.139388949,0.507138491,0,0,0
12113,"Santa Rosa County, Florida",FL,188994,84715.0,8.95,4.67,3.51,92.01,0.3379,0.189,0.5294,0.4353,0.3213,9.3,31.7,31.8,19.7,13.2,5.4,18.1,12.7,15.8,8.7,12.9,11.2,39.8200531,9.511779785,1.956749439,7.343606472,0.08459387,0.586869955,0,0,0
12115,"Sarasota County, Florida",FL,439392,77213.0,8.14,3.38,4.43,90.46,0.2927,0.413,0.504,0.4566,0.3653,8.4,30.3,28.8,20.1,11.7,5.0,17.0,11.9,15.8,8.7,12.9,11.5,32.93350983,7.110692501,1.11702168,1.565732002,0.175887614,0.469033629,0,0,0
12117,"Seminole County, Florida",FL,471321,79490.0,9.6,4.3,3.94,93.09,0.4111,0.3051,0.8075,0.2829,0.3996,9.8,29.3,29.4,20.5,10.8,5.1,15.7,11.4,15.8,8.7,12.9,13.4,29.31243324,6.127510071,0.769424379,2.052717209,0.156061843,0.784527123,0,0,0
12119,"Sumter County, Florida",FL,131832,70105.0,9.26,5.1,3.47,89.56,0.2109,0.3945,0.4445,0.4744,0.3026,9.1,32.0,29.9,20.4,11.9,5.3,16.5,12.1,15.8,8.7,12.9,12.5,33.79681015,5.988216877,2.133079767,4.869569778,0.107899696,0.273345888,0,0,0
12121,"Suwannee County, Florida",FL,43881,49729.0,14.41,5.47,5.95,83.17,0.7598,0.7518,0.615,0.9243,0.8457,11.9,38.6,34.7,30.4,18.5,6.9,19.9,15.8,15.8,8.7,12.9,17.1,11.99570084,5.375207424,4.130424023,18.95034218,0.156072333,0.512809098,0,0,0
12123,"Taylor County, Florida",FL,21421,46239.0,15.12,5.81,5.53,79.72,0.6911,0.8132,0.6402,0.8177,0.8062,12.8,40.9,38.4,30.5,19.7,7.3,20.8,16.0,15.8,8.7,12.9,16.4,29.74574471,14.7476263,3.829626799,16.58869362,0.185185179,0.694444418,0,0,0
12125,"Union County, Florida",FL,15524,64043.0,15.9,3.65,3.66,88.15,0.5081,0.4798,0.6548,0.8696,0.6669,12.9,41.5,38.2,29.7,20.3,7.3,20.3,16.2,15.8,8.7,12.9,17.6,42.66410446,19.49677086,4.391070843,15.65213108,0.1790471595,0.263469905,0,0,0
12127,"Volusia County, Florida",FL,558520,63075.0,12.19,4.15,5.63,87.66,0.5966,0.6914,0.678,0.6863,0.6987,10.3,33.2,31.9,23.7,14.3,5.7,18.8,13.5,15.8,8.7,12.9,14.8,32.30312729,10.84035587,1.74916935,4.929704666,0.13713342,0.605524182,0,0,0
12129,"Wakulla County, Florida",FL,33732,72035.0,6.15,3.6,3.37,87.8,0.3198,0.0423,0.5616,0.6459,0.3058,10.8,38.2,33.8,26.2,15.0,5.9,18.6,13.9,15.8,8.7,12.9,13.3,10.65250301,3.236619711,2.568379402,10.91729641,0.1790471595,0.349660546,0,0,0
12131,"Walton County, Florida",FL,76618,74832.0,10.55,5.28,3.87,89.84,0.553,0.5208,0.4699,0.7703,0.6287,9.7,29.6,30.4,20.6,13.7,5.6,18.0,12.6,15.8,8.7,12.9,12.2,34.56222534,10.07321072,4.100586891,9.094635963,0.143513203,0.782799304,0,0,0
12133,"Washington County, Florida",FL,25014,47536.0,22.73,4.76,2.89,83.18,0.8486,0.7665,0.5867,0.6188,0.8043,12.6,39.8,37.7,30.8,19.7,7.2,21.0,16.2,15.8,8.7,12.9,16.4,40.7327919,21.71642113,4.155536175,15.87548447,0.115687184,0.694123089,0,0,0
13001,"Appling County, Georgia",GA,18441,43268.0,25.31,3.35,7.37,69.42,0.8546,0.8578,0.6911,0.9268,0.9122,14.6,40.7,38.8,33.7,20.8,7.3,20.9,17.2,25.7,13.3,19.8,18.7,47.75818253,23.20490837,5.566504955,14.84502506,0.163710773,0.763983607,0,0,0
13003,"Atkinson County, Georgia",GA,8265,38007.0,27.51,4.55,4.37,73.78,0.9026,0.8081,0.8403,0.5199,0.8444,16.5,43.9,40.4,39.4,22.1,7.9,21.1,18.9,32.0,15.9,24.1,26.0,23.49192238,14.95057392,7.257755756,18.88241959,0.1790471595,0.595734537,0,0,0
13005,"Bacon County, Georgia",GA,11138,43938.0,21.64,4.25,7.39,78.18,0.7362,0.9755,0.6332,0.8463,0.889,13.0,36.9,36.9,31.6,19.2,6.6,20.5,15.9,21.7,11.5,17.4,16.1,3.315357208,1.303894281,2.887918472,13.7765913,0.271837622,0.996737957,0,0,0
13007,"Baker County, Georgia",GA,2878,45417.0,23.14,12.2,7.2,57.79,0.922,0.4394,0.8584,0.2564,0.7162,16.9,43.3,42.4,35.9,21.0,7.5,21.0,17.1,30.8,15.8,23.5,17.6,61.25427628,28.04342079,8.07126236,11.02057171,0.1790471595,0.6513130965,0,0,0
13009,"Baldwin County, Georgia",GA,43778,54699.0,22.66,6.96,6.84,84.59,0.9357,0.3363,0.86,0.9908,0.923,14.5,40.9,39.6,30.1,17.6,6.5,19.3,15.0,23.7,12.6,19.8,14.4,24.61774063,12.87980175,4.654836655,10.77213669,0.155214086,1.064325094,0,0,0
13011,"Banks County, Georgia",GA,18381,69096.0,13.18,2.48,2.49,84.09,0.6207,0.3096,0.3961,0.1015,0.3373,11.5,34.2,34.6,28.0,17.4,6.2,19.5,14.9,17.1,9.2,13.8,14.8,1.771997452,0.871686161,5.116875648,12.95946121,0.1790471595,0.723439455,0,0,0
13013,"Barrow County, Georgia",GA,84399,75053.0,9.55,3.99,3.41,92.64,0.5956,0.7738,0.7066,0.0799,0.4887,11.6,34.8,34.6,27.8,14.7,5.6,17.9,13.6,17.4,9.2,14.6,14.9,38.41773224,11.31127167,1.589560509,8.304998398,0.105154932,0.490722984,0,0,0
13015,"Bartow County, Georgia",GA,109410,74812.0,10.82,5.46,3.07,81.61,0.6529,0.3964,0.6045,0.1623,0.454,10.8,38.4,34.3,25.6,15.1,5.5,18.5,13.8,15.2,8.5,13.3,13.7,30.29283524,11.69315434,3.098449945,10.35911083,0.14621754,0.685394704,0,0,0
13017,"Ben Hill County, Georgia",GA,17169,38255.0,26.49,4.96,10.05,65.49,0.8918,0.7378,0.8365,0.9535,0.9265,16.0,41.5,41.8,36.4,21.7,7.2,21.2,17.4,29.9,15.2,23.1,17.9,30.14131165,13.16244125,8.418395042,10.99345207,0.1790471595,0.662092209,0,0,0
13019,"Berrien County, Georgia",GA,18187,48670.0,23.21,4.61,3.82,75.42,0.8406,0.8406,0.5269,0.1769,0.6748,13.5,38.0,37.2,32.6,21.0,7.1,21.2,16.6,22.9,12.1,17.5,16.5,20.00658417,10.39609337,5.05643177,15.81592178,0.154575437,0.463726312,0,0,0
13021,"Bibb County, Georgia",GA,156554,48897.0,25.06,7.53,11.55,83.91,0.9739,0.8619,0.9399,0.8422,0.9644,15.2,45.0,42.0,31.5,17.3,6.3,19.9,15.2,26.7,14.1,21.7,14.8,32.24439621,13.06022263,3.590507984,6.340665817,0.196416065,1.185043573,0,0,0
13023,"Bleckley County, Georgia",GA,12413,56021.0,17.06,6.08,4.03,72.72,0.686,0.6363,0.686,0.6134,0.7063,12.8,38.3,36.7,28.8,17.4,6.3,20.0,15.2,20.4,11.0,16.8,13.7,39.64612198,18.38489151,5.236056805,13.98262215,0.1790471595,0.69471246,0,0,0
13025,"Brantley County, Georgia",GA,18105,40166.0,16.31,3.29,6.53,72.66,0.7763,0.0738,0.2485,0.2733,0.3974,11.9,38.7,35.5,31.1,19.9,6.7,21.1,16.2,19.3,10.3,14.9,15.1,4.349430561,2.651021481,3.373180628,18.84726906,0.1790471595,0.312467456,0,0,0
13027,"Brooks County, Georgia",GA,16275,42263.0,26.53,4.88,7.24,65.86,0.9704,0.7611,0.8492,0.7741,0.9275,15.7,40.2,40.7,34.4,20.3,7.2,20.8,17.0,28.4,14.6,22.0,17.5,10.24220371,4.667293072,3.788323164,12.94481277,0.195350662,0.520935059,0,0,0
13029,"Bryan County, Georgia",GA,44995,90627.0,7.16,5.51,2.96,89.13,0.28,0.7101,0.6618,0.1104,0.3115,9.8,32.8,32.5,21.2,11.8,4.8,16.7,11.9,12.0,7.0,11.2,10.7,41.10068512,9.644585609,3.60174489,6.27448082,0.171758071,0.736105978,0,0,0
13031,"Bulloch County, Georgia",GA,79829,53675.0,22.78,8.33,5.43,84.06,0.9297,0.2326,0.7521,0.8781,0.8374,12.9,41.7,38.8,27.4,16.0,6.2,19.2,14.4,19.6,10.8,16.6,12.9,21.28458214,8.438023567,1.943760395,9.651367188,0.111332402,0.779326797,0,0,0
13033,"Burke County, Georgia",GA,24337,50321.0,17.33,5.21,10.23,83.06,0.8148,0.552,0.881,0.4967,0.7483,15.2,39.8,41.0,33.4,19.2,6.8,20.7,16.3,27.0,14.0,21.7,15.7,14.96889305,7.607524872,4.782198429,13.93771076,0.1790471595,0.618156135,0,0,0
13035,"Butts County, Georgia",GA,25522,60076.0,15.77,4.03,3.55,81.5,0.5896,0.392,0.72,0.4766,0.5565,12.6,38.2,37.5,30.4,17.6,6.1,19.3,14.7,20.2,10.7,16.8,14.8,16.62614822,8.546416283,4.919797421,14.81431198,0.1790471595,0.707936764,0,0,0
13037,"Calhoun County, Georgia",GA,5594,48663.0,25.82,11.39,7.68,74.62,0.9924,0.6344,0.9526,0.917,0.9688,17.1,43.6,44.9,36.2,21.1,7.3,19.6,16.3,31.0,15.8,24.5,18.8,13.75553417,6.310927868,7.592287064,23.12480545,0.1790471595,0.6513130965,0,0,0
13039,"Camden County, Georgia",GA,55105,68104.0,16.37,4.7,5.89,89.77,0.587,0.6316,0.6793,0.6433,0.6618,11.7,37.9,34.7,27.1,15.5,5.8,18.4,13.7,16.5,9.2,14.3,12.9,51.31022644,17.80788612,3.107042074,8.750696182,0.16249007,0.794395924,0,0,0
13043,"Candler County, Georgia",GA,10946,45519.0,18.29,3.9,5.97,78.65,0.8508,0.9281,0.7798,0.8381,0.916,13.9,42.3,38.3,32.2,19.0,6.7,20.2,16.3,24.8,12.8,19.6,17.9,0.646144032,0.386919141,6.806182861,15.08472919,0.273099691,0.910332263,0,0,0
13045,"Carroll County, Georgia",GA,120060,66895.0,16.88,5.92,4.29,87.85,0.8794,0.8171,0.6885,0.6176,0.8428,12.2,34.7,35.9,28.1,16.6,5.9,18.9,14.4,18.5,10.0,15.5,14.3,53.0310936,19.46979141,3.493973732,12.62428093,0.172650516,0.830366731,0,0,0
13047,"Catoosa County, Georgia",GA,68052,68896.0,8.93,3.71,4.22,88.38,0.3519,0.5733,0.3217,0.1979,0.3086,10.3,33.9,31.7,24.0,14.9,5.5,18.4,13.2,13.0,7.6,11.3,11.6,36.66392136,9.656885147,1.778052926,5.575427055,0.132360727,0.779457629,0,0,0
13049,"Charlton County, Georgia",GA,12547,45770.0,20.49,8.3,5.61,76.6,0.9889,0.2262,0.776,0.8559,0.8855,15.4,41.4,40.1,33.9,20.1,7.3,19.4,16.7,26.2,13.5,20.7,21.3,7.268864155,3.16135335,5.424289703,15.20376778,0.1790471595,0.446760982,0,0,0
13051,"Chatham County, Georgia",GA,296266,66171.0,13.98,6.32,7.31,90.7,0.8056,0.5647,0.8858,0.7181,0.805,12.1,33.4,37.0,24.8,13.7,5.4,17.0,12.7,18.1,10.0,15.8,12.5,31.67127419,10.80629349,1.686009645,4.059783936,0.203825712,1.074403286,0,0,0
13053,"Chattahoochee County, Georgia",GA,9402,52943.0,16.86,8.4,0.69,81.73,0.6675,0.1629,0.8377,0.776,0.6554,14.2,40.6,38.6,29.8,16.3,6.3,18.1,14.5,20.5,10.9,17.0,15.7,97.65144348,39.34128952,5.695561409,10.76889706,0.1790471595,0.568666458,0,0,0
13055,"Chattooga County, Georgia",GA,24902,43556.0,19.93,4.73,5.55,77.76,0.91,0.9246,0.4948,0.9625,0.9481,13.5,35.1,37.5,33.6,21.6,7.2,21.3,17.3,23.6,12.3,17.8,17.9,37.49126053,21.05294991,2.728255987,11.22044754,0.161011145,0.523286223,0,0,0
13057,"Cherokee County, Georgia",GA,268567,100824.0,6.63,3.68,2.19,94.6,0.2787,0.4263,0.5892,0.0503,0.1969,9.5,33.1,30.8,23.0,11.7,4.9,16.8,11.5,11.2,6.5,10.5,11.2,41.24746323,7.052134991,0.880367815,2.490911245,0.135708734,0.64838618,0,0,0
13059,"Clarke County, Georgia",GA,128864,48692.0,26.6,5.33,6.65,89.91,0.8972,0.1069,0.833,0.7547,0.7502,13.3,33.7,36.5,27.4,14.4,6.0,18.1,13.8,19.3,10.7,16.2,13.2,40.02790451,21.82887268,3.768354416,6.57309103,0.18780078,0.970304012,0,0,0
13061,"Clay County, Georgia",GA,2855,43264.0,25.73,3.5,8.31,79.79,0.8387,0.9558,0.937,0.6685,0.9061,16.1,42.3,43.2,34.5,18.6,6.7,20.3,15.9,29.2,15.3,23.9,15.3,1.867678642,1.114338875,5.240588665,23.24183846,1.046755075,0.6513130965,0,0,0
13063,"Clayton County, Georgia",GA,296312,56207.0,16.91,6.84,7.36,86.62,0.9765,0.8151,0.9952,0.7334,0.9488,16.1,44.8,41.7,32.9,15.9,6.0,19.0,14.8,30.5,15.4,26.3,17.0,39.19661713,16.02253914,1.862607956,8.427226067,0.18110618,0.731258929,0,0,0
13065,"Clinch County, Georgia",GA,6713,53350.0,32.46,2.63,10.69,66.37,0.7668,0.9265,0.7366,0.9819,0.9348,14.8,41.7,39.7,34.4,21.5,7.3,21.3,17.3,27.1,13.9,20.7,17.2,7.746882915,5.148787498,3.492592335,12.14284039,0.1790471595,0.911577046,0,0,0
13067,"Cobb County, Georgia",GA,765813,94244.0,8.29,4.63,3.51,95.49,0.4114,0.3525,0.8743,0.2227,0.3993,10.1,29.6,30.7,21.3,10.3,4.7,15.3,10.9,12.6,7.4,11.9,10.9,38.89902878,8.015102386,0.99279654,2.435970545,0.148110479,0.965994895,0,0,0
13069,"Coffee County, Georgia",GA,43056,48398.0,20.04,4.27,6.36,80.36,0.9004,0.95,0.8116,0.9166,0.9609,15.0,39.4,39.9,34.6,20.9,7.2,20.8,17.0,28.1,14.2,21.6,19.4,7.233941555,2.824221134,6.529282093,13.18453407,0.185108051,0.786709249,0,0,0
13071,"Colquitt County, Georgia",GA,45813,47235.0,24.36,6.11,6.89,76.86,0.964,0.9726,0.8377,0.8976,0.9847,14.8,35.8,39.8,34.2,19.4,6.9,20.4,16.8,26.5,13.4,21.0,20.6,29.49828529,12.74131393,4.488764763,14.89287853,0.263493031,0.658732593,0,0,0
13073,"Columbia County, Georgia",GA,156921,92571.0,7.19,5.11,2.69,89.82,0.2494,0.6901,0.7165,0.0302,0.23,10.7,32.8,34.1,23.7,11.8,4.8,16.7,11.9,12.5,7.3,11.5,10.4,35.88869858,5.915306091,0.990709543,2.219067335,0.118470855,0.68588388,0,0,0
13075,"Cook County, Georgia",GA,17242,46706.0,21.78,5.51,7.5,73.61,0.9742,0.8228,0.7521,0.7687,0.9338,14.4,37.6,39.0,31.5,20.1,7.0,20.9,16.8,25.8,13.4,20.1,16.8,1.640862584,0.776539564,4.386903763,14.00260639,0.1790471595,0.867503345,0,0,0
13077,"Coweta County, Georgia",GA,147449,90031.0,8.33,2.75,3.52,90.06,0.2479,0.4607,0.6742,0.1082,0.2402,10.8,35.2,32.6,24.1,12.2,5.0,16.8,12.2,13.3,7.5,12.0,11.2,44.88624954,11.72949505,2.642638445,6.044931889,0.15247035,0.662914574,0,0,0
13079,"Crawford County, Georgia",GA,12156,56948.0,16.61,8.11,6.16,77.45,0.7782,0.3773,0.636,0.6128,0.6837,12.1,36.9,36.0,28.6,17.3,6.0,19.5,14.6,18.9,10.0,15.5,14.3,40.54055405,16.44565582,5.91078043,16.63197136,0.1790471595,0.245278388,0,0,0
13081,"Crisp County, Georgia",GA,20255,47463.0,23.55,8.16,12.99,68.22,0.9908,0.952,0.8775,0.7458,0.978,16.0,44.9,42.2,35.3,20.4,7.2,21.0,16.8,29.5,15.2,23.3,16.6,6.05555439,3.499778748,4.083261013,13.44003963,0.317690849,1.043841362,0,0,0
13083,"Dade County, Georgia",GA,16239,59531.0,6.54,5.48,2.49,84.11,0.4932,0.1543,0.1985,0.7191,0.4388,10.2,35.2,32.6,25.0,15.8,5.7,19.2,13.8,13.6,7.8,11.6,12.2,0.0,0.0,5.058536053,8.218568802,0.249112532,0.747337639,0,0,0
13085,"Dawson County, Georgia",GA,27355,84516.0,9.64,4.64,2.41,91.68,0.4276,0.1359,0.3166,0.0926,0.1861,9.6,31.5,31.1,22.4,12.9,5.2,17.3,12.5,11.8,6.9,10.5,11.4,0.85790509,0.259439886,1.808646441,8.741871834,0.147530705,1.327776313,0,0,0
13087,"Decatur County, Georgia",GA,29063,47383.0,24.34,6.44,8.24,66.82,0.9726,0.7547,0.8743,0.9539,0.9679,15.3,42.4,40.9,33.5,19.4,6.8,20.7,16.5,27.6,14.2,22.2,17.0,17.90078163,5.952050686,3.880873442,12.42690563,0.26458025,0.907132328,0,0,0
13089,"DeKalb County, Georgia",GA,761209,76044.0,13.4,6.45,7.74,90.85,0.7843,0.5453,0.9618,0.678,0.7903,12.3,31.5,36.3,22.3,11.4,4.9,16.0,11.7,17.4,9.6,15.6,12.0,24.62758827,8.722473145,1.666206837,4.207125187,0.196848065,0.864819169,0,0,0
13091,"Dodge County, Georgia",GA,19977,46091.0,22.34,2.88,6.95,68.78,0.7741,0.7859,0.741,0.8734,0.8559,13.9,40.4,39.7,32.1,19.1,6.8,20.2,15.7,24.0,12.3,18.9,15.6,0.341046095,0.154310718,4.545896053,14.75929165,0.146684915,0.488949746,0,0,0
13093,"Dooly County, Georgia",GA,11236,54109.0,20.96,7.46,9.29,64.67,0.8864,0.588,0.9115,0.9857,0.9313,15.2,41.1,41.9,32.8,18.4,6.6,18.9,15.2,26.2,13.5,21.7,17.6,50.5700531,25.17204094,5.374058723,16.79327393,0.227721274,0.759070873,0,0,0
13095,"Dougherty County, Georgia",GA,85038,45640.0,26.37,9.95,10.94,79.2,0.9955,0.8826,0.9765,0.7674,0.9761,17.1,42.7,44.5,33.4,18.5,6.6,20.1,16.1,31.9,16.6,26.1,15.9,42.93122101,24.50279999,8.009100914,17.21499825,0.115637682,1.133249283,0,0,0
13097,"Douglas County, Georgia",GA,144735,76930.0,11.6,6.56,3.82,91.75,0.7181,0.7235,0.943,0.3404,0.7012,12.7,35.9,36.1,26.9,13.5,5.3,17.4,12.6,20.1,10.8,18.1,13.5,42.98202133,14.99591351,2.424054384,8.011064529,0.135146096,0.810876548,0,0,0
13099,"Early County, Georgia",GA,10753,48355.0,22.25,5.98,11.16,57.35,0.9672,0.6818,0.8982,0.853,0.9357,15.4,41.1,41.6,34.3,19.5,6.6,20.7,16.3,29.0,14.8,23.3,16.3,5.748695374,2.605729103,6.279082298,15.82670975,0.398525447,0.896682262,0,0,0
13101,"Echols County, Georgia",GA,3707,61184.0,14.97,2.01,1.06,59.01,0.4935,0.5151,0.818,0.203,0.4623,12.3,37.8,33.7,30.1,16.0,6.0,18.5,14.9,19.7,10.1,16.3,20.0,47.74458313,18.30880165,2.605033636,11.25270653,0.1790471595,0.6513130965,0,0,0
13103,"Effingham County, Georgia",GA,65314,79474.0,6.62,5.29,2.42,81.27,0.3688,0.2727,0.5994,0.1874,0.2851,10.6,37.2,33.2,24.2,13.7,5.3,17.6,12.8,13.5,7.8,12.3,11.8,22.17981911,6.534816265,2.192266464,7.747220516,0.045616969,0.456169695,0,0,0
13105,"Elbert County, Georgia",GA,19570,48190.0,18.99,7.46,8.68,73.63,0.9373,0.8466,0.7474,0.8158,0.9224,13.3,38.3,38.0,30.8,18.3,6.3,19.9,15.3,22.4,11.6,18.2,15.2,20.73412132,10.40057278,7.895269871,17.73140907,0.206878722,0.5689165,0,0,0
13107,"Emanuel County, Georgia",GA,22907,47905.0,21.36,8.89,8.66,80.98,0.9192,0.9586,0.7961,0.8101,0.9494,14.7,42.8,41.2,35.1,20.6,6.9,20.6,16.7,26.3,13.6,20.8,17.1,25.5206852,14.70948315,5.432062149,17.18706322,0.1790471595,0.755320549,0,0,0
13109,"Evans County, Georgia",GA,10759,55222.0,21.25,6.79,4.06,76.14,0.9634,0.9796,0.8225,0.8317,0.9784,14.8,42.6,39.9,34.3,19.6,6.8,20.3,16.4,26.2,13.4,20.7,18.1,0.0,0.0,2.50594759,18.0656147,0.1790471595,0.846023679,0,0,0
13111,"Fannin County, Georgia",GA,25436,54857.0,11.77,5.44,3.83,86.62,0.8641,0.6745,0.1457,0.2838,0.6172,11.1,38.2,33.4,26.8,17.1,6.2,19.3,14.6,15.6,8.7,12.4,12.7,2.223319054,0.416636854,3.007083893,7.720687389,0.188529849,0.829531312,0,0,0
13113,"Fayette County, Georgia",GA,119259,105910.0,5.27,3.9,2.99,93.86,0.1317,0.5539,0.7989,0.0471,0.1686,10.0,30.6,31.2,19.9,9.8,4.5,15.3,10.5,11.4,6.7,11.0,9.7,36.70776749,5.88851881,0.962936699,2.545285702,0.155412227,0.975643456,0,0,0
13115,"Floyd County, Georgia",GA,98541,57868.0,17.52,4.09,8.38,85.33,0.8336,0.8842,0.6685,0.964,0.9284,12.6,37.7,35.9,28.1,16.5,6.1,19.3,14.7,19.2,10.1,15.6,15.3,34.6473732,14.60484314,4.123428822,8.757427216,0.121698916,0.821467698,0,0,0
13117,"Forsyth County, Georgia",GA,253225,131660.0,4.6,3.72,1.8,96.86,0.0687,0.3067,0.7127,0.0251,0.07,8.8,26.8,27.9,19.6,8.8,4.2,13.7,9.8,8.6,5.2,7.9,9.0,55.90834808,8.065178871,0.939823806,2.795433521,0.139527276,0.68966341,0,0,0
13119,"Franklin County, Georgia",GA,23480,52597.0,18.43,6.16,4.16,78.8,0.931,0.7696,0.4948,0.5886,0.8314,12.4,39.4,36.5,29.7,18.6,6.6,20.2,15.8,19.7,10.5,15.3,14.7,0.0,0.0,3.190681696,18.05569839,0.170183793,0.850919008,0,0,0
13121,"Fulton County, Georgia",GA,1061944,86267.0,12.48,5.37,10.71,91.51,0.5571,0.2278,0.9259,0.8501,0.6599,10.7,28.1,33.4,20.1,9.9,4.7,15.3,10.7,14.7,8.3,13.4,10.2,29.51616096,8.957598686,2.544027805,3.879972935,0.163355932,1.132353544,0,0,0
13123,"Gilmer County, Georgia",GA,31519,70334.0,14.84,2.42,3.68,85.83,0.5218,0.8307,0.4445,0.3245,0.545,10.8,34.1,32.4,26.3,15.5,5.9,18.6,14.4,15.3,8.5,12.9,15.0,17.33922577,7.080071926,4.730482578,10.44621468,0.156357497,0.656701505,0,0,0
13125,"Glascock County, Georgia",GA,2903,60469.0,15.53,1.56,10.36,63.12,0.6211,0.2017,0.377,0.9615,0.6621,11.8,37.2,35.4,29.0,18.3,6.3,20.2,15.2,17.9,9.7,14.4,13.9,69.66612244,27.7291832,5.636361122,14.20814514,0.1790471595,0.6513130965,0,0,0
13127,"Glynn County, Georgia",GA,84566,65970.0,16.41,4.33,5.72,83.84,0.7191,0.7095,0.7448,0.714,0.7744,12.0,35.5,37.5,26.4,15.0,5.6,18.3,13.6,17.8,9.6,15.3,13.2,34.41807556,12.36205101,2.078364372,6.415457249,0.245418847,1.005048633,0,0,0
13129,"Gordon County, Georgia",GA,57785,57555.0,14.02,3.01,4.59,77.51,0.7875,0.7477,0.5924,0.482,0.7318,12.2,35.0,35.0,30.7,17.3,6.3,19.5,15.6,18.9,10.0,15.5,17.2,20.3705368,10.47668266,2.634946346,10.39878368,0.204151079,0.663491011,0,0,0
13131,"Grady County, Georgia",GA,26075,51929.0,19.8,4.38,4.99,81.21,0.9443,0.9933,0.805,0.5157,0.944,14.0,38.5,38.4,34.3,18.2,6.6,20.0,16.0,24.4,12.7,20.1,17.8,4.122252464,1.381008387,2.178645372,14.08702469,0.16332531,0.653301239,0,0,0
13133,"Greene County, Georgia",GA,19020,77527.0,12.92,5.4,3.66,81.49,0.7086,0.4251,0.7964,0.1425,0.5081,10.9,34.5,34.5,24.3,12.8,5.2,17.0,12.3,15.8,8.7,14.4,12.2,19.55669785,10.01536465,5.401017666,12.1168108,0.318522066,0.53087008,0,0,0
13135,"Gwinnett County, Georgia",GA,957977,82296.0,10.12,4.1,3.26,92.25,0.6834,0.6965,0.9453,0.2485,0.6433,12.0,34.5,32.7,27.3,11.5,5.1,15.5,11.8,17.6,9.2,15.6,16.1,38.85668182,9.708332062,0.892569423,2.7143538,0.168677539,0.972813189,0,0,0
13137,"Habersham County, Georgia",GA,46326,61292.0,13.56,2.29,3.9,84.16,0.7136,0.6376,0.6029,0.6853,0.728,11.1,32.7,33.2,27.0,15.6,5.8,18.7,14.2,16.9,9.0,14.0,15.8,18.11921501,7.86648035,3.171434402,9.496026993,0.130301654,0.651508212,0,0,0
13139,"Hall County, Georgia",GA,204953,74153.0,13.51,3.88,6.19,92.13,0.7897,0.664,0.7941,0.7416,0.8136,11.8,32.5,33.5,27.6,14.2,5.7,17.4,13.9,18.4,9.4,15.4,18.6,25.03327179,7.375080109,2.239174128,5.605710506,0.179097831,0.692188919,0,0,0
13141,"Hancock County, Georgia",GA,8588,31767.0,27.5,6.23,12.06,55.15,0.9806,0.6828,0.9733,0.9345,0.9666,18.3,45.1,46.7,37.7,22.7,7.7,20.7,17.4,36.0,18.4,28.4,19.5,55.79811096,29.72759438,6.11248827,17.99159622,0.1790471595,0.588650823,0,0,0
13143,"Haralson County, Georgia",GA,30178,65940.0,12.51,4.38,3.43,83.78,0.5708,0.2332,0.2914,0.1718,0.3089,11.0,35.8,34.1,26.0,17.3,5.9,19.8,14.5,15.7,8.7,12.7,13.0,16.73374557,6.175201416,3.201791525,12.29231358,0.164565712,0.592436552,0,0,0
13145,"Harris County, Georgia",GA,34914,85936.0,7.52,5.76,1.81,85.64,0.1982,0.0878,0.5969,0.0197,0.0675,9.9,32.4,31.7,21.3,12.2,4.9,16.8,11.8,11.7,7.0,11.0,10.3,1.283699393,0.33547315,2.355406046,6.874039173,0.083148561,0.277161866,0,0,0
13147,"Hart County, Georgia",GA,26110,61765.0,10.85,4.8,6.6,83.34,0.6748,0.5323,0.6166,0.9119,0.7681,11.9,35.2,35.4,27.4,16.6,6.0,19.2,14.3,18.0,9.8,15.1,13.7,0.0,0.0,2.895196676,13.72115517,0.1790471595,0.53018254,0,0,0
13149,"Heard County, Georgia",GA,11489,62965.0,16.69,5.43,4.9,74.42,0.7709,0.9357,0.4496,0.1444,0.6459,11.9,35.3,35.1,29.3,18.5,6.3,20.4,15.2,18.2,9.9,14.7,14.1,3.655838251,1.119552135,3.928454638,21.01226807,0.1790471595,0.250563771,0,0,0
13151,"Henry County, Georgia",GA,240853,79663.0,8.43,5.32,2.1,90.2,0.4817,0.5536,0.9348,0.071,0.4018,12.4,44.7,37.4,25.0,12.7,5.0,17.2,12.3,18.4,10.0,17.2,12.1,49.44193268,12.35566425,1.051446319,6.042928219,0.104541712,0.790335357,0,0,0
13153,"Houston County, Georgia",GA,164117,76968.0,9.75,4.82,4.17,90.77,0.4139,0.6277,0.8447,0.286,0.4887,12.2,39.5,37.2,24.6,13.0,5.2,17.4,12.7,16.1,9.0,14.7,11.5,35.00927353,9.995311737,1.981824636,5.699317932,0.131159827,0.95559305,0,0,0
13155,"Irwin County, Georgia",GA,9487,46383.0,21.99,6.18,6.79,76.28,0.9456,0.231,0.6949,0.8342,0.8282,13.5,40.4,38.3,31.9,18.8,6.6,20.1,15.8,22.5,11.9,17.9,15.8,6.123374939,2.82334137,2.760685682,11.44162941,0.1790471595,0.6513130965,0,0,0
13157,"Jackson County, Georgia",GA,77033,82056.0,8.14,3.63,2.95,91.3,0.3996,0.5017,0.5476,0.1438,0.3264,10.4,32.5,32.3,25.0,14.4,5.4,17.5,13.2,14.6,8.0,12.5,13.3,32.75984573,9.354135513,3.89804244,10.5111618,0.078741193,0.511817753,0,0,0
13159,"Jasper County, Georgia",GA,14882,57374.0,13.35,6.1,3.13,77.25,0.7432,0.6618,0.6115,0.1397,0.5492,12.1,36.6,35.5,29.0,17.3,6.1,19.4,14.6,18.4,9.9,15.0,13.9,2.828284502,1.133379102,4.196731091,18.11671066,0.1790471595,0.483325273,0,0,0
13161,"Jeff Davis County, Georgia",GA,14791,41780.0,22.59,4.06,7.68,72.08,0.8603,0.9672,0.672,0.602,0.8785,14.4,40.4,37.8,34.8,20.9,7.3,21.1,17.3,26.2,13.3,19.8,19.3,38.14222717,18.02623558,6.08911562,13.19155979,0.1790471595,0.65733254,0,0,0
13163,"Jefferson County, Georgia",GA,15591,46865.0,19.41,4.5,9.13,78.8,0.8985,0.93,0.9115,0.902,0.9583,15.5,41.3,42.4,35.3,20.3,6.8,20.7,16.5,29.7,15.0,23.7,17.5,0.744213521,0.323983252,5.901631832,14.64693356,0.327503771,0.786009014,0,0,0
13165,"Jenkins County, Georgia",GA,8704,31463.0,27.9,4.92,6.64,66.67,0.9109,0.5791,0.8151,0.6532,0.8352,16.3,42.6,42.7,36.6,22.3,7.5,21.2,17.5,31.0,15.8,23.7,18.6,0.942879975,0.575864792,6.097015858,15.43215466,0.1790471595,0.914703846,0,0,0
13167,"Johnson County, Georgia",GA,9225,47796.0,21.86,8.3,5.26,77.23,0.9201,0.657,0.7693,0.9723,0.9322,15.3,43.5,43.0,34.1,21.9,7.5,20.5,16.9,27.0,13.8,20.7,17.9,22.30296326,11.05023193,5.658023834,15.55185032,0.1790471595,0.517223537,0,0,0
13169,"Jones County, Georgia",GA,28382,66288.0,14.29,4.25,4.73,86.84,0.3802,0.2494,0.6624,0.3729,0.3675,12.0,39.4,35.6,28.6,16.1,5.7,19.2,14.2,17.9,9.7,15.4,12.4,33.28503036,12.35760403,3.479845285,12.41962624,0.1790471595,0.277903229,0,0,0
13171,"Lamar County, Georgia",GA,18676,64966.0,11.23,5.4,2.96,82.77,0.5931,0.063,0.7146,0.3703,0.4092,12.1,37.1,36.2,28.0,16.2,5.9,19.2,14.1,18.4,10.1,15.7,12.9,22.43472099,9.117257118,3.25472188,7.806287766,0.1790471595,0.41534707,0,0,0
13173,"Lanier County, Georgia",GA,9964,39971.0,32.1,2.3,5.53,77.6,0.8457,0.4623,0.7127,0.7805,0.8011,14.6,40.9,39.4,33.2,19.9,7.1,20.4,16.5,24.9,13.1,19.4,16.6,0.684712052,0.236588955,2.544986248,12.0894413,0.1790471595,0.465679437,0,0,0
13175,"Laurens County, Georgia",GA,49407,46776.0,24.39,5.53,6.44,75.96,0.9284,0.9147,0.8066,0.6332,0.9014,13.9,44.1,40.8,32.8,18.6,6.5,20.1,15.3,24.5,12.8,19.6,14.8,19.42942238,9.711614609,4.301083088,12.03232098,0.105236575,0.926081836,0,0,0
13177,"Lee County, Georgia",GA,32968,83632.0,8.84,4.37,3.01,89.01,0.1575,0.5046,0.6847,0.2415,0.2606,10.7,38.6,34.7,23.0,12.9,5.1,17.2,12.1,14.0,8.0,12.7,10.8,32.85692596,6.807693958,2.340466499,7.082236767,0.1790471595,0.496130198,0,0,0
13179,"Liberty County, Georgia",GA,65550,55149.0,15.36,8.71,5.5,91.73,0.8167,0.8431,0.9322,0.86,0.9007,13.9,33.9,39.1,29.8,15.4,5.8,18.2,13.9,21.6,11.4,18.9,14.8,31.90497398,17.25992775,2.959079742,8.566531181,0.095232047,1.047552586,0,0,0
13181,"Lincoln County, Georgia",GA,7726,50754.0,18.11,3.55,7.3,54.99,0.6227,0.6529,0.6993,0.2272,0.5488,13.2,38.0,37.9,30.2,18.6,6.5,20.3,15.4,21.9,11.7,17.7,14.1,5.59421587,1.886000276,3.647028685,12.6404171,0.1790471595,0.373552471,0,0,0
13183,"Long County, Georgia",GA,16804,56819.0,15.77,4.48,7.93,84.35,0.8298,0.9233,0.8225,0.7267,0.8851,13.0,37.9,37.5,30.3,16.8,6.0,19.2,14.8,21.1,11.1,18.0,16.3,0.74863106,0.26008752,3.26641655,16.2716732,0.1790471595,0.198304489,0,0,0
13185,"Lowndes County, Georgia",GA,118257,52821.0,20.64,5.09,7.53,76.23,0.8753,0.4655,0.8591,0.9192,0.8702,13.4,40.2,37.3,29.9,16.2,6.1,19.0,14.7,22.0,11.6,18.4,14.4,16.86185455,8.267756462,2.28437376,7.531313419,0.135285959,0.955457091,0,0,0
13187,"Lumpkin County, Georgia",GA,33405,67592.0,14.53,5.06,2.63,89.21,0.7728,0.0121,0.2914,0.4057,0.3608,10.8,31.0,32.9,25.2,15.4,5.8,18.6,13.8,14.1,8.1,11.8,12.1,0.749194503,0.257422864,2.276532412,12.32437897,0.087755218,0.526531339,0,0,0
13189,"McDuffie County, Georgia",GA,21715,54752.0,16.14,3.78,4.81,74.76,0.7353,0.5002,0.854,0.4076,0.6567,13.8,39.1,39.4,30.8,17.8,6.2,20.0,15.2,24.0,12.4,19.5,14.8,0.790486634,0.168495446,6.202361584,14.34083843,0.141763538,1.039599299,0,0,0
13191,"McIntosh County, Georgia",GA,11183,51262.0,20.32,4.45,6.62,78.96,0.9112,0.3287,0.756,0.3952,0.7098,14.5,40.9,40.4,33.5,20.2,7.1,20.8,16.6,25.7,13.6,20.1,16.1,15.87765884,5.930980206,3.247207642,13.34080029,0.1790471595,0.834086299,0,0,0
13193,"Macon County, Georgia",GA,12099,33960.0,26.22,9.17,13.55,68.31,0.9994,0.7305,0.9494,0.9147,0.9866,18.5,43.9,45.9,40.2,23.2,7.9,20.6,17.9,36.2,18.3,27.7,20.6,0.428093284,0.222283721,6.601281643,15.07883072,0.1790471595,0.550660789,0,0,0
13195,"Madison County, Georgia",GA,30378,53626.0,20.58,5.85,3.95,85.36,0.9338,0.7251,0.5383,0.2622,0.7423,12.4,37.8,35.6,30.5,18.2,6.5,20.0,15.5,19.8,10.5,15.5,15.5,2.332094669,1.504400969,2.819375277,12.70053005,0.1790471595,0.459664434,0,0,0
13197,"Marion County, Georgia",GA,7508,48836.0,12.38,5.42,6.3,65.11,0.8072,0.9548,0.8008,0.7203,0.8877,14.3,38.5,38.8,32.2,18.9,6.7,20.2,16.0,24.8,12.7,19.6,17.4,0.00543633,0.002615234,5.219471455,17.65735626,0.1790471595,0.352278054,0,0,0
13199,"Meriwether County, Georgia",GA,20679,52392.0,22.14,7.12,7.28,74.18,0.9434,0.706,0.8139,0.8002,0.9074,14.0,41.3,38.7,32.9,19.0,6.4,20.4,15.6,24.3,12.6,19.7,15.5,3.279469967,1.218915701,6.89599514,14.93211555,0.283500284,0.378000379,0,0,0
13201,"Miller County, Georgia",GA,5923,52132.0,24.48,5.04,11.42,61.16,0.9462,0.8285,0.7105,0.9189,0.945,13.9,42.4,38.8,32.0,18.7,6.7,20.5,16.0,23.5,12.5,18.7,15.0,0.406187087,0.128149167,4.888251305,12.17560768,0.1790471595,0.6513130965,0,0,0
13205,"Mitchell County, Georgia",GA,21634,45966.0,28.74,9.48,13.26,77.81,0.9914,0.9316,0.8883,0.924,0.9914,15.6,45.1,42.8,33.5,19.6,6.8,20.5,16.2,28.0,14.4,22.3,16.5,20.7910862,7.944093704,5.543245316,13.9511776,0.277752072,0.648088157,0,0,0
13207,"Monroe County, Georgia",GA,28287,74867.0,13.72,3.77,2.01,87.18,0.3964,0.1031,0.6389,0.4168,0.329,10.9,34.7,34.4,24.7,14.4,5.4,18.1,12.9,15.4,8.5,13.4,11.7,3.432868958,1.429416299,4.130424023,7.602039337,0.10698238,0.570572734,0,0,0
13209,"Montgomery County, Georgia",GA,8687,49138.0,16.63,6.5,4.28,79.03,0.8858,0.5756,0.7191,0.4518,0.7547,13.5,40.0,38.8,30.7,17.7,6.5,19.4,15.1,21.8,11.4,17.6,15.3,12.15620899,4.02461195,3.481261015,14.59128952,0.1790471595,0.332889467,0,0,0
13211,"Morgan County, Georgia",GA,20171,81524.0,8.6,2.9,3.97,83.52,0.231,0.3131,0.6332,0.2813,0.266,10.1,31.6,33.7,23.2,13.3,5.0,17.7,12.3,13.3,7.5,11.9,11.2,34.61050415,10.98143196,4.12705946,12.84208488,0.1790471595,0.967610538,0,0,0
13213,"Murray County, Georgia",GA,40063,60617.0,13.06,6.67,4.59,81.05,0.7852,0.6061,0.525,0.4909,0.6847,11.6,41.2,33.6,28.4,17.0,6.1,19.3,15.1,17.6,9.3,14.4,17.1,17.58192444,6.568593979,3.078956604,12.90213966,0.074940048,0.674460411,0,0,0
13215,"Muscogee County, Georgia",GA,204572,54561.0,18.69,7.3,10.27,85.97,0.9227,0.8705,0.9259,0.8581,0.9446,14.1,40.4,39.4,29.4,15.4,5.8,19.1,13.9,22.4,12.1,19.0,14.3,30.23033905,10.38720608,1.672061801,3.487702131,0.173079073,1.186100721,0,0,0
13217,"Newton County, Georgia",GA,113298,70732.0,13.39,6.61,4.16,93.29,0.8059,0.7483,0.9084,0.1311,0.6577,13.3,42.3,38.7,30.0,14.9,5.5,18.6,13.6,21.4,11.2,18.8,13.5,33.60984802,14.36556625,3.255713224,12.97191334,0.141224235,0.644335568,0,0,0
13219,"Oconee County, Georgia",GA,41978,116221.0,4.47,2.88,1.07,93.83,0.0299,0.2475,0.4741,0.0035,0.0137,8.3,28.5,28.7,17.3,9.4,4.3,15.1,10.1,7.9,5.1,7.7,8.1,22.31151009,3.402798653,1.668323636,3.22676897,0.121583506,0.778134406,0,0,0
13221,"Oglethorpe County, Georgia",GA,14974,66672.0,11.14,4.51,3.21,74.64,0.4846,0.3936,0.615,0.3993,0.4645,11.4,36.0,34.3,26.8,15.4,5.7,18.7,13.9,16.5,9.0,13.9,13.5,5.213443279,2.504702091,3.572658539,13.97854996,0.1790471595,0.260027289,0,0,0
13223,"Paulding County, Georgia",GA,169898,89237.0,6.69,4.09,2.2,93.31,0.2603,0.3385,0.7165,0.0118,0.1429,10.9,37.7,33.9,22.8,12.4,4.9,17.3,12.4,14.4,8.0,13.3,11.8,48.62423706,13.51761818,1.403707623,6.591932774,0.069220521,0.484543622,0,0,0
13225,"Peach County, Georgia",GA,28054,60940.0,20.73,6.65,6.24,82.0,0.8584,0.7171,0.8925,0.8202,0.8772,13.4,40.4,38.1,29.0,15.2,5.7,18.6,14.0,21.4,11.4,18.9,14.4,28.08143997,10.54314232,6.350107193,15.46439552,0.178890884,0.966010749,0,0,0
13227,"Pickens County, Georgia",GA,33439,72558.0,13.48,4.52,3.14,91.07,0.489,0.4505,0.1753,0.2256,0.3392,10.3,34.7,33.5,24.6,15.4,5.7,19.1,13.7,13.8,7.8,11.6,12.1,17.65766716,5.717923164,4.585983753,10.94141197,0.120747425,0.633924007,0,0,0
13229,"Pierce County, Georgia",GA,19822,54861.0,15.26,2.29,3.28,73.54,0.5062,0.2374,0.4588,0.1651,0.3051,12.1,36.1,35.4,29.4,18.4,6.5,20.0,15.3,18.6,10.1,15.0,14.5,8.88775444,3.406181097,2.618083,14.48133087,0.1790471595,0.66591537,0,0,0
13231,"Pike County, Georgia",GA,19145,83866.0,8.14,4.54,2.47,80.88,0.3484,0.0204,0.3847,0.0293,0.0665,10.2,35.5,32.9,24.4,14.9,5.4,18.6,13.2,13.5,7.7,11.8,11.4,0.024667736,0.00517053,2.880872965,12.21950817,0.1790471595,0.418388158,0,0,0
13233,"Polk County, Georgia",GA,43019,51956.0,17.19,4.81,5.8,83.98,0.9023,0.931,0.6567,0.3688,0.8285,12.5,40.3,36.0,30.6,18.0,6.4,19.8,15.6,20.5,10.9,16.6,17.1,24.21165276,12.15387726,4.540493488,14.31881714,0.163398698,0.770308137,0,0,0
13235,"Pulaski County, Georgia",GA,9887,42545.0,18.92,3.86,6.71,66.96,0.8126,0.7127,0.8164,0.9971,0.9376,13.8,41.1,38.2,32.5,19.4,6.5,21.4,16.4,25.8,13.3,21.0,15.7,3.674234867,1.614088178,4.5836339,16.41054726,0.268072546,0.893575191,0,0,0
13237,"Putnam County, Georgia",GA,22206,60825.0,16.03,3.19,3.25,83.5,0.538,0.6211,0.7191,0.4248,0.5679,12.7,39.6,36.9,28.4,16.0,6.2,19.1,14.4,20.0,10.8,16.7,14.0,15.46710396,9.503388405,2.615003824,10.03432369,0.133214921,0.444049746,0,0,0
13239,"Quitman County, Georgia",GA,2180,38889.0,15.28,23.47,14.3,55.64,0.9125,0.5466,0.9084,0.5625,0.8202,16.0,43.3,42.6,35.3,20.9,7.0,21.3,16.8,30.4,15.5,24.2,16.8,3.063549995,1.385271311,10.27640629,31.22756004,0.1790471595,0.6513130965,0,0,0
13241,"Rabun County, Georgia",GA,16915,57261.0,14.48,2.64,4.3,86.25,0.5784,0.3735,0.3503,0.328,0.441,10.9,34.3,33.8,26.2,15.2,5.9,18.3,13.9,14.8,8.4,12.4,13.3,0.585454345,0.088043444,3.710598469,10.88121033,0.231575295,0.926301181,0,0,0
13243,"Randolph County, Georgia",GA,6365,24638.0,28.11,7.51,18.72,79.55,0.9863,0.853,0.9577,0.9532,0.9882,18.9,46.5,45.9,39.5,22.6,7.9,22.1,18.3,37.3,19.3,28.9,17.8,33.75243378,18.41207123,10.46029854,15.99571514,0.1790471595,0.598623157,0,0,0
13245,"Richmond County, Georgia",GA,206153,50605.0,20.72,8.33,9.98,84.16,0.9513,0.7324,0.9494,0.9061,0.9513,15.9,37.2,41.0,30.5,16.8,6.1,19.7,14.6,26.2,13.5,22.3,14.6,47.57657623,21.04327965,5.114002705,10.44329071,0.138559669,0.851152301,0,0,0
13247,"Rockdale County, Georgia",GA,93641,68999.0,11.37,6.04,3.65,88.54,0.8536,0.7751,0.9695,0.3,0.777,14.7,38.9,39.8,29.4,14.2,5.5,18.0,13.5,23.5,12.5,20.8,14.3,39.61697769,13.33939934,2.061722755,6.245463848,0.186938494,1.022663593,0,0,0
13249,"Schley County, Georgia",GA,4565,53274.0,15.93,3.49,5.32,76.68,0.8081,0.2459,0.6013,0.1626,0.4973,12.1,37.2,35.6,27.6,16.4,5.9,19.4,14.4,18.0,9.8,15.1,13.5,0.502377987,0.272476166,2.851722002,13.7460146,0.1790471595,0.6513130965,0,0,0
13251,"Screven County, Georgia",GA,14026,49941.0,18.42,7.22,5.44,78.32,0.7471,0.4321,0.8279,0.5781,0.699,14.1,39.7,39.9,31.2,18.5,6.4,20.3,15.6,24.3,12.6,19.8,15.0,20.98886871,9.753775597,7.651966095,15.82172012,0.214102194,0.428204387,0,0,0
13253,"Seminole County, Georgia",GA,9117,46063.0,21.02,5.79,10.7,68.25,0.903,0.8552,0.7626,0.693,0.8813,13.4,40.0,38.7,30.7,17.9,6.4,20.0,15.1,23.1,12.1,19.1,14.2,14.02994823,6.554331779,4.803874016,11.938591,0.372208446,0.372208446,0,0,0
13255,"Spalding County, Georgia",GA,67415,57367.0,18.78,5.62,7.31,80.68,0.9278,0.7553,0.818,0.4085,0.8206,13.6,39.9,38.8,30.1,17.4,6.2,19.5,14.8,23.4,12.0,19.3,15.4,26.35525322,12.65407658,3.678073168,11.17628288,0.148337141,0.801020563,0,0,0
13257,"Stephens County, Georgia",GA,26732,52901.0,12.79,5.85,4.85,80.32,0.8708,0.826,0.5094,0.4855,0.7836,12.1,38.8,35.7,29.2,18.6,6.3,20.3,15.3,18.7,10.2,15.2,14.3,10.38309002,5.336851597,4.48996973,15.46165657,0.268127322,0.651166379,0,0,0
13259,"Stewart County, Georgia",GA,5121,43094.0,21.94,5.07,12.43,69.04,0.9395,0.8126,0.9803,0.9717,0.9736,18.4,42.0,43.8,39.2,21.3,7.7,18.8,17.5,34.5,17.1,26.1,26.7,18.57472992,11.6502924,9.814411163,16.79449654,0.1790471595,0.6513130965,0,0,0
13261,"Sumter County, Georgia",GA,29378,38899.0,24.21,6.45,10.56,76.73,0.9647,0.6713,0.923,0.9596,0.9631,15.1,40.9,41.4,32.5,17.8,6.5,19.8,15.3,26.9,13.9,22.2,15.5,9.818974495,5.21578455,3.056080103,11.62933922,0.17075336,0.819616139,0,0,0
13263,"Talbot County, Georgia",GA,5793,48065.0,18.41,4.25,11.62,70.45,0.8731,0.2463,0.9176,0.4324,0.6923,16.0,43.3,42.6,34.5,19.5,6.8,20.6,16.2,29.4,15.0,23.7,16.4,28.54841042,16.07052803,8.489647865,16.54500198,0.1790471595,0.6513130965,0,0,0
13265,"Taliaferro County, Georgia",GA,1635,45881.0,18.87,4.02,8.55,59.56,0.7098,0.6892,0.9418,0.3732,0.692,15.7,41.8,41.9,34.0,19.0,6.6,19.9,15.7,28.2,14.3,22.9,17.1,91.35905457,47.4323616,11.70815945,24.83660126,0.1790471595,0.6513130965,0,0,0
13267,"Tattnall County, Georgia",GA,24309,51868.0,20.06,7.97,6.2,77.64,0.9313,0.7219,0.819,0.9217,0.9287,15.0,40.8,41.0,34.4,20.5,7.3,19.9,16.6,26.4,13.7,20.7,18.9,13.43457699,6.46488905,5.614434242,16.68494987,0.157697618,0.512517273,0,0,0
13269,"Taylor County, Georgia",GA,7799,40727.0,28.96,6.61,10.1,68.9,0.9873,0.7381,0.8021,0.8339,0.9555,16.0,42.5,41.8,36.0,22.4,7.5,21.7,17.8,30.3,15.6,22.9,17.9,4.200976372,2.18949914,3.275496483,15.78979969,0.1790471595,0.371563047,0,0,0
13271,"Telfair County, Georgia",GA,12619,41801.0,31.34,2.14,11.09,69.2,0.7273,0.9978,0.8867,0.9841,0.9765,17.6,42.9,42.8,39.0,22.9,8.1,21.0,18.4,33.6,16.8,25.1,23.4,37.40323639,22.20925522,2.108605385,8.508883476,0.253469348,0.506938696,0,0,0
13273,"Terrell County, Georgia",GA,9004,43507.0,29.78,8.68,11.76,76.48,0.9885,0.6853,0.9399,0.9704,0.9809,17.3,44.1,43.8,37.9,21.9,7.4,21.4,17.5,33.7,17.4,26.7,18.4,7.968778133,2.674123287,3.417239189,13.15756702,0.351988733,0.586647868,0,0,0
13275,"Thomas County, Georgia",GA,45665,55958.0,18.69,6.18,4.37,83.76,0.8966,0.9408,0.805,0.2243,0.8158,13.1,39.3,37.9,27.5,16.3,6.0,18.8,14.2,20.8,11.1,17.5,13.4,28.24745369,12.42075729,3.878243685,14.96072865,0.135220408,0.8563959,0,0,0
13277,"Tift County, Georgia",GA,41247,52561.0,20.96,2.94,8.23,70.5,0.8193,0.7388,0.8428,0.8727,0.8759,14.3,39.7,38.5,32.4,18.0,6.5,19.8,15.6,24.1,12.5,19.5,16.5,15.25892925,5.736022472,4.270463467,6.155206203,0.270144165,1.129693747,0,0,0
13279,"Toombs County, Georgia",GA,26946,47310.0,21.74,6.23,10.33,77.99,0.9752,0.9777,0.7989,0.8743,0.9857,13.6,40.9,37.9,32.0,17.9,6.5,19.9,15.8,23.6,12.3,18.9,17.1,11.64321232,5.275961876,2.736202478,15.17777061,0.148296446,1.075149179,0,0,0
13281,"Towns County, Georgia",GA,12546,55574.0,15.3,5.49,3.37,84.96,0.7607,0.2141,0.119,0.6911,0.5622,10.3,33.0,32.8,23.9,14.5,5.6,18.4,13.4,12.9,7.6,11.0,11.0,0.01352498,0.006323703,2.407764196,9.420257568,0.1790471595,0.816526473,0,0,0
13283,"Treutlen County, Georgia",GA,6411,38641.0,28.15,10.87,9.89,70.63,0.9943,0.8161,0.714,0.685,0.9389,16.1,41.6,41.0,36.9,23.3,7.8,21.8,18.4,30.3,15.4,22.5,18.9,46.79844284,19.32761574,4.303808689,14.4118557,0.1790471595,0.439753741,0,0,0
13285,"Troup County, Georgia",GA,69527,53599.0,19.18,4.83,9.22,83.91,0.8145,0.8613,0.8304,0.896,0.9023,13.3,35.9,37.6,31.2,17.1,6.1,19.5,14.7,22.3,11.8,18.3,14.2,9.528587341,4.28701067,3.450469732,9.585411072,0.185148254,0.854530454,0,0,0
13287,"Turner County, Georgia",GA,8894,39666.0,22.43,6.99,9.55,66.55,0.9911,0.9768,0.8428,0.5581,0.9675,15.6,44.9,41.2,36.2,21.1,7.2,21.3,17.2,29.5,15.2,22.9,17.6,20.39979172,8.336906433,3.244550943,11.11782551,0.380614072,1.014970779,0,0,0
13289,"Twiggs County, Georgia",GA,7955,50446.0,15.65,3.4,7.83,71.83,0.5625,0.6395,0.8304,0.566,0.6538,13.7,39.5,39.0,31.1,19.0,6.4,20.8,15.6,24.0,12.5,19.6,15.8,0.051881574,0.031593218,9.470199585,17.80219269,0.1790471595,0.6513130965,0,0,0
13291,"Union County, Georgia",GA,24880,59783.0,11.71,2.73,4.97,86.91,0.448,0.3506,0.1572,0.7986,0.4932,10.2,34.8,32.6,24.9,15.3,5.7,18.7,13.8,13.5,7.7,11.3,12.0,3.693866014,1.682536602,3.208355188,7.323393345,0.118305862,0.709835172,0,0,0
13293,"Upson County, Georgia",GA,27638,48740.0,22.44,3.14,11.94,80.45,0.7938,0.4642,0.7066,0.378,0.6468,13.5,39.1,37.4,31.3,19.1,6.4,20.3,15.6,22.1,11.7,18.0,14.7,16.89274025,7.529485703,5.857729912,9.807731628,0.263882071,0.753948808,0,0,0
13295,"Walker County, Georgia",GA,68065,52276.0,13.73,5.49,5.31,83.83,0.8215,0.6624,0.2914,0.4776,0.6796,11.1,37.8,34.5,28.4,17.0,6.0,19.4,14.6,15.8,8.8,13.0,13.2,27.93112564,13.72112274,2.486866236,8.336050987,0.085572481,0.356552005,0,0,0
13297,"Walton County, Georgia",GA,97752,79425.0,13.07,5.16,2.64,90.6,0.6656,0.4432,0.6503,0.0598,0.4095,11.3,38.1,34.6,27.0,14.9,5.6,18.2,13.5,17.3,9.3,14.7,13.4,33.19406128,10.90165997,1.923426867,8.473565102,0.103225805,0.547096789,0,0,0
13299,"Ware County, Georgia",GA,35917,44138.0,23.67,4.26,10.9,70.43,0.9198,0.804,0.756,0.9825,0.9596,14.7,41.5,40.0,35.6,20.0,7.0,20.8,16.8,25.5,13.3,20.1,16.8,30.25550461,13.36807442,3.932412624,12.78563213,0.083738066,1.11650753,0,0,0
13301,"Warren County, Georgia",GA,5197,45091.0,22.95,8.97,7.15,60.98,0.7836,0.8158,0.9259,0.5418,0.8123,15.5,43.8,42.7,34.5,19.4,6.6,20.6,15.9,28.8,14.7,23.6,16.2,2.087917805,1.24172771,7.13257122,14.33999157,0.573394477,0.6513130965,0,0,0
13303,"Washington County, Georgia",GA,19975,43810.0,16.8,4.45,8.48,77.07,0.8734,0.6573,0.9103,0.9485,0.9115,15.9,43.0,42.8,33.5,19.6,6.8,20.0,15.9,28.5,14.6,22.8,16.3,29.76153755,12.93898106,3.246508837,18.49979782,0.1790471595,0.645161271,0,0,0
13305,"Wayne County, Georgia",GA,30277,49847.0,18.15,6.16,6.8,81.3,0.9558,0.8473,0.658,0.8896,0.9434,14.1,43.0,39.7,32.6,20.0,7.0,20.5,16.5,24.1,12.5,18.7,16.7,17.91399384,8.361275673,4.948898792,13.23269176,0.099923395,0.732771516,0,0,0
13307,"Webster County, Georgia",GA,2354,35000.0,27.87,8.9,4.91,70.43,0.9984,0.4305,0.9259,0.3035,0.8447,15.5,42.5,41.4,33.4,19.6,7.0,20.7,16.3,27.6,14.4,22.2,15.7,2.033337831,1.113316059,6.386021137,20.80382156,0.1790471595,0.6513130965,0,0,0
13309,"Wheeler County, Georgia",GA,7550,36354.0,26.69,6.43,7.14,68.57,0.9653,0.0038,0.8263,0.9796,0.7716,15.1,41.6,42.5,35.0,21.6,7.5,19.5,16.5,27.3,14.1,21.2,19.2,4.652295589,3.169862032,12.0463028,19.53102493,0.1790471595,0.6513130965,0,0,0
13311,"White County, Georgia",GA,28165,66256.0,12.96,3.48,4.25,84.25,0.4009,0.2195,0.2692,0.5049,0.3455,10.1,35.2,33.0,24.5,15.4,5.7,18.6,13.5,13.6,7.8,11.6,12.3,0.0,0.0,2.070941448,8.59672451,0.128642187,0.739692569,0,0,0
13313,"Whitfield County, Georgia",GA,103033,59659.0,13.45,5.7,5.1,86.64,0.8766,0.8266,0.8139,0.7668,0.8836,13.0,38.1,33.5,31.4,15.8,6.2,18.2,15.2,21.4,10.7,17.3,22.7,29.93385506,13.39429379,2.15428257,6.750183582,0.240761966,0.847482085,0,0,0
13315,"Wilcox County, Georgia",GA,8839,46759.0,23.05,5.33,6.52,70.19,0.8501,0.6262,0.7894,0.7044,0.8212,15.2,43.0,42.3,33.5,20.9,7.3,19.6,16.2,26.0,13.7,20.6,18.1,9.908490181,5.123410702,2.706752777,10.64635468,0.1790471595,0.6513130965,0,0,0
13317,"Wilkes County, Georgia",GA,9610,51780.0,17.83,2.91,4.61,52.83,0.7954,0.5606,0.8632,0.1594,0.6083,14.4,40.9,39.5,32.9,18.6,6.4,19.9,15.6,25.1,12.9,20.3,16.2,14.25403976,6.809672832,8.772781372,13.96623611,0.309469789,0.515782952,0,0,0
13319,"Wilkinson County, Georgia",GA,8852,40757.0,21.82,5.81,4.95,73.26,0.8228,0.8234,0.8279,0.412,0.784,14.1,41.1,39.6,32.1,18.6,6.4,20.2,15.4,23.9,12.5,19.7,14.8,21.84391212,11.41650009,7.142070293,12.72781467,0.340444833,0.6513130965,0,0,0
13321,"Worth County, Georgia",GA,20706,56496.0,19.58,7.04,7.79,72.25,0.938,0.8816,0.7019,0.4585,0.8571,13.6,38.8,38.6,32.0,19.3,6.5,20.8,15.9,23.2,12.1,18.5,14.9,3.223530054,1.040015101,3.068486452,18.05426979,0.1790471595,0.450630873,0,0,0
15001,"Hawaii County, Hawaii",HI,202163,74238.0,14.1,6.47,5.03,86.98,0.4502,0.7894,0.9602,0.4881,0.636,9.6,27.5,24.8,20.7,15.0,5.4,17.7,13.5,21.7,10.8,14.9,7.0,31.29934883,8.092700005,3.007014513,13.58650494,0.206550598,0.786859453,0,0,0
15003,"Honolulu County, Hawaii",HI,1010100,99816.0,8.85,4.79,9.62,90.82,0.2307,0.2638,0.9854,0.957,0.5708,10.5,26.0,27.9,22.4,10.3,4.6,15.3,11.0,17.7,7.4,11.6,5.3,25.18185616,4.61911869,1.123720765,1.819653273,0.172230259,1.046869397,0,0,0
15005,"Kalawao County, Hawaii",HI,50,87813.0,14.89,0.0,9.38,87.5,0.0983,0.0614,0.9723,0.4044,0.1871,12.9,33.0,29.0,22.5,14.1,6.6,13.7,13.1,22.6,10.4,17.6,11.8,0.0,0.0,21.27659607,2.127659559,0.1790471595,0.6513130965,0,0,0
15007,"Kauai County, Hawaii",HI,73511,88869.0,8.3,4.07,4.28,92.37,0.2367,0.3446,0.9625,0.4566,0.3964,9.3,24.1,27.0,19.5,12.4,5.0,16.5,12.0,17.9,8.6,12.0,6.7,34.19851303,7.38901329,2.616799116,5.82143116,0.292271495,1.155168295,0,0,0
15009,"Maui County, Hawaii",HI,164765,95379.0,9.28,5.41,4.42,87.81,0.2918,0.4003,0.9605,0.6032,0.4938,9.6,26.2,25.4,19.1,13.4,5.0,16.6,11.8,18.3,8.8,12.5,6.7,27.02601814,5.75954771,1.408331633,3.893723488,0.285881042,0.750437737,0,0,0
16001,"Ada County, Idaho",ID,497494,83881.0,8.77,3.22,3.52,93.54,0.1559,0.161,0.4779,0.3767,0.1931,8.0,28.9,28.8,17.9,10.5,4.8,15.8,11.8,10.2,6.3,9.1,8.7,30.44875908,6.238690376,0.754787087,1.559373021,0.103155546,0.768609941,0,0,0
16003,"Adams County, Idaho",ID,4464,55891.0,14.58,8.73,1.07,78.42,0.6268,0.1549,0.2959,0.0175,0.2017,9.3,33.9,30.0,25.1,14.8,6.0,17.9,13.9,14.7,8.6,11.7,10.9,25.49351501,8.597266197,2.184036255,4.535233021,0.1790471595,0.6513130965,0,0,0
16005,"Bannock County, Idaho",ID,87434,60998.0,12.53,5.07,4.97,87.43,0.4403,0.4337,0.489,0.6125,0.4995,9.1,33.4,29.8,21.7,13.3,5.5,17.3,14.0,14.7,8.3,11.6,10.2,34.73273087,11.6068182,1.383171439,4.039262295,0.112618953,0.709499419,0,0,0
16007,"Bear Lake County, Idaho",ID,6436,63244.0,10.57,4.32,3.75,88.59,0.2361,0.7105,0.182,0.0821,0.2024,9.0,31.2,28.2,23.0,13.8,5.6,17.7,13.6,13.3,7.7,11.0,9.9,25.87591553,6.062153339,1.568391085,3.173254013,0.1790471595,0.651147664,0,0,0
16009,"Benewah County, Idaho",ID,9731,54191.0,14.51,3.81,2.06,80.87,0.8123,0.6955,0.4588,0.3618,0.6717,10.0,36.0,30.3,27.3,17.1,6.4,18.9,15.1,18.2,10.1,13.8,12.2,23.31882095,9.241942406,2.508474827,8.829388618,0.318133622,0.636267245,0,0,0
16011,"Bingham County, Idaho",ID,48253,69433.0,10.39,6.11,4.13,87.16,0.5517,0.7423,0.6249,0.2841,0.5469,10.1,39.2,30.7,24.0,14.3,5.7,17.7,14.1,16.0,8.9,13.2,12.6,32.25551605,11.52789497,1.161394238,8.068903923,0.127113253,0.466081947,0,0,0
16013,"Blaine County, Idaho",ID,24248,81794.0,6.93,2.34,1.94,93.94,0.2523,0.6462,0.6516,0.385,0.4025,7.7,23.1,24.7,18.8,9.8,4.7,14.7,11.4,11.2,6.5,10.0,11.4,7.918600559,2.830154419,0.933226824,3.06255722,0.256125659,1.109877944,0,0,0
16015,"Boise County, Idaho",ID,7809,70776.0,9.4,3.38,2.86,87.49,0.1578,0.1292,0.3961,0.1346,0.1075,8.2,31.3,28.1,20.3,11.9,5.2,16.3,12.2,11.2,6.8,9.7,8.7,47.53199005,13.84859276,3.542103291,8.820519447,0.1790471595,0.6513130965,0,0,0
16017,"Bonner County, Idaho",ID,47976,61816.0,11.85,3.52,4.3,85.46,0.4655,0.3318,0.2692,0.4954,0.412,8.4,31.8,28.2,21.1,13.2,5.6,16.9,12.9,12.2,7.5,10.3,9.6,8.194577217,2.925877571,2.201591253,7.083501339,0.256317139,0.576713562,0,0,0
16019,"Bonneville County, Idaho",ID,124490,73103.0,9.46,4.63,4.08,91.44,0.4101,0.5915,0.504,0.3703,0.4473,8.9,33.5,28.7,21.2,11.6,5.3,16.8,12.3,12.8,7.6,11.0,10.7,38.69860077,11.40436459,1.286499977,3.638800621,0.098252736,0.671393692,0,0,0
16021,"Boundary County, Idaho",ID,12335,58810.0,18.49,3.82,1.72,87.66,0.657,0.5199,0.3388,0.3067,0.5037,9.4,33.2,28.8,23.9,15.2,6.0,18.0,14.5,16.0,9.0,12.4,12.0,13.03024864,3.641013145,1.870322108,9.962187767,0.316055626,0.474083453,0,0,0
16023,"Butte County, Idaho",ID,2605,37358.0,22.14,1.96,5.96,85.55,0.5186,0.9959,0.328,0.4267,0.7009,11.1,35.7,31.8,27.4,18.1,7.1,19.9,16.4,20.4,11.3,15.2,13.9,20.93270683,7.647594452,1.440043092,4.444295883,0.1790471595,0.6513130965,0,0,0
16025,"Camas County, Idaho",ID,1133,63750.0,6.71,4.96,1.55,85.45,0.5348,0.3824,0.5406,0.0907,0.3271,8.4,29.3,27.7,21.3,12.5,5.3,16.7,12.7,12.5,7.5,10.6,10.9,100.0,44.46952438,0.840336144,6.442576885,0.1790471595,0.6513130965,0,0,0
16027,"Canyon County, Idaho",ID,235006,68473.0,10.17,3.54,3.28,91.81,0.5647,0.7311,0.6885,0.4623,0.6217,10.5,35.5,29.5,24.9,12.6,5.4,16.9,13.9,15.0,8.5,12.2,13.7,19.27433205,7.43248415,1.207329988,5.109101772,0.097024716,0.480905116,0,0,0
16029,"Caribou County, Idaho",ID,7058,65380.0,6.72,2.83,3.01,91.85,0.2332,0.0512,0.3118,0.2039,0.1231,8.7,34.8,28.3,22.8,13.8,5.4,17.6,13.3,12.7,7.6,10.9,10.2,5.392698765,1.377434969,2.443501234,3.429893494,0.421170861,0.421170861,0,0,0
16031,"Cassia County, Idaho",ID,24859,63525.0,10.36,2.95,4.02,87.46,0.5103,0.5367,0.6971,0.5208,0.56,10.2,37.9,30.5,26.4,13.4,5.8,17.1,14.3,17.6,9.4,14.3,16.0,20.32626534,8.959980965,1.742356181,5.403843403,0.164765,0.906207502,0,0,0
16033,"Clark County, Idaho",ID,756,53500.0,9.16,1.94,0.0,85.66,0.8206,0.2068,0.8829,0.1607,0.5412,11.5,36.7,31.0,29.0,14.3,6.3,17.1,15.3,21.9,11.2,17.2,20.0,100.0,50.69638062,1.311475396,25.90163994,0.1790471595,0.6513130965,0,0,0
16035,"Clearwater County, Idaho",ID,8810,55885.0,11.26,4.42,5.44,79.64,0.4709,0.5272,0.3388,0.8349,0.5912,9.2,31.8,29.1,22.6,14.7,5.8,17.5,14.0,14.5,8.3,11.8,11.0,7.845727444,3.441566229,1.304830074,5.151464939,0.452181786,0.452181786,0,0,0
16037,"Custer County, Idaho",ID,4344,60357.0,11.57,1.67,3.71,90.04,0.4556,0.434,0.3166,0.3016,0.3713,9.0,31.4,29.5,21.4,13.3,5.7,17.3,13.4,13.0,7.8,10.7,9.8,21.51783371,8.277060509,0.246678501,3.591366053,0.941397965,1.176747441,0,0,0
16039,"Elmore County, Idaho",ID,28752,55000.0,12.02,6.45,4.81,90.03,0.8804,0.6745,0.6538,0.6503,0.8155,10.2,35.1,31.3,24.6,14.6,5.9,17.5,14.2,16.8,9.3,13.4,13.6,27.16462135,14.14556217,2.477763176,6.561750889,0.109297581,0.510055363,0,0,0
16041,"Franklin County, Idaho",ID,14376,61679.0,9.61,1.14,1.82,94.11,0.3035,0.1002,0.2879,0.0627,0.1101,8.5,35.9,28.7,22.1,13.2,5.4,17.3,13.1,12.7,7.4,10.8,10.3,7.192126274,1.304773808,0.975027442,2.915063858,0.1790471595,0.562785804,0,0,0
16043,"Fremont County, Idaho",ID,13519,67015.0,11.43,4.53,2.13,91.62,0.475,0.8002,0.4658,0.4333,0.5504,9.0,32.7,27.5,22.7,13.2,5.5,17.1,13.2,13.7,7.8,11.4,11.6,46.63837814,14.75528622,1.227260947,4.856404781,0.1790471595,0.756544113,0,0,0
16045,"Gem County, Idaho",ID,19250,65204.0,11.76,2.76,4.84,88.13,0.3054,0.9815,0.4356,0.5657,0.6153,8.7,33.0,28.3,22.7,13.3,5.3,17.2,13.4,13.2,7.7,11.0,11.3,28.34237289,9.725895882,2.603821039,9.596394539,0.1790471595,0.588140965,0,0,0
16047,"Gooding County, Idaho",ID,15520,60938.0,13.3,3.54,5.58,79.86,0.7477,0.8686,0.7165,0.6408,0.8059,11.0,34.5,30.6,28.7,15.4,6.4,17.8,15.5,20.0,10.9,16.0,18.5,0.810922503,0.305938959,0.637769938,4.024199963,0.256114751,0.512229502,0,0,0
16049,"Idaho County, Idaho",ID,16787,54745.0,10.39,4.29,1.39,81.77,0.5915,0.5593,0.2816,0.4489,0.5199,8.8,32.1,28.3,22.4,14.0,5.7,17.5,13.5,13.6,8.1,11.4,10.5,17.76106262,8.233377457,2.467620134,5.647374153,0.356654584,0.416097015,0,0,0
16051,"Jefferson County, Idaho",ID,31383,77491.0,8.92,2.4,1.23,93.71,0.1699,0.2313,0.4085,0.098,0.1212,8.7,33.0,27.7,21.4,12.2,5.3,16.5,12.6,12.0,7.3,10.5,10.4,26.69005203,10.60654449,1.230712295,7.35797739,0.1790471595,0.359700471,0,0,0
16053,"Jerome County, Idaho",ID,24474,67347.0,14.74,3.51,3.42,86.75,0.7057,0.6666,0.8005,0.1801,0.5826,11.7,35.8,31.3,29.9,15.7,6.5,17.6,15.8,22.4,11.4,17.6,20.9,24.63639069,11.80805206,1.194085121,7.856260777,0.1790471595,0.569615126,0,0,0
16055,"Kootenai County, Idaho",ID,173396,71949.0,9.27,3.12,4.29,89.9,0.3544,0.2071,0.3675,0.322,0.2746,8.0,31.5,25.5,18.4,12.3,5.2,17.5,13.3,11.7,7.2,10.0,9.2,27.6422863,7.29471302,0.928374171,4.019710064,0.111353353,0.726727128,0,0,0
16057,"Latah County, Idaho",ID,39872,62258.0,13.95,5.27,4.06,88.89,0.4518,0.0035,0.3847,0.8097,0.2825,8.4,31.6,30.2,19.0,11.6,5.4,16.6,12.6,11.8,7.3,10.0,8.4,16.70469475,4.606465816,1.18446207,2.96091032,0.244917959,0.808229268,0,0,0
16059,"Lemhi County, Idaho",ID,8043,49216.0,10.73,3.14,4.99,85.13,0.3579,0.5555,0.1985,0.5212,0.4073,8.6,30.6,29.1,23.2,14.3,5.6,17.9,13.5,13.3,7.7,11.0,10.1,25.49324417,11.76927185,2.306474447,4.093792439,0.620809555,0.496647626,0,0,0
16061,"Lewis County, Idaho",ID,3630,46484.0,17.69,4.18,4.6,77.71,0.7261,0.9217,0.5183,0.3557,0.7146,10.5,35.5,32.2,26.7,16.5,6.5,18.8,15.1,17.9,10.1,13.6,11.4,48.03680801,16.28863525,2.508075237,4.990884781,1.042209506,0.6513130965,0,0,0
16063,"Lincoln County, Idaho",ID,5203,62250.0,11.75,5.64,0.7,81.64,0.7738,0.7146,0.7359,0.2784,0.6742,10.4,34.2,29.8,27.5,14.3,6.0,17.3,14.7,18.4,9.8,15.0,17.7,97.42762756,41.7857132,1.02257216,10.49199772,0.559910417,0.6513130965,0,0,0
16065,"Madison County, Idaho",ID,52487,53025.0,30.11,8.15,2.85,79.91,0.7264,0.0016,0.4057,0.8657,0.4318,10.7,34.0,31.3,25.0,15.4,6.6,18.3,15.2,17.5,10.0,13.5,11.5,21.45865631,11.89687634,0.732852757,5.231124401,0.1790471595,0.967309892,0,0,0
16067,"Minidoka County, Idaho",ID,21626,63594.0,15.09,3.33,4.4,84.49,0.6118,0.5931,0.7725,0.3913,0.5978,11.0,36.7,31.2,28.3,13.8,5.9,17.3,14.8,19.5,10.1,15.4,18.5,37.02455521,17.64645958,1.577922106,5.596191406,0.1790471595,0.235671192,0,0,0
16069,"Nez Perce County, Idaho",ID,42200,65023.0,14.14,3.25,6.87,85.79,0.4378,0.5565,0.4018,0.8333,0.5892,8.8,38.1,30.4,23.7,14.1,5.6,17.8,13.6,14.0,8.2,11.3,9.9,27.75485229,7.238697529,0.898456037,4.084778786,0.171758071,0.760642886,0,0,0
16071,"Oneida County, Idaho",ID,4572,67383.0,13.49,0.65,1.58,87.51,0.1149,0.4814,0.182,0.0395,0.0792,8.4,32.2,28.0,21.2,12.9,5.3,17.3,12.7,11.9,7.2,10.0,9.3,13.47897243,5.301865578,0.176558957,4.803562164,0.1790471595,1.106194735,0,0,0
16073,"Owyhee County, Idaho",ID,12043,58440.0,13.1,2.22,2.74,82.23,0.5892,0.9828,0.6872,0.3968,0.7432,11.1,33.5,31.2,29.4,16.7,6.5,18.4,15.9,21.5,11.1,16.4,18.1,27.47352028,10.38170719,2.374957323,8.736528397,0.247259542,0.741778612,0,0,0
16075,"Payette County, Idaho",ID,25571,62721.0,10.55,4.37,3.28,86.8,0.5689,0.9271,0.5927,0.4197,0.6713,9.6,31.5,30.4,25.4,14.6,5.9,17.8,14.3,16.7,9.2,13.4,14.2,19.56664276,7.239302635,1.227071881,7.464375496,0.201848939,0.282588512,0,0,0
16077,"Power County, Idaho",ID,7918,56671.0,11.15,7.48,3.89,89.48,0.7747,0.8616,0.776,0.3926,0.762,10.6,38.0,30.4,27.4,14.3,6.1,17.3,14.9,19.2,10.3,15.3,17.5,12.63171959,5.877334595,0.518302262,6.326118946,0.1790471595,0.523354709,0,0,0
16079,"Shoshone County, Idaho",ID,13399,44807.0,16.0,5.05,4.75,83.08,0.8416,0.7359,0.3166,0.5877,0.7493,10.2,35.9,30.5,26.1,16.3,6.2,19.3,15.3,17.1,9.6,13.3,11.9,9.722384453,4.135682106,2.243206978,7.749341488,0.387266666,0.387266666,0,0,0
16081,"Teton County, Idaho",ID,11813,88906.0,9.98,1.6,1.34,93.93,0.4041,0.0932,0.5294,0.1266,0.2052,8.0,30.8,27.0,18.5,10.1,4.8,14.7,11.2,10.5,6.4,9.3,10.0,8.907499313,2.234512568,0.848421812,1.589322448,0.239980802,0.319974393,0,0,0
16083,"Twin Falls County, Idaho",ID,90592,61183.0,12.48,3.09,3.51,88.98,0.6185,0.6405,0.5854,0.3837,0.5756,9.9,33.5,28.4,27.1,13.6,5.6,17.3,13.7,15.3,8.6,12.7,13.2,14.12134743,4.714290142,0.902905881,2.312776804,0.192283764,0.848310709,0,0,0
16085,"Valley County, Idaho",ID,11830,72878.0,13.99,1.52,3.91,90.51,0.482,0.043,0.0025,0.1196,0.1365,9.2,33.3,29.8,22.6,13.3,5.7,16.9,13.1,13.0,7.8,10.8,9.7,18.63011169,7.546877384,2.285166979,6.377612114,0.339213014,1.356852055,0,0,0
16087,"Washington County, Idaho",ID,10612,50046.0,18.13,4.47,5.91,86.1,0.8186,0.9987,0.5501,0.6577,0.9093,10.7,33.8,30.2,26.9,16.0,6.4,18.5,15.3,18.5,10.2,14.5,14.1,16.90173149,6.648403168,2.518433571,6.629714489,0.289575279,0.772200763,0,0,0
17001,"Adams County, Illinois",IL,65583,63767.0,12.06,3.88,7.16,83.89,0.1343,0.4849,0.2628,0.6481,0.2965,9.6,38.2,31.6,22.6,15.0,5.4,18.3,12.4,13.8,7.6,11.6,7.6,16.52416611,3.202782631,1.123963952,3.16196394,0.200669929,0.52482903,0,0,0
17003,"Alexander County, Illinois",IL,5261,40365.0,21.43,9.31,10.6,60.28,0.9052,0.8521,0.7423,0.7509,0.8941,13.8,45.3,38.7,30.4,20.2,6.8,21.0,15.6,26.6,13.4,21.0,11.1,49.60342026,28.27407265,8.361359596,24.00276947,0.1790471595,0.545752227,0,0,0
17005,"Bond County, Illinois",IL,16750,58617.0,14.89,4.34,8.41,82.91,0.3159,0.2167,0.3888,0.9736,0.5253,10.3,39.8,32.8,23.7,15.9,5.8,18.7,13.2,16.0,8.6,13.4,9.2,20.76579857,9.041243553,3.446796417,6.650650978,0.1790471595,0.430451363,0,0,0
17007,"Boone County, Illinois",IL,53459,80502.0,9.75,7.66,4.44,88.91,0.5189,0.6465,0.658,0.174,0.4655,10.4,36.9,30.9,24.7,14.3,5.5,17.7,13.1,16.8,8.6,14.3,12.6,31.50845718,7.443540573,0.78473711,5.413908958,0.113685884,0.56842941,0,0,0
17009,"Brown County, Illinois",IL,6334,64760.0,10.04,2.11,6.29,80.45,0.2469,0.2199,0.6013,0.9144,0.4753,11.4,41.6,35.9,26.3,18.0,6.2,18.2,13.8,19.9,10.3,16.3,12.0,34.48548889,10.34803486,1.810361028,2.447180271,0.1790471595,0.611060202,0,0,0
17011,"Bureau County, Illinois",IL,33203,64165.0,12.63,5.71,5.81,84.28,0.4069,0.5644,0.4057,0.1973,0.3544,10.1,38.4,31.0,23.8,15.4,5.7,18.6,13.3,15.6,8.3,12.8,9.8,36.56457901,9.794944763,3.589836597,9.618282318,0.12382751,0.309568763,0,0,0
17013,"Calhoun County, Illinois",IL,4472,88059.0,8.36,4.07,3.07,84.48,0.043,0.2297,0.0474,0.188,0.0541,8.5,35.1,29.3,19.6,13.4,4.9,17.9,11.7,10.9,6.3,10.0,7.1,14.35338402,5.258206367,4.770952702,10.15439415,0.649913371,0.6513130965,0,0,0
17015,"Carroll County, Illinois",IL,15594,61539.0,11.24,4.93,4.23,84.95,0.3271,0.1133,0.3118,0.3519,0.2304,10.3,39.3,32.6,23.9,16.2,5.8,18.5,13.2,15.6,8.3,13.0,9.7,12.87992096,4.482813835,2.575759888,7.339354038,0.21065937,0.351098925,0,0,0
17017,"Cass County, Illinois",IL,12955,64826.0,12.28,5.39,5.6,84.15,0.3519,0.8148,0.6277,0.356,0.4998,11.2,40.7,32.7,26.6,15.9,5.9,18.4,13.9,19.2,9.6,15.6,13.3,12.16018677,3.406797171,2.065839291,3.679845333,0.335429758,0.670859516,0,0,0
17019,"Champaign County, Illinois",IL,206525,61090.0,18.72,4.77,11.77,86.82,0.4388,0.0395,0.7226,0.8269,0.4658,10.6,34.0,31.4,21.3,12.9,5.3,16.7,11.9,15.2,8.2,12.7,7.7,21.75310516,4.814059258,1.081228137,2.058031321,0.176871002,0.874794424,0,0,0
17021,"Christian County, Illinois",IL,33893,56933.0,11.85,4.42,4.96,83.33,0.2329,0.2173,0.1508,0.3509,0.1966,10.1,38.1,32.5,24.0,16.5,5.7,18.7,13.3,15.1,8.1,12.5,9.1,7.037456036,1.946178317,1.448051333,4.47501564,0.249415427,0.46765393,0,0,0
17023,"Clark County, Illinois",IL,15467,65874.0,9.04,4.0,5.07,84.99,0.1553,0.1642,0.015,0.1238,0.0745,9.4,37.1,31.0,21.7,15.1,5.5,18.5,12.6,13.3,7.4,11.2,7.8,32.15522385,9.773276329,1.793771625,10.72593689,0.1790471595,1.047943354,0,0,0
17025,"Clay County, Illinois",IL,13248,58028.0,15.75,6.04,5.29,83.55,0.5196,0.8673,0.0407,0.5956,0.5813,10.9,41.5,33.3,25.8,18.3,6.3,20.1,14.5,17.7,9.3,13.7,9.5,18.54969597,5.611783981,1.823594332,8.125684738,0.1790471595,0.841042876,0,0,0
17027,"Clinton County, Illinois",IL,36998,78054.0,7.21,3.03,3.17,88.24,0.0754,0.0951,0.2444,0.4664,0.1168,9.3,40.0,30.8,21.0,14.1,5.2,17.8,12.1,12.8,7.2,11.2,7.9,18.48204041,3.740999699,2.781629086,5.840695858,0.187175781,0.534787953,0,0,0
17029,"Coles County, Illinois",IL,47076,53732.0,19.38,6.93,7.54,85.1,0.6892,0.0566,0.2984,0.8941,0.5574,10.4,39.4,32.2,24.0,16.2,5.9,19.2,13.5,16.1,8.7,13.1,8.5,29.17994308,10.41000748,2.815767527,5.689172745,0.138935745,0.873310447,0,0,0
17031,"Cook County, Illinois",IL,5225367,78304.0,13.38,7.08,17.71,88.0,0.7754,0.3926,0.9138,0.8298,0.7964,10.7,31.0,28.9,22.8,11.2,4.7,15.4,11.2,19.6,9.4,16.4,12.0,7.359408379,1.766664982,0.492292762,0.819384933,0.250181854,0.899715066,0,0,0
17033,"Crawford County, Illinois",IL,18729,64163.0,9.6,3.35,5.36,87.84,0.1709,0.1635,0.2587,0.4467,0.1919,9.9,40.0,32.8,22.9,15.7,5.6,18.5,13.0,14.8,8.1,12.5,8.7,8.742949486,2.423367739,1.812564969,7.791670799,0.324114084,0.756266177,0,0,0
17035,"Cumberland County, Illinois",IL,10447,71274.0,9.75,1.87,2.97,85.15,0.0347,0.1511,0.0191,0.0318,0.015,9.2,38.5,30.9,21.6,14.8,5.4,18.6,12.4,12.7,7.1,10.9,7.5,0.831333697,0.144916847,3.062899828,7.829239845,0.1790471595,0.375622123,0,0,0
17037,"DeKalb County, Illinois",IL,100686,68617.0,15.39,7.03,6.65,91.79,0.5087,0.2329,0.6166,0.7604,0.5523,10.6,37.1,31.6,23.3,14.0,5.5,18.0,12.6,15.9,8.4,13.5,9.5,38.1834259,14.58535957,2.858431101,6.567409039,0.11484243,0.880458593,0,0,0
17039,"De Witt County, Illinois",IL,15535,61823.0,10.19,5.42,3.45,84.54,0.1941,0.0751,0.0881,0.0538,0.0493,9.6,37.9,31.2,22.5,15.5,5.5,18.7,12.9,13.9,7.6,11.7,8.2,7.301186085,2.156796455,1.170178413,5.278420925,0.1790471595,0.780843318,0,0,0
17041,"Douglas County, Illinois",IL,19714,67177.0,9.47,3.03,12.15,77.64,0.447,0.4454,0.3322,0.5492,0.4578,9.8,38.8,31.1,23.6,15.5,5.5,18.6,13.1,14.9,7.9,12.4,9.7,11.80333996,3.70384264,6.798947811,4.349849224,0.256278843,0.871348023,0,0,0
17043,"DuPage County, Illinois",IL,930559,107035.0,6.28,4.75,4.21,93.68,0.1632,0.1667,0.7296,0.3579,0.2284,8.5,29.1,27.1,18.2,9.5,4.3,14.2,9.6,11.2,6.1,9.8,7.6,22.5007019,3.213370085,0.842993796,1.251130819,0.167850882,0.958058,0,0,0
17045,"Edgar County, Illinois",IL,16852,56687.0,11.8,4.58,7.37,85.17,0.3067,0.3875,0.0099,0.6402,0.343,10.2,37.5,32.6,24.5,17.0,5.9,19.5,13.7,15.7,8.4,12.7,8.6,41.85269547,13.92038822,3.468814373,9.08268261,0.177957058,0.771147251,0,0,0
17047,"Edwards County, Illinois",IL,6182,60784.0,14.17,6.72,4.65,83.92,0.3789,0.8632,0.0299,0.1037,0.3058,10.7,40.3,32.9,25.0,17.9,6.2,20.2,14.3,16.8,9.0,13.4,8.9,18.49959946,7.645395756,1.702322602,5.319142342,0.1790471595,0.471994966,0,0,0
17049,"Effingham County, Illinois",IL,34594,73181.0,10.8,2.46,6.23,88.51,0.0452,0.6032,0.0455,0.6169,0.2081,9.2,34.2,30.4,21.5,14.3,5.3,18.1,12.2,12.7,7.1,10.8,7.6,15.30440998,4.638090134,2.57995224,4.694307327,0.146778211,1.115514517,0,0,0
17051,"Fayette County, Illinois",IL,21464,51962.0,14.69,3.84,5.57,80.62,0.4391,0.6207,0.3118,0.7789,0.5644,11.0,40.1,34.0,25.6,17.8,6.3,19.2,14.0,17.9,9.4,14.4,10.1,39.30257797,18.41997528,2.706164598,13.89330578,0.141083524,0.564334095,0,0,0
17053,"Ford County, Illinois",IL,13484,58930.0,12.13,4.72,7.47,84.57,0.3449,0.5667,0.2536,0.4263,0.3824,10.0,37.8,31.9,24.1,16.1,5.7,19.0,13.3,15.4,8.2,12.6,8.9,23.93146706,7.770539761,2.084059,6.407188416,0.1790471595,0.617808342,0,0,0
17055,"Franklin County, Illinois",IL,37810,51031.0,17.82,6.68,6.99,82.47,0.6704,0.4948,0.0579,0.4025,0.4871,10.9,41.4,32.7,25.8,18.1,6.3,20.2,14.6,17.4,9.3,13.7,9.2,20.98704338,8.032958984,3.410676956,9.824482918,0.131371513,0.709406197,0,0,0
17057,"Fulton County, Illinois",IL,33691,57223.0,13.38,6.84,4.99,85.02,0.4343,0.0754,0.2109,0.2399,0.2106,10.4,39.8,33.5,24.2,17.2,6.0,19.3,13.6,16.5,8.7,13.4,9.3,11.06833363,4.523984909,1.637477517,6.679773808,0.207776785,0.474918365,0,0,0
17059,"Gallatin County, Illinois",IL,4967,51868.0,19.17,7.77,7.75,75.22,0.4572,0.8078,0.0932,0.3408,0.4521,10.5,40.9,32.7,25.4,18.2,6.2,20.2,14.4,17.2,9.1,13.6,9.4,66.29724121,29.87046432,6.710568428,24.98097038,0.1790471595,0.6513130965,0,0,0
17061,"Greene County, Illinois",IL,12015,58900.0,13.71,3.45,3.52,82.19,0.2043,0.3996,0.0099,0.0592,0.1044,10.2,39.9,32.3,24.8,17.5,5.9,19.8,13.8,15.9,8.4,12.8,8.7,1.75941956,0.632085264,1.471894741,5.575683594,0.39363879,0.708549857,0,0,0
17063,"Grundy County, Illinois",IL,52624,89993.0,5.98,4.15,4.26,89.36,0.0865,0.2043,0.4518,0.0891,0.0773,9.1,36.1,29.6,21.7,13.2,5.0,17.5,11.8,12.8,7.0,11.5,8.6,28.42948151,5.531536579,1.411030531,6.321323872,0.078442141,0.960916221,0,0,0
17065,"Hamilton County, Illinois",IL,8008,60574.0,12.9,4.44,4.46,77.13,0.4213,0.6507,0.0474,0.1794,0.3029,10.7,40.1,33.0,24.8,17.6,6.2,19.9,14.2,16.6,8.9,13.2,8.8,13.74381828,3.377529621,2.698695183,6.166841507,0.1790471595,0.494804561,0,0,0
17067,"Hancock County, Illinois",IL,17582,61026.0,13.11,4.69,4.25,82.08,0.1285,0.5577,0.0474,0.0484,0.0885,9.7,38.9,31.5,22.9,15.3,5.6,18.6,12.8,13.7,7.6,11.5,7.9,43.20999908,14.11646938,3.628117085,8.937474251,0.172196075,0.459189534,0,0,0
17069,"Hardin County, Illinois",IL,3665,53026.0,11.53,2.61,8.31,76.01,0.1696,0.5301,0.0073,0.4588,0.2383,10.5,39.6,32.9,24.8,17.7,6.1,19.9,14.0,16.5,8.8,13.4,9.2,21.10228157,6.201959133,5.210178852,12.47278309,0.1790471595,0.6513130965,0,0,0
17071,"Henderson County, Illinois",IL,6374,64946.0,9.1,7.89,2.91,82.04,0.1543,0.1438,0.0821,0.0204,0.0391,9.8,38.7,31.8,22.9,15.9,5.6,18.9,13.0,14.3,7.8,11.8,8.3,1.347945571,0.489157826,1.895262003,5.651818752,0.1790471595,0.45906657,0,0,0
17073,"Henry County, Illinois",IL,49157,66313.0,9.24,4.5,6.16,83.51,0.0916,0.447,0.3388,0.1339,0.126,9.2,36.8,30.0,21.9,14.1,5.2,18.0,12.2,12.9,7.2,11.3,8.4,31.40756416,9.163087845,1.940199018,5.008966446,0.185908169,0.495755106,0,0,0
17075,"Iroquois County, Illinois",IL,27043,62866.0,10.71,4.94,4.37,84.18,0.4092,0.6456,0.3388,0.0573,0.2673,10.6,40.8,32.8,25.0,17.0,5.9,19.5,13.9,17.2,8.9,14.0,10.3,29.06369781,10.71987915,3.763352156,10.44069386,0.336939842,0.524128616,0,0,0
17077,"Jackson County, Illinois",IL,53176,44847.0,22.96,8.07,11.43,85.88,0.8225,0.3452,0.6316,0.9863,0.8479,11.8,42.8,34.5,25.2,16.1,6.2,18.7,13.8,18.9,10.1,15.1,8.7,34.92441559,15.1358223,4.71386385,9.381131172,0.176444635,0.670489609,0,0,0
17079,"Jasper County, Illinois",IL,9295,67429.0,9.19,4.89,4.53,86.01,0.1352,0.3239,0.0115,0.1139,0.0875,9.1,38.0,30.2,21.3,14.6,5.3,18.4,12.3,12.2,7.0,10.7,7.4,15.72477913,4.126967907,3.521000862,7.755093098,0.1790471595,0.633914411,0,0,0
17081,"Jefferson County, Illinois",IL,37043,58384.0,14.13,6.45,6.18,84.59,0.503,0.8164,0.4445,0.8406,0.7117,10.6,39.8,33.3,23.8,16.5,5.9,19.1,13.4,16.4,8.8,13.6,8.8,26.31279755,9.685771942,3.134258032,8.855651855,0.134282261,0.832550049,0,0,0
17083,"Jersey County, Illinois",IL,21462,77607.0,8.08,3.44,4.11,85.0,0.0541,0.1152,0.0407,0.0986,0.0318,9.2,39.2,30.5,21.7,14.6,5.3,18.5,12.4,12.4,7.0,10.8,7.4,22.80031967,3.948372364,2.872101545,8.706523895,0.138786077,0.647668421,0,0,0
17085,"Jo Daviess County, Illinois",IL,21942,67729.0,7.77,2.74,7.2,84.59,0.092,0.272,0.1276,0.1295,0.076,9.0,36.4,30.0,21.0,13.9,5.2,17.8,11.9,12.1,6.9,10.5,7.5,17.23320007,3.790607214,1.912855983,4.224586964,0.23541598,0.47083196,0,0,0
17087,"Johnson County, Illinois",IL,13313,63295.0,16.45,2.93,4.14,77.33,0.2969,0.3716,0.503,0.5259,0.3834,11.3,41.9,35.0,25.4,17.4,6.3,18.5,13.8,18.5,9.8,15.2,10.7,7.534502983,2.624107599,3.172572136,9.12340641,0.242757723,0.566434681,0,0,0
17089,"Kane County, Illinois",IL,517254,96400.0,8.33,5.03,4.66,91.53,0.4823,0.5033,0.8263,0.3427,0.5084,10.1,34.9,27.5,22.5,11.0,4.9,15.6,11.5,14.8,7.6,13.3,12.1,20.95264435,3.502416134,1.042964458,1.927433372,0.135590672,0.66665411,0,0,0
17091,"Kankakee County, Illinois",IL,107421,65489.0,14.04,5.24,6.86,85.67,0.5695,0.7206,0.6656,0.7652,0.7241,11.3,40.2,34.2,24.2,15.2,5.7,18.7,13.4,18.3,9.4,15.2,10.3,20.78019524,6.068328381,3.118188858,7.32465744,0.174963623,0.801149249,0,0,0
17093,"Kendall County, Illinois",IL,132795,106358.0,4.75,4.26,2.09,93.63,0.0694,0.4537,0.7251,0.0331,0.0996,9.1,39.0,29.1,19.4,10.7,4.5,15.5,10.7,12.0,6.6,11.2,9.1,33.77307129,6.135879993,1.079360962,4.652488708,0.084202148,0.635343492,0,0,0
17095,"Knox County, Illinois",IL,49751,50263.0,16.29,4.91,9.5,79.54,0.6074,0.4397,0.504,0.7731,0.644,10.9,39.9,33.2,25.9,17.0,6.1,19.2,14.0,18.2,9.5,14.8,9.8,26.85769653,8.711660385,1.585098743,4.722533226,0.224247247,0.835830629,0,0,0
17097,"Lake County, Illinois",IL,713159,104553.0,7.85,4.99,5.08,92.95,0.3086,0.3847,0.7941,0.6118,0.475,9.8,32.9,29.4,19.4,10.5,4.6,14.7,10.4,13.0,6.8,11.6,9.7,34.40926743,5.952075481,1.298308611,2.529647112,0.181662738,0.831900001,0,0,0
17099,"LaSalle County, Illinois",IL,109495,67942.0,13.65,5.44,5.87,85.89,0.301,0.5142,0.4588,0.4556,0.3894,10.0,37.9,31.2,23.6,15.3,5.6,18.5,13.1,15.7,8.1,13.1,9.8,26.51126289,7.521326542,2.246339798,6.103976727,0.176627532,0.650732994,0,0,0
17101,"Lawrence County, Illinois",IL,15302,55811.0,13.71,7.81,4.13,85.75,0.6039,0.4995,0.434,0.5533,0.5657,11.2,41.0,34.8,26.0,17.9,6.2,19.2,14.3,18.9,9.9,15.3,10.9,22.9281044,7.889950752,2.617255926,9.537794113,0.1790471595,0.452576458,0,0,0
17103,"Lee County, Illinois",IL,34221,64588.0,12.5,3.48,7.82,83.75,0.2501,0.3745,0.4222,0.6332,0.3777,10.2,38.8,32.2,24.0,15.6,5.7,18.2,13.0,15.6,8.3,13.3,9.6,18.92343903,5.844993114,3.110454559,6.509525299,0.148601651,0.624126971,0,0,0
17105,"Livingston County, Illinois",IL,35771,68175.0,10.21,3.71,5.2,83.91,0.1842,0.5301,0.3248,0.5606,0.328,9.9,36.0,31.5,23.9,15.7,5.6,18.7,13.1,15.4,8.2,13.0,9.3,16.21201706,6.494794369,2.235626936,6.586871147,0.282374203,0.508273542,0,0,0
17107,"Logan County, Illinois",IL,28027,62547.0,11.54,5.18,7.04,84.04,0.1912,0.1409,0.3847,0.7238,0.2921,9.9,38.9,31.8,23.3,15.7,5.5,18.6,12.8,15.4,8.3,13.1,8.8,25.99467468,7.224354267,2.265159369,5.714710236,0.105697073,0.458020657,0,0,0
17109,"McDonough County, Illinois",IL,27370,48904.0,19.79,8.02,9.7,79.16,0.6672,0.0646,0.3847,0.8123,0.539,10.8,39.2,33.5,23.6,16.1,6.0,18.9,13.6,16.4,8.9,13.3,8.4,29.86500549,9.825985909,2.327609777,6.310296535,0.238948628,0.853387952,0,0,0
17111,"McHenry County, Illinois",IL,311133,100101.0,6.04,4.85,3.78,94.88,0.1403,0.2431,0.5472,0.041,0.0923,8.8,31.7,29.7,20.1,11.4,4.7,16.3,10.9,11.6,6.4,10.4,8.4,44.28705215,6.411147594,1.615118623,3.939647198,0.147112668,0.768255055,0,0,0
17113,"McLean County, Illinois",IL,171284,75356.0,14.16,3.23,5.87,86.8,0.1168,0.0573,0.552,0.6029,0.1903,9.5,36.0,31.2,19.9,12.2,5.0,16.5,11.3,12.5,6.9,10.9,7.1,30.70049095,8.781053543,1.664433599,3.727126837,0.169337139,0.811650395,0,0,0
17115,"Macon County, Illinois",IL,103542,59622.0,15.47,7.2,9.62,82.94,0.3971,0.511,0.6102,0.6755,0.5396,10.8,42.6,33.7,24.4,15.7,5.6,19.0,13.3,17.8,9.3,14.8,8.4,35.99180222,8.477107048,2.256244421,5.094465733,0.145609856,0.708634675,0,0,0
17117,"Macoupin County, Illinois",IL,44907,64706.0,14.67,4.57,4.58,84.65,0.2386,0.2561,0.0525,0.1009,0.1161,9.9,36.8,31.7,23.1,16.3,5.7,19.3,13.3,14.7,8.0,12.1,8.3,12.6741333,4.208821774,1.848522782,7.148285866,0.157066882,0.403886288,0,0,0
17119,"Madison County, Illinois",IL,265512,71759.0,12.01,5.24,5.64,88.92,0.2663,0.3175,0.4658,0.2625,0.2561,9.5,38.8,31.5,21.1,13.6,5.2,18.3,12.6,14.2,7.6,12.6,7.6,41.76534653,12.86765194,3.418090582,7.421420574,0.163725317,0.753898025,0,0,0
17121,"Marion County, Illinois",IL,37543,59099.0,16.96,8.14,6.92,84.44,0.567,0.721,0.2816,0.6204,0.6036,10.6,39.5,32.8,25.3,17.5,6.0,19.8,14.0,16.7,9.0,13.5,8.8,25.23221016,10.20977974,3.013253212,11.96663857,0.1790471595,0.620866537,0,0,0
17123,"Marshall County, Illinois",IL,11740,64940.0,12.29,4.23,3.7,82.63,0.1467,0.2536,0.1572,0.0993,0.0894,9.7,38.6,31.3,22.9,15.7,5.6,18.9,13.0,14.2,7.7,11.9,8.7,13.1759119,4.345230579,1.771944404,5.45330286,0.265275449,0.618976057,0,0,0
17125,"Mason County, Illinois",IL,13074,58479.0,13.73,5.19,5.27,85.83,0.2568,0.1823,0.021,0.1409,0.1254,10.0,37.2,31.7,23.5,16.5,5.8,19.4,13.4,14.9,8.1,12.2,8.3,35.62559509,13.2433033,2.934484959,12.31845951,0.1790471595,0.607302845,0,0,0
17127,"Massac County, Illinois",IL,14135,57365.0,13.75,3.67,4.32,75.19,0.5476,0.6389,0.3977,0.5444,0.5625,10.8,40.8,32.7,24.7,17.2,5.9,19.9,13.9,17.2,9.1,13.9,9.0,8.527275085,3.395242214,2.793451548,8.507446289,0.1790471595,0.80668819,0,0,0
17129,"Menard County, Illinois",IL,12284,84846.0,7.94,4.94,4.01,88.53,0.0522,0.3834,0.0474,0.0162,0.0283,9.0,37.4,30.4,20.9,14.2,5.2,18.2,12.2,12.3,7.0,10.7,7.2,13.36881924,2.144035101,2.451745033,8.005293846,0.248591319,0.41431886,0,0,0
17131,"Mercer County, Illinois",IL,15692,67028.0,8.02,3.26,5.03,87.32,0.1419,0.2762,0.0932,0.048,0.064,9.6,38.5,31.0,22.6,15.7,5.5,18.8,12.9,13.9,7.6,11.8,8.4,22.79635239,7.507676601,4.730281353,8.541440964,0.1790471595,0.394088656,0,0,0
17133,"Monroe County, Illinois",IL,34905,100685.0,4.29,1.7,3.48,91.16,0.0016,0.0465,0.0299,0.0083,0.001,7.8,34.9,28.2,17.2,11.3,4.5,16.5,10.6,8.9,5.4,8.5,6.0,37.4295845,4.942857742,2.303405285,3.374825001,0.115144365,0.5757218,0,0,0
17135,"Montgomery County, Illinois",IL,28352,61796.0,13.98,5.56,6.81,81.13,0.343,0.1492,0.1861,0.6382,0.3191,10.1,39.2,32.0,23.9,16.6,5.8,19.0,13.4,15.5,8.3,12.8,9.1,15.83029652,6.479142189,2.821883678,7.909945965,0.142627925,0.641825616,0,0,0
17137,"Morgan County, Illinois",IL,32882,61188.0,12.91,6.37,7.37,80.26,0.5052,0.3156,0.3563,0.6421,0.4935,10.3,40.3,33.0,23.5,16.3,5.8,18.9,13.3,16.3,8.7,13.4,9.0,38.51073074,13.35979271,3.016060829,7.242159367,0.089820363,0.74850297,0,0,0
17139,"Moultrie County, Illinois",IL,14531,72833.0,9.18,4.06,11.86,80.13,0.3926,0.4298,0.0229,0.8476,0.4827,9.5,38.4,31.2,23.2,16.4,5.5,19.4,13.3,14.8,7.9,12.1,8.8,2.526267529,0.613970637,7.26375103,3.862603426,0.209102944,0.209102944,0,0,0
17141,"Ogle County, Illinois",IL,51672,75782.0,8.3,6.01,6.76,85.85,0.2539,0.5982,0.4378,0.28,0.3131,9.7,40.9,31.2,22.5,14.2,5.3,18.0,12.5,14.0,7.6,12.1,9.4,14.25238514,4.031120777,1.939632058,5.938193321,0.119270064,0.715620399,0,0,0
17143,"Peoria County, Illinois",IL,181186,63409.0,15.47,6.62,8.63,86.78,0.5444,0.6446,0.6923,0.7041,0.6656,10.9,35.1,33.3,22.6,14.3,5.5,17.9,12.5,16.6,8.9,13.8,8.1,34.2260704,13.19019318,4.286541939,6.309199333,0.213901341,0.782428563,0,0,0
17145,"Perry County, Illinois",IL,20996,56338.0,17.47,6.08,7.12,83.7,0.4677,0.545,0.4057,0.8263,0.6001,11.2,41.1,34.2,25.9,18.1,6.3,19.4,14.3,18.7,9.9,15.1,10.6,23.02398872,9.231574059,3.258589506,13.30071068,0.145180017,0.580720067,0,0,0
17147,"Piatt County, Illinois",IL,16698,81151.0,7.15,4.65,2.37,84.28,0.0745,0.042,0.0299,0.0086,0.0045,8.4,34.9,29.2,19.2,12.7,4.9,17.3,11.2,10.5,6.1,9.5,6.6,9.91201973,1.594116926,1.618095875,4.872848034,0.1790471595,0.550290406,0,0,0
17149,"Pike County, Illinois",IL,14776,55514.0,13.45,4.68,4.17,79.7,0.2988,0.8091,0.0337,0.1581,0.2771,10.4,40.7,32.9,25.1,17.4,6.0,19.6,13.9,16.4,8.7,13.1,9.0,23.79331398,10.07056236,3.025106192,10.2121706,0.262484401,0.393726617,0,0,0
17151,"Pope County, Illinois",IL,3799,57582.0,18.7,9.13,5.86,67.68,0.391,0.2657,0.3086,0.4114,0.3277,9.8,39.6,31.5,22.9,15.8,5.6,19.2,13.1,14.5,8.0,12.2,8.2,29.11160851,10.71900654,3.272790909,9.08460331,0.1790471595,0.6513130965,0,0,0
17153,"Pulaski County, Illinois",IL,5177,41038.0,25.0,4.2,8.59,56.73,0.5256,0.7111,0.749,0.5428,0.6357,14.5,45.7,38.7,30.9,20.7,7.0,20.9,16.0,27.3,13.8,21.1,11.7,31.42423248,16.10042953,9.22078228,20.45529747,0.1790471595,0.6513130965,0,0,0
17155,"Putnam County, Illinois",IL,5628,75726.0,8.75,3.17,3.38,83.12,0.014,0.2269,0.2536,0.0032,0.0048,8.9,36.1,29.6,20.7,13.6,5.1,17.7,11.9,12.1,6.8,10.7,8.0,0.13452217,0.047708005,2.28200531,7.368745804,0.1790471595,0.6513130965,0,0,0
17157,"Randolph County, Illinois",IL,30413,63860.0,12.53,5.21,7.12,83.36,0.3077,0.6322,0.3939,0.6869,0.4897,10.5,39.1,33.7,24.6,16.8,5.8,19.1,13.6,16.9,8.9,14.1,9.7,14.30712509,4.495455742,2.468780041,7.613629818,0.223278359,0.70173198,0,0,0
17159,"Richland County, Illinois",IL,15716,61607.0,13.74,4.24,7.36,86.35,0.189,0.8995,0.0881,0.5577,0.413,9.9,39.5,31.4,23.0,16.0,5.7,19.2,13.2,14.6,8.0,12.1,8.1,6.384786606,2.714397192,0.752332807,4.983678818,0.193461016,0.838331103,0,0,0
17161,"Rock Island County, Illinois",IL,143819,64435.0,15.17,6.19,8.67,88.5,0.5816,0.8482,0.6701,0.7385,0.7556,10.8,40.1,31.5,23.8,15.1,5.7,18.3,13.1,17.6,9.2,14.6,10.4,16.76107788,5.985505581,2.035667658,4.433679104,0.191615745,0.844528675,0,0,0
17163,"St. Clair County, Illinois",IL,256791,68915.0,13.8,5.7,7.26,86.49,0.4438,0.5902,0.7821,0.4505,0.532,11.2,38.6,35.1,24.0,14.3,5.4,18.0,12.4,17.3,9.2,15.0,8.2,36.7529068,12.99369717,4.317180157,7.721835136,0.158886403,0.759554505,0,0,0
17165,"Saline County, Illinois",IL,23662,51710.0,17.98,5.9,9.2,74.82,0.5934,0.7372,0.2109,0.7506,0.6557,10.6,40.1,32.9,24.4,17.1,6.0,19.7,14.0,16.6,8.9,13.4,8.8,14.27293301,6.457828522,3.215776682,10.43688488,0.258821487,0.819601417,0,0,0
17167,"Sangamon County, Illinois",IL,196122,71653.0,12.91,5.22,7.35,85.21,0.2437,0.4531,0.546,0.5978,0.4041,9.8,39.6,32.2,21.0,13.5,5.2,17.7,12.1,14.1,7.8,12.3,7.4,25.55683708,5.957556725,1.695122957,3.321671724,0.180522174,0.97481972,0,0,0
17169,"Schuyler County, Illinois",IL,6879,63737.0,19.51,6.69,3.45,85.87,0.4674,0.7719,0.2323,0.4238,0.4957,11.0,40.2,34.1,25.0,17.6,6.2,19.2,13.8,16.9,9.0,13.7,9.3,17.0063858,6.227532864,1.613939881,4.194984913,0.1790471595,0.445235968,0,0,0
17171,"Scott County, Illinois",IL,4899,70500.0,10.98,2.85,4.61,82.58,0.0652,0.4976,0.0264,0.0455,0.0512,9.4,38.3,30.7,22.3,15.4,5.4,18.8,12.7,13.8,7.5,11.6,7.9,66.50731659,19.82173157,4.675227165,12.94627762,0.1790471595,0.6513130965,0,0,0
17173,"Shelby County, Illinois",IL,21042,65585.0,10.27,3.96,5.06,85.36,0.0935,0.259,0.0099,0.2953,0.1069,9.6,37.6,31.1,22.6,15.8,5.6,19.0,12.9,13.8,7.6,11.5,7.8,21.42266655,5.970887661,2.676555872,6.812961578,0.18780224,0.469505608,0,0,0
17175,"Stark County, Illinois",IL,5395,58125.0,12.48,3.33,4.39,82.76,0.2059,0.2351,0.1457,0.014,0.0579,9.7,38.3,31.5,22.9,15.7,5.6,18.9,13.0,14.1,7.7,11.9,8.3,62.59046555,19.69325066,3.419356585,12.13503742,0.1790471595,0.6513130965,0,0,0
17177,"Stephenson County, Illinois",IL,44482,57527.0,13.34,5.33,8.56,84.81,0.4668,0.6621,0.5119,0.4537,0.5218,10.4,41.0,32.4,24.6,15.8,5.6,19.2,13.2,16.5,8.8,13.8,8.8,6.524307251,1.695927143,2.091482878,3.907142162,0.159704313,0.501927853,0,0,0
17179,"Tazewell County, Illinois",IL,131276,74606.0,8.71,3.92,5.76,87.49,0.1075,0.1311,0.1572,0.3204,0.1085,9.1,36.2,30.3,21.0,13.8,5.1,17.7,11.9,12.3,6.9,10.7,7.2,39.30905533,9.275466919,3.068146944,6.284501076,0.122345671,0.80289346,0,0,0
17181,"Union County, Illinois",IL,17122,54090.0,20.1,6.31,9.91,70.07,0.6631,0.4378,0.265,0.7063,0.602,10.9,39.8,33.0,26.0,17.6,6.2,19.5,14.2,17.9,9.3,14.1,9.9,7.865147591,2.900413036,2.873323441,8.199151039,0.363680452,0.66674751,0,0,0
17183,"Vermilion County, Illinois",IL,74113,52787.0,17.45,6.67,8.94,83.33,0.5116,0.8231,0.5679,0.6904,0.6806,11.7,44.1,36.7,27.5,17.8,6.2,19.8,14.5,20.1,10.3,16.1,10.2,22.91357803,8.477180481,3.342743874,6.730789185,0.160309926,0.561084747,0,0,0
17185,"Wabash County, Illinois",IL,11321,54074.0,13.34,4.38,10.46,81.21,0.2294,0.7712,0.1928,0.6045,0.4209,10.4,40.2,32.2,23.9,16.6,5.9,19.3,13.6,15.5,8.5,12.6,8.3,16.04257965,3.326522112,0.995947957,5.430100918,0.1790471595,0.714924037,0,0,0
17187,"Warren County, Illinois",IL,16760,62700.0,14.9,7.25,5.59,84.33,0.4661,0.7143,0.4973,0.4948,0.5441,10.3,37.9,31.6,24.0,15.4,5.6,18.6,13.2,15.9,8.4,13.2,10.1,9.000461578,2.848770857,1.294016957,4.583516598,0.239578336,0.419262111,0,0,0
17189,"Washington County, Illinois",IL,13781,75111.0,7.98,4.72,3.1,85.73,0.0885,0.1168,0.0379,0.0585,0.0347,9.0,36.7,30.0,20.6,14.2,5.2,18.2,12.1,12.2,6.9,10.7,7.2,11.7794838,3.58278513,1.575324535,6.133202076,0.435919791,0.508573115,0,0,0
17191,"Wayne County, Illinois",IL,16127,53522.0,13.94,3.63,8.0,76.88,0.4811,0.6468,0.0229,0.5772,0.4843,10.5,40.0,32.8,25.3,17.6,6.1,20.0,14.2,16.3,8.7,13.1,9.0,25.14866638,8.402411461,3.15411067,8.197542191,0.187137425,0.436653972,0,0,0
17193,"White County, Illinois",IL,13834,54605.0,15.32,3.51,7.31,76.71,0.4209,0.6577,0.0191,0.4193,0.3999,11.1,39.3,33.4,26.3,18.8,6.4,20.4,14.8,18.0,9.5,14.0,9.5,8.532649994,2.327661753,3.082123518,7.534054279,0.299311578,0.374139488,0,0,0
17195,"Whiteside County, Illinois",IL,55569,62828.0,11.65,4.42,5.22,83.63,0.2669,0.7652,0.4814,0.1661,0.3236,10.2,36.4,30.8,23.7,15.1,5.5,18.3,13.0,15.3,8.1,13.0,10.1,21.30784607,6.259333611,1.914357185,4.774759293,0.16466628,0.622072577,0,0,0
17197,"Will County, Illinois",IL,696774,103678.0,6.65,5.01,3.52,92.43,0.2062,0.3904,0.7706,0.1559,0.244,9.5,37.7,29.5,23.5,11.5,4.7,16.3,11.1,13.5,7.3,12.3,9.5,44.46630096,7.349663734,1.476715207,3.897893429,0.130676061,0.746305525,0,0,0
17199,"Williamson County, Illinois",IL,67120,60325.0,13.2,4.37,7.13,84.17,0.3038,0.6192,0.3388,0.4553,0.3948,10.0,39.9,32.0,22.8,14.9,5.6,18.4,12.8,14.5,7.9,12.1,7.9,32.29441452,12.31429386,4.098918915,9.4081707,0.135511562,0.798012495,0,0,0
17201,"Winnebago County, Illinois",IL,284591,61738.0,16.08,7.5,8.66,86.64,0.7502,0.8591,0.7127,0.5227,0.7728,11.7,42.2,33.9,25.9,15.9,5.8,18.8,14.0,19.5,10.0,16.0,11.2,26.41692734,7.274554253,1.790136814,4.186097145,0.195524275,0.782097101,0,0,0
17203,"Woodford County, Illinois",IL,38414,80093.0,7.46,3.28,3.38,87.71,0.0515,0.0795,0.0675,0.057,0.0175,8.6,37.3,29.6,19.3,12.6,4.9,17.2,11.4,10.5,6.2,9.4,6.5,32.56999969,4.687572479,2.011916161,4.410726547,0.131264597,0.525058389,0,0,0
18001,"Adams County, Indiana",IN,35827,61731.0,11.46,3.21,14.03,75.92,0.6411,0.2055,0.1654,0.7569,0.5355,12.1,42.1,35.5,27.1,20.1,6.6,20.3,15.3,17.8,9.1,13.2,10.4,17.51904678,4.746253967,9.09782505,4.248468876,0.111610256,0.502246141,0,0,0
18003,"Allen County, Indiana",IN,385456,66222.0,12.03,4.82,5.98,89.61,0.4426,0.699,0.6468,0.4435,0.5374,11.8,39.5,34.5,22.4,14.7,5.7,18.0,12.3,15.3,8.1,12.2,9.1,37.81700897,12.08793354,2.715008736,4.306740284,0.125592962,0.748324752,0,0,0
18005,"Bartholomew County, Indiana",IN,82371,76912.0,11.51,3.64,5.49,90.02,0.167,0.5492,0.5415,0.3484,0.287,11.0,38.9,34.0,23.3,15.1,5.6,18.0,12.6,13.6,7.2,10.4,8.6,36.42648697,10.48615932,2.057472229,5.792000771,0.130259216,0.793397069,0,0,0
18007,"Benton County, Indiana",IN,8709,58620.0,14.17,3.66,3.45,85.63,0.3738,0.9074,0.2587,0.0678,0.3369,11.9,42.4,35.2,26.8,19.1,6.4,20.0,14.6,16.6,8.7,12.7,10.2,1.729610324,1.103986859,1.6227175,9.261881828,0.1790471595,0.343210161,0,0,0
18009,"Blackford County, Indiana",IN,12074,51108.0,17.02,5.52,9.72,84.2,0.6748,0.5972,0.0675,0.2975,0.4801,12.7,44.2,36.9,28.7,21.5,6.9,21.0,15.6,18.9,9.7,13.9,10.0,15.16388798,7.543806076,2.609454155,6.818353653,0.339500934,0.594126642,0,0,0
18011,"Boone County, Indiana",IN,71235,103038.0,5.76,3.09,2.07,93.0,0.0251,0.2526,0.3446,0.0366,0.0331,9.3,32.4,30.5,18.3,11.4,4.7,15.7,10.7,9.1,5.3,7.9,6.1,17.9331646,2.465028524,1.009934187,2.283043385,0.12978211,0.6200701,0,0,0
18013,"Brown County, Indiana",IN,15513,73933.0,8.17,3.86,3.53,87.28,0.2055,0.3261,0.0544,0.2542,0.1712,10.3,35.6,33.3,22.7,16.3,5.6,18.5,12.7,12.0,6.7,9.9,7.6,2.9533391,1.061094642,1.918843627,5.462632179,0.19851774,0.33086288,0,0,0
18015,"Carroll County, Indiana",IN,20397,61464.0,7.28,3.09,3.87,80.39,0.2097,0.2084,0.1753,0.0458,0.0821,10.9,41.4,34.3,25.6,17.8,6.0,19.5,13.8,14.2,7.5,11.3,9.2,1.902977228,0.441859961,2.740561008,2.767126322,0.197745696,0.444927812,0,0,0
18017,"Cass County, Indiana",IN,37820,55862.0,13.88,4.19,5.53,81.23,0.4528,0.8479,0.5797,0.3961,0.5587,12.7,47.3,35.9,29.8,18.7,6.4,19.4,14.8,18.8,9.4,14.2,13.0,6.284608841,2.685312986,2.144387484,3.852262735,0.187225848,0.748903394,0,0,0
18019,"Clark County, Indiana",IN,121484,69005.0,9.7,3.72,4.6,85.61,0.2654,0.4171,0.504,0.3411,0.3093,10.9,43.5,36.4,24.0,16.5,5.7,18.2,13.1,14.3,7.6,11.6,8.5,19.34316254,4.465283871,1.35093689,2.064397335,0.067076951,0.846846521,0,0,0
18021,"Clay County, Indiana",IN,26396,68364.0,10.92,4.29,3.26,86.12,0.1444,0.4496,0.0675,0.2873,0.1718,11.5,42.9,36.0,26.1,18.2,6.1,19.5,14.1,14.8,7.8,11.3,8.5,21.29577065,5.555626392,1.757053375,6.3001647,0.114303134,0.495313585,0,0,0
18023,"Clinton County, Indiana",IN,33020,59515.0,8.95,3.43,4.83,82.42,0.335,0.587,0.5202,0.2094,0.3443,11.7,40.4,34.6,27.3,17.8,6.0,18.9,14.1,16.9,8.5,13.4,12.2,4.844373703,1.180536866,1.472762823,2.586494446,0.124200456,0.683102548,0,0,0
18025,"Crawford County, Indiana",IN,10511,46706.0,21.95,3.61,5.3,66.77,0.5899,0.1247,0.0407,0.3449,0.3124,13.5,43.0,37.9,30.9,23.7,7.6,21.8,16.7,21.3,10.8,15.0,11.1,15.60542679,5.492224693,4.266116619,12.5198822,0.1790471595,0.6513130965,0,0,0
18027,"Daviess County, Indiana",IN,33337,64113.0,9.64,1.89,13.63,79.84,0.5304,0.4136,0.328,0.9077,0.6239,12.0,41.7,35.5,29.4,20.3,6.5,20.6,15.5,18.4,9.1,13.3,11.1,6.404714108,2.653419971,10.99012089,3.199431896,0.149231464,0.447694361,0,0,0
18029,"Dearborn County, Indiana",IN,50709,80352.0,8.46,2.15,4.3,89.39,0.0662,0.1241,0.0337,0.071,0.0312,9.9,35.4,32.8,22.5,16.5,5.5,18.3,12.6,11.5,6.5,9.5,7.5,34.23010254,8.277560234,2.365518093,5.909635544,0.080282591,0.582048833,0,0,0
18031,"Decatur County, Indiana",IN,26432,71566.0,9.56,3.13,2.82,86.37,0.0725,0.0229,0.1094,0.0659,0.0159,10.4,37.5,33.5,25.2,16.8,5.7,19.1,13.2,13.1,7.0,10.5,8.3,13.91098881,4.251783371,2.217036486,5.674194336,0.188083053,0.752332211,0,0,0
18033,"DeKalb County, Indiana",IN,43312,68110.0,9.98,4.3,5.01,83.01,0.1667,0.2138,0.0821,0.2934,0.1384,10.8,43.5,34.1,24.6,17.0,5.8,19.2,13.4,13.3,7.2,10.7,8.4,28.97801399,8.849516869,3.918359995,6.316475868,0.114495076,0.641172409,0,0,0
18035,"Delaware County, Indiana",IN,112156,53377.0,20.63,6.11,7.73,86.14,0.7226,0.2116,0.413,0.7903,0.6309,12.9,38.9,35.8,25.6,19.0,6.5,20.5,14.8,17.3,9.3,13.6,8.7,34.03365707,12.83463573,3.74323678,7.383228779,0.105769739,0.793273032,0,0,0
18037,"Dubois County, Indiana",IN,43584,68945.0,9.65,1.85,4.91,84.9,0.0697,0.461,0.335,0.3067,0.1619,10.7,39.9,32.6,23.7,15.7,5.7,18.0,13.0,13.2,7.2,10.8,9.4,19.82676506,3.656330585,1.147753835,1.411478162,0.235061824,0.822716355,0,0,0
18039,"Elkhart County, Indiana",IN,206841,63978.0,12.01,3.81,8.36,87.28,0.7245,0.7852,0.6287,0.819,0.8132,12.2,44.1,35.7,25.9,17.4,6.2,19.6,14.6,18.2,9.3,14.8,12.9,31.72100639,8.718403816,3.282151222,3.08045435,0.194023117,0.727586687,0,0,0
18041,"Fayette County, Indiana",IN,23391,52219.0,16.37,4.54,7.65,82.41,0.7022,0.8454,0.1037,0.4703,0.6293,12.3,44.8,36.7,27.9,20.8,6.8,20.9,15.3,17.8,9.2,13.2,9.9,19.56399536,7.729690075,2.557602167,8.912488937,0.1790471595,0.829984248,0,0,0
18043,"Floyd County, Indiana",IN,80191,75686.0,9.37,3.9,5.71,85.24,0.1333,0.412,0.3888,0.2641,0.1915,10.6,37.4,34.7,23.9,15.1,5.5,18.7,12.6,12.9,7.0,10.5,7.6,23.99036407,5.464637756,1.683390021,2.558559418,0.088679433,0.861457407,0,0,0
18045,"Fountain County, Indiana",IN,16468,60559.0,12.06,5.2,4.62,85.92,0.4629,0.7318,0.0821,0.0795,0.2924,11.2,42.4,34.8,26.4,18.9,6.2,19.9,14.5,15.1,8.0,11.7,9.0,8.402619362,2.849760771,2.775228262,7.670476437,0.423959792,0.666222513,0,0,0
18047,"Franklin County, Indiana",IN,22850,75985.0,7.35,2.14,7.12,81.96,0.0872,0.2335,0.015,0.3996,0.1199,10.7,40.5,34.2,24.3,17.1,5.7,19.0,13.3,13.0,7.1,10.4,8.0,7.439126968,3.175939083,3.176469564,6.727408886,0.219674006,0.702956796,0,0,0
18049,"Fulton County, Indiana",IN,20420,62644.0,14.79,7.16,5.95,85.66,0.6577,0.6293,0.2854,0.3802,0.5415,11.5,41.7,34.9,26.9,19.1,6.3,19.9,14.6,15.9,8.3,12.3,9.9,10.89033508,4.211261272,2.983972311,4.12199831,0.299730241,0.499550402,0,0,0
18051,"Gibson County, Indiana",IN,33006,64153.0,9.97,2.79,3.93,85.88,0.0986,0.3548,0.2536,0.616,0.2342,10.8,39.4,33.9,24.6,18.0,6.0,19.5,13.7,14.2,7.7,11.4,8.4,4.581583023,1.610223532,2.242698431,4.463668346,0.177383587,0.620842576,0,0,0
18053,"Grant County, Indiana",IN,66560,53033.0,19.06,7.31,7.94,84.37,0.6965,0.6666,0.4537,0.8683,0.7649,13.0,42.2,37.3,28.3,19.1,6.6,20.3,15.0,18.1,9.3,13.8,9.7,17.24259377,8.250734329,2.5484972,5.351669788,0.091989271,0.766577244,0,0,0
18055,"Greene County, Indiana",IN,30900,57771.0,13.97,6.7,6.05,78.97,0.6491,0.5514,0.0299,0.5332,0.5275,11.6,40.4,35.4,26.6,19.8,6.5,20.2,14.5,15.9,8.3,11.9,9.2,14.19507504,5.971648216,2.379056931,7.307692528,0.155265033,0.403689086,0,0,0
18057,"Hamilton County, Indiana",IN,349527,114866.0,4.23,2.72,2.23,95.73,0.0064,0.2682,0.5081,0.034,0.0302,8.6,31.9,29.6,15.7,9.3,4.4,14.2,9.1,7.6,4.8,6.9,5.4,51.31670761,5.483727932,1.104366183,1.684373736,0.092958942,0.795960963,0,0,0
18059,"Hancock County, Indiana",IN,80170,85262.0,4.91,2.7,2.98,91.47,0.0598,0.1085,0.2781,0.0178,0.0185,9.5,39.5,33.4,19.8,13.6,5.0,17.2,11.7,10.1,6.0,9.1,7.0,36.12319565,8.453249931,1.782606721,3.688033104,0.050280944,0.502809465,0,0,0
18061,"Harrison County, Indiana",IN,39684,71302.0,7.6,3.84,4.77,79.99,0.1117,0.09,0.0544,0.3815,0.1009,10.2,42.2,33.4,23.0,16.3,5.7,19.0,12.8,12.4,6.9,10.2,7.8,0.039656114,0.016849713,3.185147047,6.989385128,0.1790471595,0.442456126,0,0,0
18063,"Hendricks County, Indiana",IN,175639,95261.0,5.22,2.37,2.67,92.93,0.0334,0.2819,0.5148,0.168,0.0904,9.9,36.0,32.6,19.3,12.6,4.9,16.0,11.2,10.6,6.1,9.4,7.1,51.5453949,6.977471352,1.243059874,2.554263353,0.063491695,0.77921629,0,0,0
18065,"Henry County, Indiana",IN,48913,57632.0,13.72,4.52,4.42,84.91,0.3414,0.3121,0.1696,0.4521,0.3045,11.2,43.6,36.0,27.6,18.4,6.2,19.8,14.1,15.1,8.1,11.9,8.9,18.18729591,6.556213379,2.337095022,5.515593052,0.104095101,0.6037516,0,0,0
18067,"Howard County, Indiana",IN,83452,62014.0,12.09,5.85,6.56,86.63,0.4193,0.7238,0.4604,0.28,0.4505,11.8,36.8,35.0,26.4,18.6,6.0,19.3,13.9,15.6,8.4,12.5,8.7,26.96425629,10.43910313,2.416187525,5.039936543,0.145046651,0.979064941,0,0,0
18069,"Huntington County, Indiana",IN,36699,59894.0,11.12,3.38,3.17,83.14,0.1766,0.2052,0.1152,0.2428,0.1362,11.1,40.0,36.2,24.0,17.1,5.9,19.2,13.4,13.9,7.4,10.7,8.3,27.29800415,9.739058495,2.142989874,4.186497688,0.1790471595,0.796812773,0,0,0
18071,"Jackson County, Indiana",IN,46212,65609.0,12.45,2.71,5.8,80.63,0.3134,0.5956,0.4057,0.5972,0.4556,11.6,39.4,33.8,25.9,17.4,6.0,18.5,13.5,15.6,7.9,12.1,10.6,33.00910187,9.812482834,1.767979026,4.887187481,0.090452716,0.88191396,0,0,0
18073,"Jasper County, Indiana",IN,33045,77777.0,7.5,4.1,2.91,89.09,0.0939,0.4489,0.342,0.0659,0.1005,10.3,40.0,33.4,24.0,16.0,5.7,18.6,13.3,12.7,7.0,10.7,8.9,13.60258484,3.512600422,1.236542225,3.972408056,0.299043059,0.717703342,0,0,0
18075,"Jay County, Indiana",IN,20451,52231.0,13.51,4.38,9.7,79.71,0.5762,0.5749,0.0881,0.3964,0.4626,12.2,43.6,36.7,29.0,20.7,6.7,20.8,15.4,17.6,9.1,13.1,10.5,24.41493797,11.17205143,6.326057911,7.958325386,0.1790471595,0.538793087,0,0,0
18077,"Jefferson County, Indiana",IN,33057,57801.0,12.86,3.38,5.25,80.45,0.4633,0.531,0.2062,0.8848,0.5832,11.1,36.8,34.5,24.2,17.8,5.9,19.6,14.0,14.6,7.8,11.5,8.8,8.286190987,2.706967115,1.986555934,5.059195042,0.155714735,0.622858942,0,0,0
18079,"Jennings County, Indiana",IN,27610,66892.0,13.92,5.03,3.8,84.71,0.4645,0.497,0.0932,0.308,0.3573,11.9,40.8,36.1,26.8,19.7,6.3,20.2,14.7,15.7,8.3,12.3,9.4,25.24716949,10.17277431,3.149300098,9.143003464,0.1790471595,0.436125755,0,0,0
18081,"Johnson County, Indiana",IN,161952,82730.0,7.49,3.42,3.1,90.71,0.1451,0.1645,0.3977,0.1387,0.1117,10.7,38.6,35.1,21.9,14.2,5.2,17.4,12.0,11.7,6.3,9.8,7.3,31.38291931,5.840120316,1.362683892,3.474775791,0.049811028,0.765844584,0,0,0
18083,"Knox County, Indiana",IN,36148,58173.0,13.21,3.18,6.99,85.07,0.2953,0.7938,0.265,0.6561,0.497,11.4,37.7,35.1,24.5,18.5,6.2,19.7,14.3,15.2,8.1,11.9,8.7,8.577236176,1.930977583,1.423581481,4.024038792,0.1790471595,0.794041932,0,0,0
18085,"Kosciusko County, Indiana",IN,80442,70945.0,8.91,3.29,5.03,85.37,0.314,0.5797,0.3917,0.4311,0.3926,10.9,38.9,35.5,26.2,17.1,5.8,18.6,13.4,14.2,7.6,11.3,9.6,19.46721458,4.905826092,3.714110851,4.532814503,0.177242115,0.670988023,0,0,0
18087,"LaGrange County, Indiana",IN,40364,81658.0,5.66,3.19,27.32,66.2,0.4251,0.4782,0.1152,0.4862,0.3961,11.1,40.0,33.6,28.6,20.3,6.3,20.6,15.3,17.2,8.5,12.9,12.4,5.172517776,1.728478432,24.02956009,4.32369709,0.124629229,0.224332616,0,0,0
18089,"Lake County, Indiana",IN,497682,66375.0,14.72,6.69,7.63,86.63,0.6258,0.7824,0.8549,0.4731,0.7031,12.9,39.9,34.9,26.9,17.2,5.8,18.1,14.0,20.4,9.8,15.3,11.1,34.40982437,10.4362793,2.266422987,4.406692505,0.15383479,0.93121326,0,0,0
18091,"LaPorte County, Indiana",IN,112215,66854.0,14.72,4.95,5.25,87.0,0.4295,0.4155,0.5667,0.615,0.5046,12.5,37.1,36.9,26.8,17.9,6.1,19.0,14.1,16.9,8.7,13.4,9.9,23.96469307,8.33132267,3.32500124,7.499014378,0.127663836,0.647438049,0,0,0
18093,"Lawrence County, Indiana",IN,45113,64210.0,10.71,3.26,5.87,83.11,0.2529,0.3866,0.0757,0.574,0.2981,11.0,41.8,34.2,25.1,17.3,6.0,19.1,13.8,13.5,7.5,10.7,8.4,7.166318417,2.928334475,2.024749517,5.304439545,0.153859675,0.439599097,0,0,0
18095,"Madison County, Indiana",IN,130545,60060.0,14.14,5.51,6.62,86.15,0.5619,0.6643,0.4636,0.5689,0.5985,11.8,36.3,36.3,27.9,18.8,6.1,19.5,13.9,16.6,8.6,13.0,9.3,35.36664581,14.69691944,3.053187609,6.052817345,0.154224604,0.562919796,0,0,0
18097,"Marion County, Indiana",IN,971737,59504.0,15.36,5.55,8.22,87.24,0.8132,0.7814,0.8565,0.6287,0.826,12.8,38.4,38.0,24.4,15.2,5.8,17.8,13.4,18.7,9.6,14.5,10.7,32.56227493,12.23434639,2.467011452,4.402794838,0.171810105,0.847665489,0,0,0
18099,"Marshall County, Indiana",IN,46208,66016.0,10.83,3.0,6.12,79.15,0.4648,0.4617,0.3939,0.4473,0.4493,11.5,43.4,35.0,27.4,17.9,6.1,19.4,14.1,16.0,8.3,12.4,10.9,14.91217804,4.932480335,4.27823925,4.252069473,0.173505679,0.824151993,0,0,0
18101,"Martin County, Indiana",IN,9863,65489.0,14.14,1.9,3.66,81.53,0.1909,0.1228,0.0675,0.4365,0.1613,11.5,39.1,35.2,25.7,19.3,6.4,20.0,14.4,15.1,8.1,11.8,9.0,10.6302681,3.14086771,0.933299661,5.073794365,0.1790471595,0.694513321,0,0,0
18103,"Miami County, Indiana",IN,35952,59551.0,15.75,4.51,5.65,83.17,0.5021,0.2479,0.3748,0.4038,0.3904,12.5,44.2,36.2,27.2,19.5,6.7,19.6,14.6,17.2,9.0,13.2,10.1,19.00014877,9.780708313,1.820765257,7.214597225,0.254755437,0.481204718,0,0,0
18105,"Monroe County, Indiana",IN,140065,60308.0,20.69,5.81,7.54,89.37,0.5619,0.0076,0.4779,0.8877,0.4302,11.0,35.7,32.6,21.9,14.3,5.8,18.2,12.5,13.2,7.4,10.2,7.2,18.32712173,5.346059322,1.244933367,2.710147858,0.134935468,0.742145061,0,0,0
18107,"Montgomery County, Indiana",IN,38018,62937.0,12.72,3.97,5.83,87.61,0.3948,0.6475,0.2816,0.4846,0.455,11.2,39.5,35.0,27.2,18.1,6.2,19.1,14.0,15.5,8.1,12.0,9.6,10.36982822,3.765938997,1.508132577,4.344870567,0.208523393,0.808028162,0,0,0
18109,"Morgan County, Indiana",IN,71757,79134.0,8.5,3.98,2.99,88.09,0.1521,0.1712,0.0675,0.0566,0.0538,10.9,37.3,33.8,23.1,16.4,5.8,18.8,13.3,12.8,7.0,10.5,8.1,28.69270515,6.071430683,1.553361773,4.801860809,0.113142967,0.523286223,0,0,0
18111,"Newton County, Indiana",IN,13829,63673.0,12.65,9.65,3.11,88.85,0.566,0.7331,0.3388,0.0226,0.3229,11.4,43.3,34.6,26.5,18.6,6.2,19.5,14.5,16.1,8.3,12.5,10.5,14.57728672,5.404391289,3.323600054,8.354603767,0.1790471595,0.431437403,0,0,0
18113,"Noble County, Indiana",IN,47431,70286.0,7.25,3.38,9.29,83.23,0.3828,0.5883,0.4085,0.7502,0.5418,11.1,39.5,33.1,25.9,17.2,5.9,19.0,13.9,15.3,8.0,12.1,11.0,9.052998543,3.711179256,3.20717597,4.405189514,0.146345541,0.627195179,0,0,0
18115,"Ohio County, Indiana",IN,5974,66333.0,10.02,1.81,4.86,83.7,0.0869,0.4031,0.0579,0.4785,0.1734,10.5,39.2,33.4,23.9,16.9,5.8,19.1,13.2,12.9,7.1,10.4,8.0,0.0,0.0,1.4058007,4.333580971,0.1790471595,0.6513130965,0,0,0
18117,"Orange County, Indiana",IN,19768,60775.0,14.7,3.03,6.0,84.19,0.4601,0.8384,0.1339,0.692,0.5791,11.5,39.5,35.4,26.9,19.6,6.3,20.5,14.5,16.2,8.4,12.4,9.5,1.097332239,0.393880486,4.332779408,8.338225365,0.1790471595,0.610655963,0,0,0
18119,"Owen County, Indiana",IN,21361,57947.0,12.3,5.22,2.81,79.19,0.574,0.188,0.0299,0.1241,0.238,11.1,41.2,34.5,25.6,18.7,6.2,19.9,14.3,15.3,8.1,11.8,9.0,0.703386724,0.265570194,2.53376627,10.0303688,0.192003071,0.480007678,0,0,0
18121,"Parke County, Indiana",IN,16327,63393.0,15.55,5.62,8.16,76.21,0.7038,0.2307,0.0757,0.9472,0.6424,12.2,42.4,36.3,29.3,21.3,6.8,21.2,15.7,18.8,9.7,13.9,10.1,18.87968826,6.474342346,5.692957878,11.30316257,0.1790471595,0.23709324,0,0,0
18123,"Perry County, Indiana",IN,19186,58936.0,12.11,5.15,5.89,82.05,0.2084,0.0426,0.1457,0.9682,0.3182,11.1,37.5,35.8,24.5,18.6,6.2,19.2,13.7,14.1,7.7,11.3,8.9,28.61433029,7.065638065,2.033826828,4.136343956,0.1790471595,0.5742926,0,0,0
18125,"Pike County, Indiana",IN,12227,64182.0,10.98,3.62,3.46,76.66,0.1056,0.0436,0.0264,0.1944,0.0465,11.2,37.7,34.3,25.7,18.9,6.2,19.7,14.1,14.9,7.9,11.5,8.9,2.595131874,0.850871921,3.257298708,6.52257061,0.1790471595,0.242365494,0,0,0
18127,"Porter County, Indiana",IN,173355,82915.0,9.31,4.24,3.67,89.93,0.1473,0.1152,0.5148,0.2218,0.1374,10.6,39.8,34.3,24.5,14.7,5.4,17.7,12.6,13.0,6.9,10.9,8.7,40.44406891,7.945165157,1.155345798,3.591953278,0.08188092,0.731079638,0,0,0
18129,"Posey County, Indiana",IN,25226,75594.0,10.01,2.82,4.08,88.58,0.0331,0.0439,0.0525,0.0547,0.0092,10.0,40.0,33.2,21.3,15.6,5.5,18.4,12.5,11.6,6.6,9.9,7.3,31.64577293,8.393299103,2.04228282,4.392101288,0.158259153,0.395647883,0,0,0
18131,"Pulaski County, Indiana",IN,12498,56823.0,12.76,3.78,7.05,85.3,0.4257,0.5711,0.1753,0.3573,0.3866,11.4,38.7,35.1,26.6,18.8,6.3,19.8,14.3,15.4,8.1,12.0,9.5,9.482639313,3.563176632,1.811882973,9.094995499,0.1790471595,0.484339684,0,0,0
18133,"Putnam County, Indiana",IN,36942,70609.0,8.91,2.82,3.92,85.36,0.1129,0.0554,0.2364,0.6134,0.1502,11.1,39.1,34.1,24.2,17.3,5.9,18.8,13.3,13.6,7.5,11.1,8.3,11.94150448,3.539119482,1.702960134,6.4363904,0.106754914,0.50708586,0,0,0
18135,"Randolph County, Indiana",IN,24586,59674.0,13.04,5.64,5.49,81.78,0.4321,0.881,0.2164,0.4101,0.5113,11.5,38.7,34.9,27.2,19.4,6.4,20.0,14.5,16.1,8.5,12.6,9.7,17.64956093,7.85722971,2.227894306,8.085212708,0.16535075,0.413376868,0,0,0
18137,"Ripley County, Indiana",IN,28990,70285.0,9.62,3.35,4.76,83.22,0.2017,0.1654,0.0544,0.5447,0.2062,10.2,36.1,33.2,23.6,17.2,5.7,19.1,13.1,12.9,7.1,10.5,8.2,4.334608078,0.812497616,2.482520342,3.881411791,0.246062994,0.527277827,0,0,0
18139,"Rush County, Indiana",IN,16716,62386.0,11.71,6.26,4.21,80.8,0.5791,0.1604,0.0525,0.0843,0.2125,11.5,39.0,34.6,26.0,19.0,6.3,20.0,14.4,15.6,8.2,11.9,8.8,12.95516968,4.433562279,2.055468082,5.421106815,0.180190995,0.600636661,0,0,0
18141,"St. Joseph County, Indiana",IN,272388,61877.0,14.42,4.82,6.83,85.77,0.5167,0.5358,0.6567,0.6882,0.6134,11.7,36.0,35.1,26.1,15.6,5.7,19.3,13.0,16.0,8.5,13.0,9.2,31.75575066,8.158717155,1.630080342,2.638850689,0.17312254,0.747742057,0,0,0
18143,"Scott County, Indiana",IN,24403,49343.0,15.77,4.83,4.41,81.44,0.6723,0.5052,0.0983,0.6662,0.5807,11.8,41.8,36.2,28.6,20.0,6.4,20.7,15.0,16.9,8.8,12.7,9.9,17.95147514,9.841075897,3.238792181,7.999037266,0.126114011,0.840760052,0,0,0
18145,"Shelby County, Indiana",IN,44940,66449.0,12.94,3.3,5.38,85.59,0.2641,0.3427,0.2364,0.4528,0.2832,11.3,41.0,35.1,24.8,18.1,5.9,19.4,13.9,14.4,7.6,11.5,9.0,16.5880146,4.856451035,1.246216416,3.901558399,0.111430548,0.579438865,0,0,0
18147,"Spencer County, Indiana",IN,19935,66168.0,7.21,3.34,3.81,78.56,0.0665,0.1063,0.1037,0.097,0.0369,10.4,39.5,34.4,22.4,16.2,5.7,18.6,12.9,12.1,6.8,10.1,7.8,0.136355817,0.013438729,1.949758172,5.495235443,0.197775036,0.64276886,0,0,0
18149,"Starke County, Indiana",IN,23308,59916.0,13.58,4.02,5.35,81.81,0.4658,0.4413,0.2109,0.1355,0.2829,11.8,42.1,35.0,27.5,20.3,6.5,20.5,14.9,17.0,8.7,12.8,10.1,2.045055628,1.279719353,2.880340338,7.205905914,0.130157486,0.390472472,0,0,0
18151,"Steuben County, Indiana",IN,34507,68837.0,9.31,7.07,5.07,83.89,0.2297,0.0538,0.1753,0.4582,0.1651,10.6,35.4,33.3,23.3,16.4,5.8,18.7,13.2,13.0,7.1,10.6,8.4,30.86360168,11.45921421,2.94743371,4.192007542,0.143550292,0.602911174,0,0,0
18153,"Sullivan County, Indiana",IN,20791,54556.0,12.17,5.04,4.67,78.96,0.4992,0.5476,0.2536,0.7887,0.574,12.0,43.4,37.1,27.2,20.2,6.7,19.5,14.8,17.3,9.0,13.1,9.7,15.87148476,5.43415308,2.795515537,8.726156235,0.145786762,0.437360287,0,0,0
18155,"Switzerland County, Indiana",IN,9896,66525.0,16.61,4.41,6.87,75.26,0.6379,0.7432,0.0757,0.5514,0.5886,11.7,39.9,36.3,27.9,20.5,6.6,20.5,15.0,16.9,8.7,12.8,10.1,4.594595909,3.114325762,2.582959175,7.558785915,0.279746354,0.6513130965,0,0,0
18157,"Tippecanoe County, Indiana",IN,186955,55728.0,19.15,3.57,8.63,88.26,0.5107,0.0477,0.6211,0.8594,0.5087,11.6,30.8,33.5,22.6,15.2,6.1,17.5,12.9,15.0,8.0,11.9,8.8,40.16163254,17.43690681,3.35436821,2.669748783,0.117278129,0.724064946,0,0,0
18159,"Tipton County, Indiana",IN,15328,71947.0,12.07,3.85,1.18,87.6,0.1849,0.0617,0.0821,0.0325,0.0382,10.4,36.5,32.9,22.8,16.2,5.7,18.5,12.9,12.6,6.9,10.2,7.8,22.38351822,7.321813107,1.557811141,4.238957405,0.1790471595,0.525382519,0,0,0
18161,"Union County, Indiana",IN,7041,68514.0,6.04,5.13,4.05,84.62,0.3169,0.1903,0.0757,0.0267,0.0897,10.1,37.4,32.7,22.5,16.2,5.5,18.9,12.8,12.0,6.7,10.0,7.6,0.0,0.0,2.535172462,4.774030685,0.1790471595,0.561876655,0,0,0
18163,"Vanderburgh County, Indiana",IN,179900,58839.0,14.26,4.68,8.02,88.13,0.5415,0.4518,0.4948,0.636,0.5612,11.2,38.6,35.1,25.4,16.8,6.0,19.3,13.6,15.5,8.3,12.1,8.4,37.90548706,11.61401176,2.0740273,3.518836498,0.186355487,0.942739546,0,0,0
18165,"Vermillion County, Indiana",IN,15488,59567.0,14.87,7.45,3.97,86.4,0.3777,0.7626,0.0264,0.3598,0.391,11.5,40.4,35.3,26.0,19.0,6.4,20.0,14.4,15.2,8.1,11.8,8.6,4.743662357,1.697897434,2.045559883,5.522475719,0.195707485,0.456650794,0,0,0
18167,"Vigo County, Indiana",IN,106355,52789.0,19.95,6.05,7.08,86.36,0.776,0.3185,0.434,0.8711,0.7286,12.8,42.6,36.3,25.6,19.1,6.6,20.0,14.6,17.5,9.2,13.6,9.1,38.79411697,19.99116707,5.770537853,10.12753963,0.140702382,0.834834158,0,0,0
18169,"Wabash County, Indiana",IN,31032,66194.0,10.97,3.51,4.36,85.13,0.1775,0.1947,0.1276,0.2905,0.147,10.8,38.4,33.7,24.8,17.5,5.9,19.4,13.5,14.3,7.5,11.1,8.5,18.24990082,7.177343845,2.946379662,4.586915016,0.162422031,0.779625773,0,0,0
18171,"Warren County, Indiana",IN,8454,72833.0,12.55,3.14,2.87,87.56,0.0646,0.1849,0.0544,0.0477,0.0315,10.9,41.4,33.7,24.7,17.8,6.0,19.5,13.6,13.8,7.5,11.0,8.4,6.403787136,1.704590917,1.929267406,6.701503754,0.1790471595,0.6513130965,0,0,0
18173,"Warrick County, Indiana",IN,64065,91105.0,6.06,3.34,1.92,90.42,0.0099,0.2084,0.2587,0.0465,0.0194,9.5,33.8,30.5,19.9,13.1,5.0,17.3,11.2,9.5,5.7,8.4,6.4,38.61706161,6.89509964,1.62029016,3.542292833,0.094833173,0.426749289,0,0,0
18175,"Washington County, Indiana",IN,28133,60695.0,13.11,4.18,6.14,78.94,0.4594,0.4696,0.0229,0.3268,0.3382,11.9,41.0,36.9,27.1,20.0,6.5,20.2,14.9,16.4,8.7,12.5,9.4,9.224858284,3.129981041,4.342960835,8.884645462,0.141778618,0.425335824,0,0,0
18177,"Wayne County, Indiana",IN,66522,54854.0,16.05,4.5,8.12,85.02,0.7035,0.9084,0.377,0.63,0.7515,12.1,38.2,35.9,27.3,19.8,6.5,20.8,14.7,17.6,9.1,13.4,9.4,34.43942261,16.62986946,4.676553249,9.111709595,0.106418557,0.668916643,0,0,0
18179,"Wells County, Indiana",IN,28167,68074.0,6.37,2.43,3.25,82.79,0.064,0.293,0.1457,0.0878,0.0531,10.4,41.9,34.3,24.2,16.8,5.7,18.8,13.0,13.1,7.0,10.6,8.3,33.23987961,12.67487907,3.361003876,6.605233669,0.1790471595,0.568545222,0,0,0
18181,"White County, Indiana",IN,24630,65345.0,8.69,4.42,2.49,87.75,0.2851,0.6058,0.3484,0.0773,0.2221,11.4,44.7,33.7,26.1,16.9,5.9,18.9,13.7,14.8,7.8,11.9,10.1,2.005925894,0.398432225,1.945603728,4.947172642,0.124146491,0.66211462,0,0,0
18183,"Whitley County, Indiana",IN,34259,73636.0,9.14,4.04,3.71,88.63,0.1588,0.2014,0.1339,0.0732,0.0735,10.2,39.4,32.8,22.7,16.1,5.7,18.6,12.9,12.5,6.9,10.4,8.0,4.540975094,1.214859486,2.203338385,3.867373466,0.116353482,0.610855758,0,0,0
19001,"Adair County, Iowa",IA,7479,63172.0,10.08,3.89,4.53,79.62,0.1133,0.1861,0.0881,0.0872,0.0554,9.9,40.1,32.4,25.9,17.3,5.8,18.3,12.7,13.3,7.5,10.5,7.6,8.036211014,2.305078745,2.495132446,7.809426785,0.1790471595,0.566652477,0,0,0
19003,"Adams County, Iowa",IA,3680,64750.0,9.47,4.24,4.4,84.04,0.1257,0.3484,0.0821,0.1098,0.091,9.5,39.2,31.1,24.9,16.4,5.5,17.9,12.3,12.2,7.0,9.8,7.1,6.422805786,2.007670164,0.861305058,4.196073532,0.1790471595,0.836120427,0,0,0
19005,"Allamakee County, Iowa",IA,14046,64049.0,11.62,3.17,3.97,83.28,0.1505,0.5982,0.3166,0.2269,0.2164,9.8,42.5,31.8,25.3,16.8,5.8,18.2,12.7,13.7,7.6,11.1,8.8,10.87645721,3.478602648,1.54496181,4.40545702,0.36651516,0.219909102,0,0,0
19007,"Appanoose County, Iowa",IA,12279,50684.0,17.35,6.13,6.46,81.94,0.6634,0.3783,0.1094,0.3738,0.4547,11.5,43.5,35.2,29.0,20.4,6.6,19.6,14.5,17.2,9.2,12.3,8.8,15.74483871,5.489305019,2.4234519,5.589208126,0.32180208,0.724054694,0,0,0
19009,"Audubon County, Iowa",IA,5651,54973.0,11.84,0.67,7.06,82.37,0.0846,0.3843,0.0579,0.0706,0.0611,9.8,37.8,31.4,25.2,17.0,5.8,18.3,12.8,13.4,7.6,10.7,7.8,7.412939548,2.354763508,2.594257116,4.868894577,0.1790471595,0.6513130965,0,0,0
19011,"Benton County, Iowa",IA,25652,79444.0,8.3,2.35,3.24,87.63,0.0092,0.125,0.0474,0.0283,0.007,8.6,40.6,30.1,22.1,15.2,5.2,17.2,11.6,10.5,6.3,8.8,6.5,16.97654915,4.280114651,1.852318525,4.049282551,0.118045174,0.196741953,0,0,0
19013,"Black Hawk County, Iowa",IA,131041,62329.0,15.7,5.23,7.29,86.94,0.4308,0.441,0.5383,0.7992,0.5667,10.8,42.0,32.4,23.5,16.9,5.7,17.2,12.0,13.5,8.0,10.3,7.4,27.52601814,9.466840744,1.669506073,3.871011734,0.206444114,0.764607847,0,0,0
19015,"Boone County, Iowa",IA,26700,75759.0,7.47,1.32,5.32,87.31,0.0204,0.0321,0.1152,0.252,0.0255,8.9,42.9,31.0,23.3,14.4,5.1,17.1,11.4,10.3,6.2,8.8,6.6,10.1113224,2.364555597,1.44342649,3.121659279,0.114168286,0.266392648,0,0,0
19017,"Bremer County, Iowa",IA,25012,84727.0,6.56,3.16,1.99,90.63,0.0045,0.0894,0.1225,0.1766,0.021,8.4,38.6,29.5,21.4,14.2,5.0,16.5,11.0,9.8,6.0,8.5,6.1,9.956210136,1.298171163,1.314592004,2.730575323,0.158034056,0.355576634,0,0,0
19019,"Buchanan County, Iowa",IA,20631,73493.0,8.63,3.01,6.21,85.55,0.077,0.2549,0.0407,0.1537,0.0655,8.9,37.4,30.5,22.6,15.6,5.2,17.3,11.7,11.0,6.4,9.3,6.8,14.13348389,3.380545855,4.26855278,6.368079185,0.234885141,0.375816226,0,0,0
19021,"Buena Vista County, Iowa",IA,20687,62662.0,7.08,5.01,4.26,89.03,0.4123,0.6055,0.8263,0.7366,0.6258,11.7,38.9,31.6,29.7,16.2,6.0,16.9,13.3,19.1,9.5,14.8,13.2,16.62055969,5.61740303,1.846808195,5.282615185,0.252882868,0.455189168,0,0,0
19023,"Butler County, Iowa",IA,14376,65743.0,11.83,3.91,3.36,83.51,0.0827,0.1747,0.0407,0.0375,0.0325,9.5,39.3,31.6,25.7,16.4,5.6,17.9,12.5,12.4,7.1,10.0,7.3,6.878715038,1.907413602,1.663762093,5.597258091,0.209307194,0.6513130965,0,0,0
19025,"Calhoun County, Iowa",IA,9893,65614.0,9.04,2.71,3.09,87.64,0.036,0.3398,0.1696,0.2593,0.092,9.6,40.3,30.8,24.5,16.4,5.6,17.6,12.2,12.4,7.2,10.2,7.4,29.88311005,8.849547386,2.036823988,5.746340275,0.316689551,0.6513130965,0,0,0
19027,"Carroll County, Iowa",IA,20728,68041.0,7.8,1.92,6.54,85.32,0.0344,0.2736,0.1409,0.2819,0.0815,9.3,40.0,30.8,25.2,15.9,5.4,17.6,12.3,12.1,7.0,9.8,7.3,8.913966179,1.991640449,0.747940302,2.595396519,0.251079649,0.753238916,0,0,0
19029,"Cass County, Iowa",IA,13116,60815.0,15.34,1.39,6.32,82.38,0.2609,0.3738,0.0881,0.2704,0.2144,10.5,41.0,32.3,26.3,18.2,6.0,18.6,13.4,14.4,8.1,11.1,8.1,28.74804878,9.127362251,1.161900163,5.132696629,0.390106887,0.624171019,0,0,0
19031,"Cedar County, Iowa",IA,18479,76959.0,7.83,3.01,3.29,84.64,0.0146,0.0694,0.0675,0.0496,0.0089,9.2,40.5,30.2,23.6,15.4,5.2,17.7,11.9,11.2,6.6,9.4,6.9,22.55412292,4.835873127,1.550038338,3.53935647,0.1790471595,0.378685415,0,0,0
19033,"Cerro Gordo County, Iowa",IA,42979,63149.0,9.33,2.97,5.78,86.59,0.0738,0.14,0.314,0.4531,0.1343,9.5,40.5,30.5,24.9,16.3,5.5,17.9,12.1,12.4,7.1,10.2,7.6,21.62915039,5.473159313,1.41949749,3.169522524,0.261264056,0.950051069,0,0,0
19035,"Cherokee County, Iowa",IA,11601,63638.0,13.34,3.19,7.62,83.39,0.1002,0.2103,0.265,0.4318,0.1546,10.2,41.0,32.1,27.4,17.2,5.8,18.3,12.9,14.2,7.9,11.1,8.4,23.29896545,6.033897877,1.545530677,4.995224953,0.268096507,0.893655062,0,0,0
19037,"Chickasaw County, Iowa",IA,11957,72734.0,6.31,2.12,3.33,84.23,0.0582,0.3961,0.0544,0.0436,0.0433,9.5,39.6,31.2,25.3,16.1,5.5,17.7,12.3,12.3,7.0,10.1,8.3,12.63006115,3.165715218,2.522571802,4.075650215,0.253506839,0.338009119,0,0,0
19039,"Clarke County, Iowa",IA,9737,63120.0,16.92,3.94,9.67,83.22,0.6262,0.9141,0.552,0.8371,0.8107,11.6,43.2,32.8,30.3,19.2,6.4,18.8,14.4,18.8,9.7,14.2,12.0,9.223778725,3.060964108,0.837098658,3.988875866,0.1790471595,0.53458786,0,0,0
19041,"Clay County, Iowa",IA,16423,61756.0,11.45,4.13,3.99,86.48,0.14,0.7407,0.1985,0.1199,0.1826,9.5,35.5,30.5,24.7,15.9,5.4,17.5,12.2,12.1,7.0,9.9,7.3,14.85280228,4.567575455,1.619609594,3.793699026,0.187781677,1.001502275,0,0,0
19043,"Clayton County, Iowa",IA,17123,60441.0,13.02,2.65,7.55,81.86,0.2883,0.6048,0.0407,0.2981,0.2752,10.1,41.2,32.6,27.9,18.7,6.0,18.7,13.4,14.7,8.1,11.2,8.3,2.506485701,1.064494848,3.239690542,6.778115273,0.346400321,0.635067284,0,0,0
19045,"Clinton County, Iowa",IA,46488,61080.0,12.41,4.38,6.61,84.0,0.2949,0.6281,0.2914,0.3446,0.3446,10.0,39.3,32.4,25.7,17.3,5.8,18.2,12.9,13.8,7.8,10.8,7.8,29.71593094,8.351933479,2.199717283,4.795069218,0.150888085,0.668218672,0,0,0
19047,"Crawford County, Iowa",IA,16450,61188.0,16.98,4.09,4.73,85.85,0.5231,0.979,0.7448,0.5186,0.7563,12.2,43.1,33.2,31.5,17.1,6.3,17.6,13.9,19.8,9.9,14.9,14.3,32.06416702,11.37749195,2.378470898,7.143770695,0.297017932,0.534632266,0,0,0
19049,"Dallas County, Iowa",IA,100367,99533.0,5.67,3.04,2.97,90.94,0.0121,0.2186,0.4814,0.1394,0.0515,8.5,32.4,28.5,19.2,10.7,4.4,14.6,9.8,8.3,5.3,7.7,5.6,22.07529068,2.39945817,1.443306088,3.070940256,0.154698178,0.721924841,0,0,0
19051,"Davis County, Iowa",IA,9093,77176.0,9.41,2.0,16.58,68.41,0.4508,0.5329,0.0337,0.6437,0.4585,9.7,37.8,31.8,26.8,18.1,5.8,18.8,13.4,14.1,7.7,11.0,9.3,10.91892719,3.328594685,9.629575729,6.542359352,0.331455082,0.6513130965,0,0,0
19053,"Decatur County, Iowa",IA,7684,56068.0,14.49,4.16,8.27,81.95,0.5234,0.1705,0.2364,0.8705,0.524,10.6,41.7,31.6,26.8,18.0,6.1,18.6,13.7,15.1,8.4,11.6,8.5,9.852791786,3.535215616,4.27507019,8.710829735,0.1790471595,0.386150092,0,0,0
19055,"Delaware County, Iowa",IA,17523,75896.0,6.64,2.19,5.18,85.17,0.0309,0.0805,0.0379,0.1406,0.0248,9.5,39.8,30.6,25.8,16.9,5.6,18.2,12.4,12.7,7.2,10.0,7.5,11.31129551,2.589884758,1.791668773,3.394930124,0.1790471595,0.354254007,0,0,0
19057,"Des Moines County, Iowa",IA,38824,58084.0,14.64,2.89,8.61,83.98,0.2192,0.7967,0.4273,0.4655,0.4174,9.8,34.8,29.8,26.5,16.5,5.5,18.2,12.6,14.0,7.7,11.3,7.8,30.06417084,7.835496426,2.079106331,5.336066246,0.155006722,0.981709182,0,0,0
19059,"Dickinson County, Iowa",IA,17692,72446.0,6.22,2.14,3.91,87.56,0.0296,0.3395,0.1152,0.1505,0.055,8.5,37.6,29.3,21.5,13.9,5.0,16.6,10.9,9.9,6.0,8.5,6.1,8.395184517,1.884021521,2.179507256,3.403286457,0.227933213,1.082682729,0,0,0
19061,"Dubuque County, Iowa",IA,98812,73495.0,9.95,4.12,5.79,88.51,0.1422,0.2148,0.3058,0.5762,0.2281,8.8,34.9,27.4,21.8,14.3,5.1,16.8,11.2,11.6,6.6,9.4,6.7,23.25174713,5.644055367,1.302324533,2.988601923,0.153704271,0.748027444,0,0,0
19063,"Emmet County, Iowa",IA,9349,64461.0,12.7,2.15,3.81,85.26,0.1887,0.6338,0.4699,0.1791,0.2494,10.0,43.2,32.1,26.2,17.0,5.8,18.1,13.0,14.2,7.9,11.5,9.5,31.3008461,11.07043552,1.009684324,4.762737751,0.329851568,0.549752593,0,0,0
19065,"Fayette County, Iowa",IA,19519,56043.0,11.83,3.74,4.67,83.3,0.3583,0.2851,0.2294,0.1629,0.2179,10.1,39.0,32.1,27.4,17.9,5.8,18.2,13.0,14.2,7.8,11.2,7.9,4.032167435,1.718670368,1.614363313,4.666008949,0.207705885,0.519264698,0,0,0
19067,"Floyd County, Iowa",IA,15601,62356.0,10.87,3.32,7.23,82.2,0.0802,0.2542,0.3086,0.2501,0.1196,9.8,40.0,31.0,25.4,16.9,5.7,18.2,12.5,13.2,7.5,10.7,7.8,22.23357964,6.291679382,3.218940973,3.240512133,0.258397937,0.322997421,0,0,0
19069,"Franklin County, Iowa",IA,10015,62214.0,13.75,3.78,3.85,81.72,0.2797,0.6487,0.4613,0.0414,0.2132,10.9,40.9,31.9,28.2,17.4,6.1,18.3,13.6,16.0,8.5,12.6,10.7,19.68704796,5.708234787,1.798798084,4.777094841,0.300872535,0.401163369,0,0,0
19071,"Fremont County, Iowa",IA,6639,69375.0,7.54,1.67,2.63,83.3,0.0337,0.1896,0.1508,0.0124,0.0146,9.3,40.0,30.6,23.4,15.9,5.4,17.8,12.1,11.7,6.8,9.7,7.1,75.99986267,25.56663513,3.719072104,10.90680218,0.1790471595,0.891662955,0,0,0
19073,"Greene County, Iowa",IA,8801,56884.0,11.53,3.56,4.69,86.24,0.104,0.6214,0.1572,0.2125,0.1664,9.8,36.0,30.9,25.8,17.3,5.6,18.4,12.9,12.8,7.4,10.4,7.6,18.57673645,4.548757076,2.114570618,9.03691864,0.1790471595,0.454803854,0,0,0
19075,"Grundy County, Iowa",IA,12351,80701.0,5.94,2.47,2.73,86.39,0.0029,0.0948,0.0379,0.0216,0.0029,8.6,37.5,29.2,22.1,14.3,5.0,17.2,11.2,9.7,5.9,8.5,6.2,0.0,0.0,1.03597486,2.647818089,0.327412635,0.6513130965,0,0,0
19077,"Guthrie County, Iowa",IA,10619,75795.0,10.12,3.29,3.3,85.57,0.0484,0.1203,0.1094,0.0353,0.0178,9.1,37.2,30.0,23.9,15.2,5.2,17.4,11.8,11.2,6.6,9.3,6.9,11.33162785,3.159692049,1.476229548,5.963851929,0.27940765,0.372543544,0,0,0
19079,"Hamilton County, Iowa",IA,14979,66685.0,7.78,3.98,5.55,83.31,0.0862,0.4146,0.3675,0.1712,0.1289,9.5,36.6,30.5,23.8,15.2,5.3,17.0,11.8,12.0,6.9,9.9,8.1,10.00475693,2.730852365,1.612651944,2.739934921,0.271813005,0.203859746,0,0,0
19081,"Hancock County, Iowa",IA,10790,67865.0,9.91,2.12,4.1,85.53,0.0401,0.3392,0.2294,0.1467,0.0713,9.6,42.5,30.8,26.5,16.3,5.5,17.6,12.5,12.6,7.1,10.1,8.0,9.641195297,3.461018324,1.51135385,3.958902597,0.285523951,0.571047902,0,0,0
19083,"Hardin County, Iowa",IA,16861,64656.0,8.41,3.48,5.19,81.09,0.119,0.2825,0.2399,0.3061,0.1514,9.9,39.2,31.6,25.2,16.9,5.6,18.0,12.5,13.1,7.5,10.6,8.0,8.575946808,2.394545794,1.830423117,2.530540943,0.361990958,0.42232278,0,0,0
19085,"Harrison County, Iowa",IA,14623,75830.0,7.61,2.74,4.33,83.46,0.049,0.0643,0.0474,0.2024,0.0388,9.7,35.0,30.7,24.0,16.1,5.5,17.7,12.2,12.0,6.9,9.9,7.2,19.7424202,5.833334923,1.782004118,5.107583046,0.287191272,0.717978179,0,0,0
19087,"Henry County, Iowa",IA,20436,62365.0,11.31,2.68,4.42,84.0,0.1174,0.4967,0.3847,0.273,0.2001,10.2,39.1,32.1,24.8,16.7,5.7,17.7,12.4,12.9,7.5,10.6,8.2,33.63263702,10.44979477,2.266133308,8.447693825,0.1790471595,0.456922382,0,0,0
19089,"Howard County, Iowa",IA,9479,63947.0,8.68,1.46,6.68,83.03,0.1282,0.2024,0.0474,0.1645,0.0846,9.7,38.2,31.0,24.6,17.2,5.7,18.2,12.6,12.9,7.3,10.3,8.0,37.79862976,10.17588997,1.385408878,3.023477077,0.1790471595,0.435919791,0,0,0
19091,"Humboldt County, Iowa",IA,9606,66617.0,13.34,2.54,5.32,82.93,0.0815,0.8285,0.2265,0.1868,0.1941,10.2,41.6,32.0,25.5,17.4,5.9,18.4,12.9,13.9,7.9,11.0,8.1,24.54718971,7.468500614,1.876418352,5.33954525,0.316689551,0.422252715,0,0,0
19093,"Ida County, Iowa",IA,6969,63125.0,11.52,2.01,4.34,85.38,0.0496,0.1995,0.1457,0.0999,0.0445,9.6,41.4,30.7,25.7,16.7,5.6,17.9,12.4,13.0,7.4,10.5,7.8,1.254435658,0.376580447,3.027738094,5.373427868,0.1790471595,0.585394382,0,0,0
19095,"Iowa County, Iowa",IA,16575,69787.0,9.13,3.16,2.88,87.23,0.0261,0.3245,0.1457,0.1228,0.0484,9.1,43.1,30.5,23.1,15.0,5.3,17.6,11.8,11.2,6.6,9.1,7.0,5.148017406,1.026150107,1.612873554,2.518280506,0.309827745,0.309827745,0,0,0
19097,"Jackson County, Iowa",IA,19470,69709.0,10.24,4.21,5.88,83.56,0.1225,0.0999,0.0627,0.2265,0.078,9.6,40.2,31.3,25.0,16.8,5.6,18.3,12.5,12.5,7.2,10.2,7.4,23.99578476,7.018029213,2.457784653,4.983255863,0.1790471595,0.416558176,0,0,0
19099,"Jasper County, Iowa",IA,37808,67784.0,8.82,4.84,4.08,87.52,0.1693,0.4423,0.1985,0.3134,0.2078,9.7,38.3,31.7,24.1,16.9,5.5,17.9,12.3,12.4,7.1,10.3,7.5,16.18694878,3.92773366,1.077904463,4.415699482,0.1615161,0.484548301,0,0,0
19101,"Jefferson County, Iowa",IA,15785,52210.0,13.97,5.21,8.28,84.98,0.5339,0.5463,0.4683,0.9001,0.6774,10.1,39.7,31.9,24.1,14.8,5.7,16.4,12.0,13.0,7.4,10.1,7.0,18.50899696,6.62417841,2.517096519,5.162082672,0.1790471595,0.545048237,0,0,0
19103,"Johnson County, Iowa",IA,153360,72977.0,16.88,3.84,7.59,89.66,0.3408,0.0213,0.5829,0.8855,0.3863,9.7,32.8,30.8,19.2,12.3,5.2,15.7,10.6,11.2,6.7,9.5,6.4,8.568649292,2.361925602,1.467633843,1.923330188,0.182125673,0.741511643,0,0,0
19105,"Jones County, Iowa",IA,20733,68781.0,11.41,3.11,4.18,85.82,0.0471,0.342,0.1985,0.2873,0.1082,9.4,39.6,30.6,24.0,16.4,5.5,17.7,12.1,12.4,7.1,10.1,7.4,15.59039974,4.739573002,1.835940599,3.663582325,0.194014654,0.291021973,0,0,0
19107,"Keokuk County, Iowa",IA,10026,60016.0,12.21,3.64,2.15,82.35,0.1623,0.5542,0.0264,0.0095,0.0633,10.4,41.5,32.8,26.7,18.2,5.9,18.8,13.2,14.0,7.8,11.0,7.8,25.41497803,7.688762188,2.044564724,8.762282372,0.297471493,0.396628648,0,0,0
19109,"Kossuth County, Iowa",IA,14718,62553.0,10.47,3.78,7.52,83.01,0.085,0.7168,0.1696,0.3099,0.203,9.7,38.9,29.9,24.4,15.9,5.5,18.0,12.2,12.5,7.1,10.1,7.6,18.71199226,4.141759872,1.575323582,4.867858887,0.408719361,0.476839244,0,0,0
19111,"Lee County, Iowa",IA,33442,58094.0,12.77,4.58,5.11,83.66,0.2504,0.4114,0.2781,0.336,0.2631,10.0,37.5,31.2,26.1,18.0,5.8,18.4,13.3,13.8,7.8,11.0,7.8,28.2858181,12.79090595,3.441553831,8.074594498,0.179211468,0.597371578,0,0,0
19113,"Linn County, Iowa",IA,229308,75457.0,9.48,3.81,5.13,90.84,0.1009,0.2984,0.4588,0.3999,0.1944,9.7,35.6,28.2,21.8,13.9,5.1,17.1,11.5,12.1,6.8,9.7,6.6,29.15248489,6.254566193,1.357899427,2.904058695,0.11410816,0.737314224,0,0,0
19115,"Louisa County, Iowa",IA,10823,72500.0,10.06,4.41,4.45,85.72,0.2106,0.5393,0.5679,0.2113,0.2676,10.1,40.0,30.3,27.2,16.0,5.5,17.3,12.5,14.5,7.7,11.7,10.4,1.139075398,0.324715912,4.081904411,6.282533646,0.272454828,0.6513130965,0,0,0
19117,"Lucas County, Iowa",IA,8666,63405.0,16.62,3.93,7.71,78.24,0.3239,0.7302,0.0544,0.3328,0.3458,10.6,39.8,32.5,26.9,18.9,6.2,19.0,13.6,14.9,8.2,11.5,8.6,27.53685379,9.606406212,3.692278862,7.212053776,0.1790471595,0.469593793,0,0,0
19119,"Lyon County, Iowa",IA,12023,73735.0,3.88,2.42,3.9,88.24,0.0105,0.2965,0.0675,0.0881,0.0286,9.8,42.6,32.4,26.0,16.6,5.5,18.5,12.6,11.0,6.5,9.3,7.8,12.76156712,2.47776866,1.455098271,3.791336298,0.425314724,0.6513130965,0,0,0
19121,"Madison County, Iowa",IA,16609,88110.0,6.14,2.27,4.17,85.61,0.006,0.0869,0.0821,0.0194,0.0035,8.5,36.6,28.8,21.6,14.1,5.0,17.1,11.3,9.8,5.9,8.5,6.3,19.7417984,4.005002499,1.289097667,3.57580328,0.18158707,0.242116094,0,0,0
19123,"Mahaska County, Iowa",IA,22059,65200.0,11.97,3.34,4.73,85.7,0.099,0.5161,0.182,0.2488,0.1575,9.7,39.0,31.6,27.1,17.1,5.7,18.2,12.7,13.0,7.4,10.4,7.4,25.56454468,8.377923965,2.422720432,5.748053074,0.178810909,0.536432743,0,0,0
19125,"Marion County, Iowa",IA,33487,74193.0,7.69,2.29,3.7,85.32,0.0248,0.2784,0.1094,0.4375,0.099,8.7,40.0,30.0,21.4,14.0,5.0,17.0,11.1,10.0,5.9,8.4,6.2,15.93783092,3.233866453,1.961993217,6.134257317,0.180897251,0.633140385,0,0,0
19127,"Marshall County, Iowa",IA,40049,70828.0,11.17,5.57,7.08,84.09,0.4149,0.6841,0.7003,0.8645,0.6799,10.8,44.4,30.6,27.4,15.5,5.6,16.8,12.9,15.7,8.2,12.7,11.5,28.09868813,9.615856171,2.516437054,5.436705112,0.278516263,0.557032526,0,0,0
19129,"Mills County, Iowa",IA,14605,81907.0,6.91,4.38,5.53,88.77,0.07,0.3054,0.1276,0.1709,0.0811,8.8,38.8,29.8,21.4,13.9,5.0,16.9,11.1,9.8,6.0,8.6,6.3,13.27684593,3.807106495,1.276821494,4.373295307,0.20316945,0.27089259,0,0,0
19131,"Mitchell County, Iowa",IA,10537,66056.0,6.7,0.91,5.06,87.48,0.1028,0.3433,0.0169,0.1362,0.085,9.3,40.4,31.0,24.3,16.0,5.5,17.6,12.1,11.8,6.9,9.7,7.3,22.25393105,8.605115891,2.886058569,2.668730021,0.375692695,0.281769514,0,0,0
19133,"Monona County, Iowa",IA,8671,59897.0,12.27,2.63,2.52,82.5,0.0999,0.4066,0.0983,0.1234,0.0951,9.9,42.7,32.0,26.0,17.2,5.7,18.7,12.8,13.6,7.7,10.9,7.7,16.34312057,5.014472961,1.26438272,4.839935303,0.1790471595,0.697836697,0,0,0
19135,"Monroe County, Iowa",IA,7574,76324.0,10.83,3.43,6.13,81.0,0.0932,0.1018,0.0675,0.5002,0.1203,9.1,38.1,30.7,23.8,15.9,5.4,17.8,12.0,11.6,6.7,9.5,7.0,8.881569862,2.299612284,2.290120125,6.3297019,0.1790471595,0.386100382,0,0,0
19137,"Montgomery County, Iowa",IA,10285,61261.0,14.49,4.46,4.5,80.73,0.1744,0.5406,0.2062,0.0869,0.1432,9.9,39.7,31.8,26.2,17.2,5.7,18.4,12.9,13.6,7.6,10.8,7.9,20.69611549,7.398060799,0.902593195,5.908347607,0.1790471595,0.603925526,0,0,0
19139,"Muscatine County, Iowa",IA,42968,67427.0,11.72,3.54,5.24,87.93,0.2173,0.8212,0.6077,0.5329,0.4792,10.3,41.4,31.0,28.1,16.2,5.6,18.0,12.7,15.0,8.0,12.0,10.5,16.99526787,5.562726974,0.995945275,2.960664034,0.141529456,0.896353245,0,0,0
19141,"O'Brien County, Iowa",IA,14138,65076.0,12.14,2.42,7.95,89.95,0.1234,0.6026,0.2733,0.784,0.3681,10.0,39.3,31.3,26.2,17.2,5.8,18.3,13.0,14.2,7.9,11.1,8.7,11.95119572,4.68076086,2.458271265,4.401763916,0.511733294,0.584838092,0,0,0
19143,"Osceola County, Iowa",IA,6149,67561.0,12.64,4.53,3.04,87.0,0.2593,0.776,0.3939,0.0665,0.251,10.6,40.1,31.8,27.8,18.0,6.0,18.3,13.5,16.0,8.5,12.4,10.3,29.64593124,8.181277275,2.197928905,4.747256756,0.1790471595,0.6513130965,0,0,0
19145,"Page County, Iowa",IA,15225,58264.0,13.43,6.55,6.31,84.96,0.3904,0.4327,0.265,0.4623,0.3878,10.6,42.8,34.0,27.2,18.6,6.1,18.3,13.3,15.1,8.4,11.7,8.6,10.654006,3.296415806,1.750186205,4.656818867,0.199031383,0.331718981,0,0,0
19147,"Palo Alto County, Iowa",IA,8938,67306.0,10.69,3.65,3.77,83.69,0.0745,0.371,0.2536,0.3188,0.1422,9.4,40.6,30.9,23.9,15.9,5.5,17.7,12.2,12.0,7.1,10.0,7.3,24.44960976,7.142982006,1.984660387,4.995961189,0.452232897,0.678349376,0,0,0
19149,"Plymouth County, Iowa",IA,25621,79963.0,5.67,2.11,3.89,88.64,0.015,0.4664,0.3016,0.1158,0.0624,9.0,39.4,29.7,23.1,14.9,5.1,16.9,11.4,11.1,6.5,9.5,7.4,15.89166355,3.182697773,1.927649736,3.192440748,0.158610567,0.753400207,0,0,0
19151,"Pocahontas County, Iowa",IA,7061,61434.0,9.06,6.3,4.02,85.18,0.2631,0.4836,0.2323,0.0417,0.1476,9.8,36.7,30.6,25.9,16.7,5.6,18.1,12.7,13.6,7.7,11.0,8.5,22.32505035,8.116189957,1.940155745,5.52869463,0.1790471595,0.454063863,0,0,0
19153,"Polk County, Iowa",IA,493378,78827.0,10.33,4.5,5.66,89.78,0.2431,0.5947,0.5994,0.595,0.4477,9.6,36.9,30.1,23.5,13.3,5.2,17.4,12.2,12.7,7.1,10.7,7.6,19.41256714,4.829691887,0.830265939,2.486027718,0.192198366,0.75665462,0,0,0
19155,"Pottawattamie County, Iowa",IA,93543,68718.0,11.33,3.55,6.42,83.83,0.2864,0.7448,0.4085,0.6312,0.4944,9.7,39.2,30.8,26.2,17.4,5.5,18.3,12.6,14.8,7.9,11.3,8.6,30.62080193,9.321336746,2.122298717,5.161692619,0.107148983,0.760757744,0,0,0
19157,"Poweshiek County, Iowa",IA,18608,61192.0,10.77,4.56,8.61,82.89,0.2132,0.0665,0.2364,0.6946,0.2348,9.5,42.2,31.0,24.7,16.2,5.5,17.8,12.2,12.8,7.2,10.3,7.5,6.12349081,1.275805116,0.711666942,2.596173048,0.272020012,0.544040024,0,0,0
19159,"Ringgold County, Iowa",IA,4690,67898.0,8.25,1.68,5.64,84.44,0.1018,0.7556,0.0821,0.3261,0.2176,9.1,43.0,30.4,23.6,15.5,5.3,17.6,11.9,11.6,6.6,9.4,6.9,10.91896534,3.190701723,1.257010698,5.619492531,0.1790471595,1.041449666,0,0,0
19161,"Sac County, Iowa",IA,9778,68778.0,8.68,3.18,4.2,83.99,0.0605,0.1941,0.1152,0.1814,0.0614,9.2,41.6,30.1,24.1,15.8,5.5,17.8,12.2,12.0,7.0,9.9,7.6,11.15406609,3.757833242,1.475941062,4.262408257,0.312402368,0.41653651,0,0,0
19163,"Scott County, Iowa",IA,174315,72792.0,11.9,3.97,6.5,88.03,0.1896,0.482,0.5581,0.4534,0.3252,9.4,40.6,29.3,23.2,14.3,5.2,17.2,11.9,13.3,7.2,11.2,7.2,13.87704849,3.453075647,0.885924995,1.790951133,0.132782191,0.860197663,0,0,0
19165,"Shelby County, Iowa",IA,11737,70295.0,8.79,2.45,2.68,82.69,0.0783,0.1193,0.1654,0.036,0.029,9.3,38.1,29.8,24.4,15.9,5.4,17.7,12.2,11.9,6.9,9.9,7.5,21.9498806,5.585528374,2.550953627,5.152105808,0.262467206,0.524934411,0,0,0
19167,"Sioux County, Iowa",IA,35815,81914.0,6.08,2.31,3.79,91.05,0.0509,0.2625,0.4057,0.3458,0.1311,8.9,34.5,30.5,23.0,14.0,5.1,16.4,11.5,11.3,6.5,9.7,8.3,1.549149275,0.380466968,0.76413554,2.039884329,0.256827325,0.599263787,0,0,0
19169,"Story County, Iowa",IA,98573,66197.0,19.63,5.57,6.59,78.02,0.4521,0.001,0.4839,0.6974,0.2364,9.8,35.0,31.0,22.2,13.8,5.4,16.1,11.3,11.4,6.8,9.4,6.3,23.14751244,10.48371506,1.416161656,2.691685677,0.1425125,0.773639262,0,0,0
19171,"Tama County, Iowa",IA,17017,65483.0,15.16,4.53,3.13,83.9,0.35,0.7292,0.5476,0.293,0.4384,10.7,40.4,31.4,27.8,17.8,6.0,18.4,13.5,16.2,8.8,12.7,10.0,15.37181759,6.664757729,1.696866155,5.599491596,0.357121587,0.357121587,0,0,0
19173,"Taylor County, Iowa",IA,5916,65926.0,8.54,3.21,4.18,82.43,0.1187,0.567,0.3503,0.0741,0.1292,10.0,40.0,32.3,26.4,17.0,5.7,17.9,13.0,13.5,7.5,11.0,9.0,4.204685688,1.072601676,1.829222202,4.394046307,0.1790471595,0.6513130965,0,0,0
19175,"Union County, Iowa",IA,12107,56495.0,11.89,5.74,6.27,84.05,0.3233,0.5991,0.1339,0.4887,0.3767,9.8,37.6,31.9,25.6,16.5,5.6,18.0,12.6,13.1,7.5,10.5,7.8,22.12738991,5.899898529,1.894474268,4.515357494,0.1790471595,0.575799942,0,0,0
19177,"Van Buren County, Iowa",IA,7207,58417.0,11.1,4.85,7.57,72.27,0.5724,0.4292,0.0229,0.2424,0.3608,10.5,39.5,32.8,27.3,19.2,6.2,19.1,13.9,15.1,8.3,11.4,8.6,24.27519798,8.400265694,5.310887814,9.852259636,0.565850914,0.6513130965,0,0,0
19179,"Wapello County, Iowa",IA,35292,56209.0,17.44,4.38,7.43,80.51,0.6478,0.922,0.5383,0.728,0.7852,11.5,41.9,31.8,29.6,18.3,6.1,18.3,14.0,17.0,9.2,13.3,10.4,50.37526321,23.13237953,5.650497913,14.12844276,0.200085744,0.800342977,0,0,0
19181,"Warren County, Iowa",IA,52709,89741.0,6.16,3.17,2.4,89.68,0.0137,0.2389,0.1654,0.3761,0.0741,8.4,38.7,29.0,21.0,12.8,4.7,16.3,10.7,9.1,5.6,7.9,6.0,28.17407227,3.984583616,1.348608017,2.989389658,0.076533049,0.497464836,0,0,0
19183,"Washington County, Iowa",IA,22534,71122.0,7.49,2.6,4.64,86.71,0.0948,0.6548,0.3016,0.1034,0.1397,9.6,38.8,31.6,24.6,15.6,5.4,17.5,12.4,12.2,7.1,10.0,8.2,8.885196686,3.000883579,1.012167811,3.106863499,0.181884319,0.272826493,0,0,0
19185,"Wayne County, Iowa",IA,6484,58257.0,13.32,1.58,7.47,76.73,0.3105,0.8626,0.0881,0.405,0.4168,10.0,41.2,31.6,27.0,18.2,6.0,18.9,13.4,13.9,7.8,11.0,8.2,39.98677826,16.89705467,7.630801678,10.10617828,0.1790471595,0.6513130965,0,0,0
19187,"Webster County, Iowa",IA,36986,65335.0,12.15,3.22,6.82,82.82,0.2039,0.2844,0.4273,0.6977,0.3439,10.1,42.2,33.1,26.6,17.1,5.7,18.0,12.5,14.1,7.8,11.1,8.3,32.32698822,11.99760532,2.248386145,5.945985794,0.166972786,0.584404767,0,0,0
19189,"Winnebago County, Iowa",IA,10704,62853.0,7.75,2.54,4.59,85.79,0.0286,0.6258,0.2914,0.2832,0.1403,9.3,39.3,31.0,23.4,15.4,5.4,17.4,12.0,11.8,7.0,9.9,7.5,7.821951389,2.84555912,0.540528476,2.160929918,0.389218658,0.291913986,0,0,0
19191,"Winneshiek County, Iowa",IA,20050,67770.0,8.93,2.06,4.36,85.3,0.0337,0.0821,0.0735,0.3423,0.0522,8.5,36.1,28.6,21.5,13.7,5.1,16.7,11.0,9.6,6.0,8.4,6.3,10.71243572,1.677182794,1.31815207,3.709965229,0.201389581,0.45312658,0,0,0
19193,"Woodbury County, Iowa",IA,105526,68399.0,13.51,4.49,6.2,84.55,0.4804,0.8766,0.6752,0.7276,0.7197,11.0,39.5,32.3,28.4,16.5,5.8,18.1,13.6,15.8,8.8,12.9,10.9,19.18579483,5.366591454,1.24943459,3.257843971,0.155131966,0.862921536,0,0,0
19195,"Worth County, Iowa",IA,7417,69897.0,7.37,3.27,4.8,84.29,0.0585,0.0802,0.1037,0.0675,0.0232,9.4,40.4,31.0,24.0,15.9,5.4,17.6,12.0,11.6,6.8,9.8,7.3,8.122254372,1.992641568,1.843310833,7.696756363,0.1790471595,0.6513130965,0,0,0
19197,"Wright County, Iowa",IA,12897,58240.0,14.28,2.2,8.02,80.03,0.1464,0.9742,0.4814,0.2351,0.3971,10.9,41.3,31.5,27.0,16.8,6.0,17.5,13.2,16.1,8.6,12.4,10.6,12.41837883,3.92117548,0.906504929,2.912934065,0.483247429,0.644329906,0,0,0
20001,"Allen County, Kansas",KS,12554,55059.0,15.19,7.27,7.61,81.33,0.5702,0.6433,0.3217,0.6115,0.5854,10.1,38.0,31.4,27.7,17.4,5.9,18.6,13.0,14.3,7.9,12.2,9.6,15.43868256,4.182612419,0.954633594,3.116326809,0.1790471595,0.403258324,0,0,0
20003,"Anderson County, Kansas",KS,7799,67651.0,13.17,3.33,6.22,72.73,0.5854,0.7595,0.1928,0.105,0.4085,10.2,40.3,32.8,28.0,18.8,6.1,19.0,13.4,15.2,8.1,12.5,10.3,18.50721741,5.626031876,3.15180254,3.456624746,0.377405971,0.377405971,0,0,0
20005,"Atchison County, Kansas",KS,16309,55281.0,14.48,4.46,6.95,81.82,0.3859,0.3535,0.3824,0.7181,0.4728,10.0,38.8,32.6,27.4,17.0,5.8,18.5,12.6,13.8,7.7,12.2,9.3,28.70120239,9.06200695,2.202364206,3.763837099,0.18732439,0.37464878,0,0,0
20007,"Barber County, Kansas",KS,4081,53774.0,20.32,2.42,5.99,82.95,0.42,0.7531,0.3847,0.476,0.5107,10.0,38.6,32.3,27.1,17.1,6.0,18.2,12.8,13.8,7.7,12.1,9.3,11.51422596,3.220516443,2.192435265,3.516388178,0.688389182,0.688389182,0,0,0
20009,"Barton County, Kansas",KS,25477,54634.0,14.47,4.12,5.76,83.93,0.5562,0.9847,0.5269,0.3716,0.7006,10.8,39.2,32.5,28.7,16.9,6.1,17.7,13.2,16.5,8.6,14.0,12.3,34.41383743,12.51300144,2.205512524,3.255485535,0.233845189,0.662561357,0,0,0
20011,"Bourbon County, Kansas",KS,14405,55826.0,12.79,3.8,3.66,83.63,0.4057,0.707,0.328,0.5647,0.5126,10.4,37.3,33.3,29.5,17.8,6.1,18.5,13.5,14.8,8.2,12.5,9.5,27.53731537,11.18207645,2.523010492,4.863003254,0.207828194,0.90058887,0,0,0
20013,"Brown County, Kansas",KS,9486,55876.0,14.49,4.41,4.69,82.72,0.3188,0.3258,0.5183,0.0544,0.1893,10.3,39.6,33.3,27.2,18.2,6.0,18.8,13.1,14.9,8.3,12.8,9.6,37.73703003,13.68288517,2.260246038,7.384868622,0.316388935,0.421851933,0,0,0
20015,"Butler County, Kansas",KS,67618,77724.0,7.91,3.14,3.57,87.7,0.0818,0.2173,0.3917,0.2927,0.1295,9.3,38.8,31.3,22.5,14.5,5.3,17.4,11.8,11.9,6.7,10.9,8.6,26.92323303,6.518217087,2.237878084,3.768698215,0.059708621,0.73143059,0,0,0
20017,"Chase County, Kansas",KS,2570,52481.0,8.76,1.19,4.6,78.87,0.2246,0.482,0.3503,0.216,0.2358,10.8,38.8,33.1,27.6,17.3,6.3,17.8,13.1,15.4,8.5,13.0,11.3,93.74360657,31.68824959,6.427837372,8.940719604,0.1790471595,0.6513130965,0,0,0
20019,"Chautauqua County, Kansas",KS,3389,51210.0,17.58,5.63,3.4,76.64,0.6557,0.5186,0.4613,0.4881,0.5781,11.3,40.9,34.3,30.6,20.1,6.8,19.7,14.5,18.0,9.8,14.6,11.5,36.63934708,17.57323265,4.934278488,8.747909546,0.1790471595,0.6513130965,0,0,0
20021,"Cherokee County, Kansas",KS,19380,53382.0,13.7,2.27,7.39,81.23,0.4598,0.5816,0.4018,0.4346,0.4718,10.6,43.7,32.8,28.8,19.3,6.4,19.3,14.1,16.4,9.2,13.4,10.1,46.42926025,17.92753792,4.240751743,7.539744854,0.203241706,0.558914661,0,0,0
20023,"Cheyenne County, Kansas",KS,2619,52730.0,15.24,1.76,2.65,83.84,0.4858,0.8056,0.3058,0.0213,0.2953,11.1,38.5,32.9,30.8,18.6,6.4,18.8,13.9,16.7,9.0,13.7,11.9,31.97620964,8.312076569,0.990979314,0.780650914,1.538461566,0.6513130965,0,0,0
20025,"Clark County, Kansas",KS,1977,58287.0,11.74,1.05,4.09,82.53,0.0528,0.9424,0.4445,0.1604,0.2354,9.5,37.2,31.1,25.1,14.5,5.4,16.9,11.9,12.7,7.1,11.5,10.3,100.0,33.3257103,1.940942526,5.823068142,0.1790471595,0.6513130965,0,0,0
20027,"Clay County, Kansas",KS,8088,57765.0,11.35,1.38,7.42,77.84,0.1814,0.8743,0.1985,0.7086,0.4636,9.7,39.8,32.3,25.8,17.3,5.8,18.0,12.6,13.2,7.5,11.7,9.2,30.79007721,8.359475136,0.676417947,2.168319225,0.373831779,0.747663558,0,0,0
20029,"Cloud County, Kansas",KS,9008,51197.0,11.95,4.66,6.26,79.44,0.4454,0.3611,0.2692,0.3137,0.3427,10.0,42.1,33.3,27.4,16.8,5.8,18.4,12.8,13.2,7.6,11.8,9.1,36.69281387,13.95636463,2.531594753,2.78603673,0.1790471595,1.041425586,0,0,0
20031,"Coffey County, Kansas",KS,8334,67645.0,11.24,5.28,4.85,87.13,0.2599,0.7477,0.1985,0.1798,0.2743,9.7,36.9,31.5,25.4,16.8,5.7,18.1,12.5,12.7,7.2,11.3,9.2,59.14782333,16.5524559,1.766649604,5.625443935,0.1790471595,0.367737204,0,0,0
20033,"Comanche County, Kansas",KS,1825,49754.0,8.71,3.83,3.87,80.17,0.125,0.8594,0.0264,0.3344,0.2577,9.7,39.8,31.7,26.5,16.1,5.7,18.1,12.6,12.8,7.3,11.6,9.7,17.82066154,3.22147274,0.368826538,0.795520544,0.1790471595,0.6513130965,0,0,0
20035,"Cowley County, Kansas",KS,34661,55726.0,13.96,5.35,6.16,82.58,0.5441,0.9411,0.5616,0.8164,0.7871,10.9,41.5,33.4,27.4,16.4,5.9,18.3,13.3,15.4,8.3,13.3,11.2,28.49446869,9.56525898,1.403851151,3.874581337,0.08663509,0.664202392,0,0,0
20037,"Crawford County, Kansas",KS,39012,49779.0,20.9,3.91,8.81,85.45,0.6023,0.4108,0.42,0.965,0.7213,10.8,38.8,34.9,27.9,18.1,6.4,18.5,14.0,15.8,8.8,13.5,10.2,30.11460495,12.76311398,3.331151009,6.99661541,0.154918671,0.645494461,0,0,0
20039,"Decatur County, Kansas",KS,2771,49412.0,12.25,4.94,2.95,84.82,0.1747,0.3913,0.1985,0.0115,0.0681,9.4,37.3,30.2,24.7,15.1,5.5,17.2,11.8,11.6,6.8,10.6,8.7,27.86965179,10.31860352,0.658011258,3.832872391,0.1790471595,0.6513130965,0,0,0
20041,"Dickinson County, Kansas",KS,18492,62971.0,8.84,3.05,5.91,84.68,0.168,0.4569,0.3166,0.1969,0.1884,9.3,39.4,30.9,26.4,15.3,5.5,17.8,12.3,12.1,6.9,11.1,9.1,14.04752445,4.966026783,2.071648359,3.883747339,0.328479141,0.547465265,0,0,0
20043,"Doniphan County, Kansas",KS,7501,66358.0,11.43,1.59,4.83,85.45,0.238,0.0185,0.3166,0.5921,0.1861,9.4,38.0,31.3,25.7,16.0,5.6,17.9,12.2,12.1,7.0,11.1,8.8,32.65597534,8.809876442,4.252314091,6.894572735,0.40021345,0.6513130965,0,0,0
20045,"Douglas County, Kansas",KS,119094,66153.0,16.29,4.79,6.55,90.36,0.4738,0.007,0.574,0.7964,0.3602,9.2,33.1,29.2,20.0,13.3,5.2,16.5,11.4,11.4,6.8,10.5,7.8,22.05111885,5.385684013,1.160604596,1.598030567,0.163225338,0.889578044,0,0,0
20047,"Edwards County, Kansas",KS,2849,52750.0,13.61,3.89,4.82,82.37,0.3726,0.9615,0.6179,0.0923,0.4639,11.1,40.2,32.9,30.4,17.1,6.1,17.8,13.4,17.3,9.0,14.9,14.5,15.70393848,4.835866451,1.211238503,3.619446278,0.1790471595,0.6513130965,0,0,0
20049,"Elk County, Kansas",KS,2453,50000.0,14.82,3.83,5.16,80.45,0.4922,0.7041,0.3446,0.0624,0.336,11.0,40.5,33.5,31.8,19.3,6.5,19.3,14.2,16.4,9.1,13.7,10.5,36.84334183,18.51346397,4.394211292,8.625843048,0.1790471595,0.6513130965,0,0,0
20051,"Ellis County, Kansas",KS,28921,59665.0,15.29,3.28,3.8,89.85,0.3557,0.0331,0.3446,0.4951,0.2393,9.7,38.9,32.1,24.3,14.9,5.8,17.1,12.1,12.4,7.2,11.1,8.9,21.44834709,7.620282173,1.87819922,2.435235023,0.139513791,1.220745683,0,0,0
20053,"Ellsworth County, Kansas",KS,6374,59844.0,8.75,3.51,3.99,85.08,0.1721,0.0563,0.4356,0.4572,0.1731,9.6,39.9,32.4,25.7,15.6,5.5,16.6,11.9,12.1,7.0,11.2,9.9,31.27020645,10.82334518,4.463328362,5.167387486,0.1790471595,0.6513130965,0,0,0
20055,"Finney County, Kansas",KS,38187,68481.0,12.82,5.35,6.27,85.62,0.8346,0.7366,0.9224,0.895,0.8966,12.9,37.7,32.9,33.2,15.7,6.1,17.0,14.4,21.7,10.4,18.2,21.3,21.9339447,10.70235538,1.158519268,3.257160664,0.139209852,0.751733184,0,0,0
20057,"Ford County, Kansas",KS,34212,67997.0,11.87,3.24,4.75,86.9,0.5492,0.7283,0.9294,0.7187,0.7359,12.9,39.6,33.1,34.2,15.8,6.3,16.6,14.2,23.4,10.8,19.4,22.2,23.86684608,8.255601883,1.083217025,2.768456936,0.151084796,0.604339182,0,0,0
20059,"Franklin County, Kansas",KS,25968,68217.0,8.34,2.59,4.04,81.28,0.2472,0.3347,0.3058,0.2558,0.224,9.6,40.3,31.9,26.2,16.5,5.7,17.9,12.6,12.5,7.2,11.1,9.2,47.19613647,17.57838821,2.540170193,7.342329502,0.1790471595,0.583589435,0,0,0
20061,"Geary County, Kansas",KS,36247,57992.0,18.62,4.53,4.09,91.4,0.5832,0.8556,0.8279,0.5797,0.7353,12.2,36.1,35.5,31.8,17.6,6.3,18.1,13.9,18.9,10.1,16.3,12.0,36.91391754,16.14373207,1.394124389,3.109171867,0.124154203,0.682848096,0,0,0
20063,"Gove County, Kansas",KS,2758,59417.0,6.39,3.28,1.35,76.73,0.1441,0.3516,0.0821,0.0045,0.0372,9.2,37.7,30.3,25.9,16.0,5.4,17.7,11.9,11.4,6.6,10.5,8.8,97.43516541,33.05055618,1.259940982,4.479607582,0.1790471595,1.526135087,0,0,0
20065,"Graham County, Kansas",KS,2430,47071.0,9.93,6.09,4.17,86.5,0.49,0.6147,0.3697,0.0344,0.2765,10.2,37.3,32.8,27.0,16.4,5.9,17.9,12.6,13.7,7.7,11.9,9.1,22.183321,6.568162918,0.134915009,2.282865524,0.1790471595,0.6513130965,0,0,0
20067,"Grant County, Kansas",KS,7336,84808.0,5.34,3.6,1.78,94.96,0.3646,0.2208,0.8804,0.2332,0.3363,10.6,35.7,29.0,28.8,12.9,5.1,15.2,12.0,15.7,7.8,14.7,18.0,21.696661,6.44823885,0.476570368,1.349454045,0.1790471595,0.70651406,0,0,0
20069,"Gray County, Kansas",KS,5719,74500.0,4.11,2.13,1.51,85.05,0.2685,0.35,0.5371,0.2825,0.2816,9.8,39.9,30.5,28.4,16.1,5.8,17.8,12.8,15.0,7.9,12.9,13.3,45.52327347,11.88920116,0.985576987,1.297361255,0.1790471595,0.6513130965,0,0,0
20071,"Greeley County, Kansas",KS,1279,69948.0,8.07,0.14,4.88,89.69,0.1241,0.8969,0.5727,0.1254,0.2689,9.3,36.9,29.6,25.0,13.5,5.2,16.2,11.4,12.0,6.7,11.2,10.9,13.8327837,4.165734768,0.636649907,1.870131731,0.1790471595,0.6513130965,0,0,0
20073,"Greenwood County, Kansas",KS,6001,51812.0,15.28,2.6,6.89,78.52,0.3229,0.7919,0.2536,0.1209,0.2978,10.2,40.7,32.7,27.1,18.1,6.2,18.9,13.0,14.6,8.1,12.4,9.9,48.50452805,17.80998993,2.7299335,5.556689739,0.511247456,0.6513130965,0,0,0
20075,"Hamilton County, Kansas",KS,2520,58750.0,7.89,0.0,1.82,85.47,0.3334,0.433,0.7251,0.2062,0.3398,10.6,40.0,30.8,29.5,14.3,5.6,16.1,12.6,16.7,8.3,15.1,17.5,15.50481606,7.431580067,0.606376708,1.281730175,0.1790471595,0.6513130965,0,0,0
20077,"Harper County, Kansas",KS,5457,53032.0,15.53,5.29,2.24,78.18,0.5431,0.9905,0.363,0.2307,0.6316,11.4,42.1,33.5,30.8,19.9,6.6,19.0,14.3,17.9,9.5,14.3,12.0,25.84080696,9.982810974,1.985127211,5.741147995,0.749625206,0.562218904,0,0,0
20079,"Harvey County, Kansas",KS,33959,70685.0,9.69,4.2,4.3,84.71,0.2739,0.6223,0.5119,0.4795,0.4193,10.0,37.2,29.8,26.7,14.5,5.4,17.1,12.0,12.9,7.0,11.5,10.3,4.077088356,0.978782773,1.343189478,1.857711196,0.145810857,0.699892104,0,0,0
20081,"Haskell County, Kansas",KS,3735,66458.0,9.01,3.52,3.47,88.55,0.5132,0.2574,0.72,0.2625,0.4143,11.5,42.4,31.6,32.1,16.9,6.1,17.6,13.8,18.6,9.2,15.3,16.8,20.44462585,7.942894459,0.668914795,1.711323738,0.1790471595,0.6513130965,0,0,0
20083,"Hodgeman County, Kansas",KS,1770,63125.0,8.79,2.06,0.7,78.31,0.0786,0.7404,0.2587,0.007,0.0646,8.8,36.4,30.0,23.5,13.6,5.1,16.4,11.1,10.7,6.2,10.1,8.7,31.92452431,8.907118797,1.126348495,2.041506767,0.1790471595,0.6513130965,0,0,0
20085,"Jackson County, Kansas",KS,13274,70385.0,7.92,2.06,3.67,85.68,0.1371,0.8005,0.4741,0.1511,0.2472,9.7,37.7,30.6,25.5,16.3,5.7,18.0,12.5,12.9,7.4,11.6,9.3,20.04711723,5.617887497,1.483201146,3.307853699,0.1790471595,0.531470656,0,0,0
20087,"Jefferson County, Kansas",KS,18387,74562.0,6.04,3.54,4.51,89.61,0.1072,0.0522,0.1928,0.0261,0.0197,8.7,34.4,29.2,23.5,14.7,5.2,17.1,11.4,10.4,6.2,9.9,8.2,1.082942486,0.339721382,1.531858802,4.409634113,0.1790471595,0.6513130965,0,0,0
20089,"Jewell County, Kansas",KS,2929,47109.0,18.74,1.5,3.36,77.46,0.1572,0.1677,0.1696,0.021,0.0455,10.7,39.8,33.4,28.9,18.7,6.5,18.8,13.7,15.1,8.4,12.6,9.9,26.72728348,12.11431599,4.147174835,4.434382439,0.1790471595,0.6513130965,0,0,0
20091,"Johnson County, Kansas",KS,610742,103644.0,5.27,3.19,3.32,95.11,0.0439,0.1976,0.5542,0.0808,0.0605,8.3,30.9,29.3,18.7,9.7,4.4,13.7,9.1,7.7,4.9,8.1,6.8,19.36428261,2.25757432,0.571910381,0.591982484,0.143275917,0.726260662,0,0,0
20093,"Kearny County, Kansas",KS,3964,68750.0,15.64,2.25,2.74,90.98,0.5641,0.9198,0.7591,0.0792,0.5358,11.2,37.9,30.9,31.1,16.1,5.8,17.3,13.5,17.9,9.0,15.5,16.9,8.805977821,3.216487408,1.451616049,3.819215298,0.1790471595,0.6513130965,0,0,0
20095,"Kingman County, Kansas",KS,7369,59640.0,7.88,4.71,4.19,80.77,0.2631,0.0897,0.2485,0.1018,0.1079,9.6,39.3,31.6,26.3,16.4,5.7,18.0,12.4,12.7,7.2,11.2,9.4,42.36429596,10.56506157,1.350625277,2.462293148,0.1790471595,1.003728151,0,0,0
20097,"Kiowa County, Kansas",KS,2445,70347.0,5.18,3.63,2.8,79.07,0.2749,0.5425,0.3446,0.2498,0.2879,9.3,40.2,31.1,25.0,15.1,5.5,17.3,11.9,12.4,7.0,11.0,9.1,39.74620056,13.15339184,1.789901376,4.985801697,0.1790471595,0.6513130965,0,0,0
20099,"Labette County, Kansas",KS,20096,56143.0,15.18,2.45,4.96,82.4,0.3341,0.8317,0.4445,0.4502,0.4941,10.7,41.4,34.4,30.3,18.4,6.3,18.8,13.6,16.4,8.8,13.4,10.7,24.17573929,7.093694687,2.453279495,3.71909976,0.15317063,0.510568798,0,0,0
20101,"Lane County, Kansas",KS,1528,52222.0,9.0,0.37,2.83,85.27,0.1384,0.4502,0.4613,0.0073,0.0716,9.6,37.0,30.9,26.1,15.1,5.6,17.7,12.3,12.9,7.4,11.9,10.0,22.28507614,6.936358929,0.648169816,2.429458141,0.1790471595,0.6513130965,0,0,0
20103,"Leavenworth County, Kansas",KS,82050,84307.0,10.09,4.5,4.81,89.67,0.2068,0.146,0.5581,0.4416,0.2475,9.6,39.5,30.2,22.5,13.6,5.2,16.4,11.2,10.9,6.6,10.8,8.7,45.80531311,11.01280594,3.107753277,4.969071388,0.085110523,0.413393974,0,0,0
20105,"Lincoln County, Kansas",KS,2929,52540.0,12.82,1.78,3.84,73.83,0.1581,0.3481,0.1508,0.0805,0.1021,10.2,40.5,32.8,27.1,17.2,6.1,18.5,13.1,13.7,7.8,11.9,9.2,31.60150528,9.534852028,1.128456473,3.207534075,0.1790471595,0.6513130965,0,0,0
20107,"Linn County, Kansas",KS,9696,56697.0,11.5,4.41,4.13,78.26,0.461,0.3315,0.2265,0.1731,0.2733,9.2,36.9,29.9,25.5,16.5,5.6,18.2,12.3,12.3,7.0,10.9,9.0,15.9784441,4.848193169,2.236225128,4.934121132,0.1790471595,0.310752034,0,0,0
20109,"Logan County, Kansas",KS,2752,70382.0,9.89,0.35,3.47,89.66,0.16,0.9787,0.3058,0.062,0.28,10.0,40.1,31.4,27.7,16.4,5.9,17.8,12.7,13.6,7.7,11.9,10.2,18.2351017,4.883443356,0.439018518,2.049899578,0.1790471595,0.6513130965,0,0,0
20111,"Lyon County, Kansas",KS,32182,56415.0,16.22,2.74,6.45,86.91,0.6153,0.3325,0.6656,0.9376,0.7222,11.2,39.9,33.7,29.7,16.3,6.1,17.7,13.2,17.0,8.9,14.6,13.7,17.5476265,5.792999744,1.414383888,2.771465778,0.15130882,0.938114703,0,0,0
20113,"McPherson County, Kansas",KS,30085,71250.0,10.63,2.13,3.66,86.48,0.1311,0.2469,0.2781,0.3462,0.1635,8.8,38.0,30.8,25.3,14.6,5.2,17.0,11.6,10.9,6.4,10.0,8.2,26.95157242,8.35384655,1.433994055,2.424795151,0.246062994,0.808492661,0,0,0
20115,"Marion County, Kansas",KS,11867,60011.0,8.77,3.72,3.26,82.3,0.1619,0.3233,0.2234,0.1569,0.1355,9.5,39.7,31.2,26.1,16.2,5.7,17.6,12.2,12.4,7.1,11.0,9.1,23.70633316,10.0922699,2.953230858,3.227912903,0.34328872,0.429110885,0,0,0
20117,"Marshall County, Kansas",KS,10014,64306.0,10.55,2.81,4.02,84.09,0.1397,0.4391,0.1339,0.308,0.181,9.8,37.5,31.4,26.8,18.0,6.0,18.7,12.9,13.8,7.6,11.8,9.6,36.63713837,12.87739658,3.381309986,4.426359653,0.310816407,0.621632814,0,0,0
20119,"Meade County, Kansas",KS,4019,74063.0,7.05,1.23,2.93,88.08,0.2119,0.6697,0.6204,0.1174,0.2628,10.3,37.0,31.6,29.2,16.2,5.9,17.5,13.1,15.7,8.3,13.8,13.4,51.00115967,16.49517441,1.727680326,6.161771774,0.1790471595,0.6513130965,0,0,0
20121,"Miami County, Kansas",KS,34312,85564.0,6.97,2.77,2.74,84.94,0.0729,0.2927,0.2294,0.1215,0.0757,8.8,34.7,28.8,22.6,13.9,5.1,16.9,11.0,10.1,6.1,9.7,8.2,25.69212532,6.66644001,2.495577574,6.514295578,0.1790471595,0.466010362,0,0,0
20123,"Mitchell County, Kansas",KS,5829,63008.0,15.02,0.66,5.69,83.76,0.1101,0.3815,0.1572,0.2059,0.1285,9.8,39.3,31.9,26.4,16.4,5.8,18.2,12.6,12.6,7.2,11.1,8.9,32.5646286,8.892132759,1.129195929,2.079654932,0.1790471595,0.510290861,0,0,0
20125,"Montgomery County, Kansas",KS,31448,51513.0,16.9,4.66,8.21,82.64,0.6993,0.8785,0.5616,0.825,0.8209,11.1,39.3,34.4,27.8,18.6,6.3,19.2,13.8,17.3,9.4,14.2,11.2,24.47669792,10.24549198,2.977993011,6.645689964,0.1790471595,0.79360038,0,0,0
20127,"Morris County, Kansas",KS,5385,52866.0,10.98,2.13,3.89,81.34,0.1534,0.5364,0.3016,0.1164,0.1569,9.6,36.9,31.6,27.1,16.0,5.7,17.9,12.5,12.6,7.2,11.1,9.1,32.95946121,9.946998596,1.827462792,2.275765896,0.1790471595,0.719553888,0,0,0
20129,"Morton County, Kansas",KS,2688,57943.0,13.19,3.28,2.56,88.29,0.3411,0.8549,0.6567,0.0245,0.3077,11.1,38.4,31.6,30.8,17.2,6.0,17.9,13.6,17.8,9.0,15.1,15.2,26.13531876,9.416401863,1.104222894,0.537516534,0.1790471595,0.6513130965,0,0,0
20131,"Nemaha County, Kansas",KS,10219,72788.0,8.71,1.73,4.01,82.89,0.0426,0.181,0.0881,0.2106,0.057,9.0,39.3,31.1,24.4,15.5,5.4,17.4,11.8,11.4,6.6,10.1,8.5,30.57162094,8.8546772,1.90545094,2.424114704,0.296413392,0.6513130965,0,0,0
20133,"Neosho County, Kansas",KS,15826,54894.0,14.96,4.5,5.72,80.47,0.5367,0.8759,0.3503,0.7311,0.6911,10.6,39.9,32.8,27.1,17.4,6.1,18.6,13.0,14.9,8.2,12.8,9.9,14.38884163,5.218147755,1.497205377,4.123660564,0.188335747,0.439450055,0,0,0
20135,"Ness County, Kansas",KS,2677,64907.0,10.52,0.63,2.36,87.33,0.1126,0.4858,0.4973,0.027,0.0999,9.9,36.1,31.1,27.5,16.0,5.6,17.4,12.4,13.9,7.6,12.2,11.4,26.83836365,9.757526398,0.34882164,1.880608082,0.1790471595,0.6513130965,0,0,0
20137,"Norton County, Kansas",KS,5431,52710.0,9.41,1.41,2.07,91.71,0.3045,0.3277,0.3917,0.1546,0.223,10.8,42.9,33.4,28.6,17.8,6.4,17.7,13.2,15.0,8.3,12.8,11.0,22.29873466,7.747554779,1.623990655,3.060087919,0.1790471595,0.6513130965,0,0,0
20139,"Osage County, Kansas",KS,15787,66155.0,11.15,3.35,2.31,84.27,0.2784,0.4302,0.182,0.1269,0.1909,9.6,41.5,32.4,26.4,16.7,5.7,18.2,12.4,12.8,7.1,11.2,9.2,14.05542278,5.058794498,1.651819944,5.583943367,0.190234616,0.6513130965,0,0,0
20141,"Osborne County, Kansas",KS,3493,58750.0,13.42,1.72,3.74,83.35,0.0716,0.517,0.1572,0.0515,0.0687,10.0,39.2,31.4,26.9,16.6,6.0,18.2,12.7,13.1,7.4,11.5,8.8,23.11450958,7.913348675,0.875766635,2.440300226,0.1790471595,0.6513130965,0,0,0
20143,"Ottawa County, Kansas",KS,5768,74551.0,10.4,3.32,3.54,84.75,0.1336,0.1817,0.1409,0.0232,0.042,9.4,38.3,31.2,25.0,16.1,5.7,17.6,12.1,12.1,7.0,10.7,8.5,25.72264671,9.920969009,1.067668796,3.157716036,0.1790471595,0.6513130965,0,0,0
20145,"Pawnee County, Kansas",KS,6288,54141.0,11.88,1.64,8.72,86.6,0.2475,0.1734,0.4658,0.5727,0.3019,10.0,38.0,32.1,26.8,16.8,5.8,17.0,12.4,13.6,7.6,12.4,10.9,35.03748703,8.729506493,1.882798433,2.093087196,0.1790471595,0.628338039,0,0,0
20147,"Phillips County, Kansas",KS,4960,57611.0,16.43,3.97,2.51,86.4,0.3423,0.6484,0.1753,0.2374,0.3137,9.9,40.9,31.6,27.3,17.2,5.9,18.2,13.0,13.9,7.7,11.9,9.6,39.21985245,11.27272415,1.296880007,2.071690321,0.1790471595,0.965064645,0,0,0
20149,"Pottawatomie County, Kansas",KS,25482,85241.0,7.25,1.85,1.72,91.04,0.0191,0.0993,0.3322,0.2889,0.0544,8.5,35.8,30.2,23.1,13.7,5.1,16.5,10.9,9.9,6.0,9.6,7.9,10.52119732,2.000642776,1.599414468,3.92488122,0.364048213,0.606747031,0,0,0
20151,"Pratt County, Kansas",KS,9175,61685.0,11.61,3.56,3.88,83.74,0.252,0.7754,0.3917,0.2234,0.3341,9.9,37.6,30.9,27.1,16.0,5.7,17.5,12.4,13.1,7.3,11.7,9.8,31.95821571,9.693501472,1.163837194,1.822422504,0.1790471595,1.095650315,0,0,0
20153,"Rawlins County, Kansas",KS,2544,61827.0,10.92,0.96,5.49,84.38,0.1928,0.8772,0.335,0.4123,0.3958,10.4,42.4,31.7,27.7,17.7,6.1,18.8,13.3,14.4,8.1,12.7,10.1,35.68057251,13.73455429,1.118846178,2.169482946,0.1790471595,0.6513130965,0,0,0
20155,"Reno County, Kansas",KS,61881,57390.0,12.33,4.17,4.6,83.59,0.4314,0.6153,0.4725,0.5072,0.5011,10.9,44.5,30.6,28.4,17.6,6.1,17.7,12.6,15.5,8.1,13.3,10.7,29.1127758,9.012606621,2.468316317,3.845644951,0.14564757,0.776787043,0,0,0
20157,"Republic County, Kansas",KS,4686,54531.0,10.12,0.63,4.04,76.29,0.0445,0.2918,0.0881,0.0655,0.041,10.3,41.6,32.6,27.6,17.3,6.2,18.4,13.1,14.2,8.0,12.1,9.1,25.41303444,6.191129208,1.660168767,2.990337849,0.1790471595,0.6513130965,0,0,0
20159,"Rice County, Kansas",KS,9441,58523.0,9.77,3.56,2.42,82.73,0.1387,0.5927,0.5148,0.1031,0.1823,10.0,40.6,31.8,27.4,15.4,5.6,17.3,12.5,13.0,7.4,11.9,10.5,25.53938866,9.055603981,0.991700888,4.228737354,0.320444345,0.747703493,0,0,0
20161,"Riley County, Kansas",KS,72105,56327.0,22.73,5.08,5.42,90.47,0.5733,0.0503,0.5978,0.9287,0.567,10.4,30.9,30.8,25.3,15.0,5.9,16.9,12.5,13.8,8.0,12.7,9.3,53.54406738,24.89414406,3.389950275,3.419645548,0.068304144,0.683041453,0,0,0
20163,"Rooks County, Kansas",KS,4925,60821.0,4.63,1.76,6.96,82.93,0.0277,0.224,0.1037,0.3185,0.071,9.2,40.6,30.8,26.2,15.6,5.4,17.5,12.0,12.2,6.9,10.9,9.1,14.48004532,3.78243041,0.48570022,1.82685101,0.621504068,0.6513130965,0,0,0
20165,"Rush County, Kansas",KS,2939,53523.0,12.84,4.45,2.75,86.98,0.2844,0.1164,0.3446,0.0296,0.0916,10.0,38.8,32.1,27.9,17.0,6.0,18.2,12.9,13.7,7.7,11.9,9.8,29.82512283,10.62761211,1.803872466,5.09489584,0.1790471595,0.6513130965,0,0,0
20167,"Russell County, Kansas",KS,6702,49929.0,17.5,3.95,3.61,86.81,0.5857,0.3703,0.2914,0.1133,0.3226,10.2,41.8,32.7,28.3,18.1,6.1,19.1,13.4,14.7,8.3,12.7,10.2,31.67308998,8.156846046,1.051410556,1.95864594,0.1790471595,0.734861851,0,0,0
20169,"Saline County, Kansas",KS,54160,59887.0,11.95,3.61,8.11,86.96,0.3691,0.7248,0.5406,0.4642,0.5008,10.1,41.5,30.9,27.5,15.6,5.6,17.6,12.1,13.9,7.6,12.2,10.6,20.0244503,6.027980328,1.050107718,1.841667414,0.092719652,1.001372218,0,0,0
20171,"Scott County, Kansas",KS,5128,53365.0,7.61,2.31,1.26,76.2,0.2841,0.9176,0.5953,0.1893,0.4349,9.5,38.6,30.1,25.2,13.8,5.4,16.2,11.7,12.7,7.0,11.5,11.6,24.42944336,4.501055241,0.004209016,0.693664551,0.1790471595,1.043841362,0,0,0
20173,"Sedgwick County, Kansas",KS,522700,65372.0,13.66,5.33,5.98,89.45,0.6596,0.8123,0.7098,0.5562,0.7292,10.9,38.9,32.5,25.8,15.5,5.7,17.5,12.4,15.9,8.2,14.0,11.6,27.73747444,9.397313118,1.949244022,3.458747625,0.150026828,0.905931234,0,0,0
20175,"Seward County, Kansas",KS,21942,57131.0,13.56,2.68,6.79,87.0,0.7871,0.7429,0.966,0.7954,0.8578,13.6,43.4,32.2,38.1,15.4,6.2,16.7,14.5,24.5,11.4,21.1,25.1,15.64559746,7.680155754,0.931737244,1.372208118,0.142599106,0.665462494,0,0,0
20177,"Shawnee County, Kansas",KS,178625,63463.0,12.87,4.17,7.0,82.96,0.3869,0.7095,0.6398,0.7486,0.6137,10.3,38.5,34.3,24.6,15.7,5.6,16.8,12.1,14.7,7.7,12.6,10.0,23.84802818,10.77915001,3.510047913,4.59672308,0.136364415,0.755686104,0,0,0
20179,"Sheridan County, Kansas",KS,2450,66719.0,7.72,0.44,5.85,89.99,0.0404,0.5355,0.2234,0.0757,0.0706,8.9,34.8,29.7,24.2,14.7,5.3,17.3,11.7,10.7,6.3,10.1,8.3,34.41101074,12.01120186,0.695878267,4.351958752,0.1790471595,0.6513130965,0,0,0
20181,"Sherman County, Kansas",KS,5940,61404.0,10.49,2.4,3.32,89.38,0.4082,0.8956,0.4741,0.2494,0.4992,10.1,39.3,32.4,28.9,16.2,5.8,17.7,12.6,13.6,7.6,12.2,10.8,78.27136993,23.80887413,1.965922832,8.36770153,0.1790471595,1.384801745,0,0,0
20183,"Smith County, Kansas",KS,3561,50943.0,7.32,2.09,2.69,85.26,0.0792,0.3128,0.1152,0.029,0.0404,9.2,39.6,30.6,26.4,15.9,5.5,17.6,12.0,11.5,6.8,10.5,8.5,37.37019348,11.28988266,1.154143453,3.609976053,0.846501112,0.6513130965,0,0,0
20185,"Stafford County, Kansas",KS,4054,60000.0,11.05,3.52,2.42,83.23,0.1782,0.8031,0.4814,0.0671,0.2272,10.1,41.5,31.5,27.4,16.0,5.7,17.5,12.8,14.0,7.7,12.4,11.0,25.44405937,8.111742973,0.803020954,4.158699036,0.1790471595,0.6513130965,0,0,0
20187,"Stanton County, Kansas",KS,2060,66000.0,13.2,3.02,1.58,79.5,0.5603,0.3999,0.8225,0.063,0.3786,12.5,40.2,31.8,34.1,16.8,6.3,17.2,14.4,22.1,10.6,18.3,20.2,10.54581165,2.649067402,0.018750716,0.572443187,0.1790471595,0.6513130965,0,0,0
20189,"Stevens County, Kansas",KS,5275,67950.0,15.82,1.91,5.48,86.59,0.63,0.7257,0.797,0.4992,0.6879,12.8,41.7,33.5,35.5,18.6,6.7,18.4,15.2,22.7,11.0,18.6,19.9,30.49121284,10.6917944,2.040752649,2.710134029,0.1790471595,0.556792855,0,0,0
20191,"Sumner County, Kansas",KS,22517,59397.0,11.58,5.22,4.88,84.07,0.3783,0.3929,0.3535,0.3124,0.3322,9.9,39.8,31.8,25.7,17.2,5.8,18.0,12.7,13.5,7.6,11.8,9.4,13.61676216,4.714901924,1.172204614,4.64053297,0.177163616,0.354327232,0,0,0
20193,"Thomas County, Kansas",KS,7907,72417.0,6.56,0.6,3.2,87.95,0.1021,0.3948,0.2628,0.1572,0.1247,9.0,36.5,30.1,24.4,13.9,5.2,17.2,11.5,10.9,6.5,10.2,8.6,67.0871048,17.66038132,1.491643667,4.935558796,0.1790471595,1.168527603,0,0,0
20195,"Trego County, Kansas",KS,2798,77500.0,7.29,2.57,2.83,85.63,0.0506,0.0417,0.0089,0.0563,0.0105,8.7,40.3,29.9,24.0,14.3,5.2,17.0,11.3,10.5,6.1,9.7,7.9,17.95750427,2.797494411,0.019792743,1.131855369,0.1790471595,1.087744713,0,0,0
20197,"Wabaunsee County, Kansas",KS,6922,70000.0,5.93,3.0,2.3,81.67,0.0458,0.3761,0.2733,0.0859,0.0636,8.9,35.3,29.8,24.0,14.8,5.3,17.2,11.6,11.1,6.4,10.2,8.5,41.78900909,12.87975407,1.852920771,4.022531986,0.1790471595,0.6513130965,0,0,0
20199,"Wallace County, Kansas",KS,1489,57708.0,15.55,2.19,4.07,88.24,0.0891,0.7865,0.3166,0.1219,0.1756,10.2,37.3,31.6,27.3,16.6,5.9,18.0,12.8,13.7,7.7,12.1,10.3,32.77661514,8.455114365,0.123017751,3.042489052,0.1790471595,0.6513130965,0,0,0
20201,"Washington County, Kansas",KS,5529,59432.0,9.93,1.85,2.99,73.17,0.029,0.6013,0.1928,0.1126,0.0802,8.9,34.4,29.8,26.1,15.7,5.4,17.4,11.7,12.3,6.9,11.1,8.8,50.73302841,15.49125957,2.155533314,3.374000549,0.73705548,0.6513130965,0,0,0
20203,"Wichita County, Kansas",KS,2131,69551.0,14.94,2.28,1.48,93.18,0.3455,0.9583,0.6437,0.1473,0.4858,11.4,42.2,32.4,32.0,16.5,6.2,17.4,13.3,17.7,9.1,15.2,15.7,11.52930546,2.166111946,1.39305234,1.37063992,0.1790471595,0.6513130965,0,0,0
20205,"Wilson County, Kansas",KS,8667,55439.0,16.29,3.66,5.44,74.68,0.3898,0.8533,0.2485,0.3207,0.4566,10.4,39.9,33.0,28.0,18.4,6.2,18.8,13.5,15.2,8.4,12.8,10.1,19.4192009,7.756501675,2.629743576,5.645802498,0.1790471595,0.358765841,0,0,0
20207,"Woodson County, Kansas",KS,3134,50670.0,13.26,6.21,5.03,80.96,0.4174,0.5877,0.1861,0.0681,0.2491,9.8,39.5,32.1,26.7,17.2,6.0,18.3,12.8,13.4,7.6,11.6,9.4,18.56905746,9.839426994,2.41750741,9.767878532,0.1790471595,0.6513130965,0,0,0
20209,"Wyandotte County, Kansas",KS,167989,57771.0,16.84,5.73,7.96,85.43,0.9612,0.8941,0.9227,0.678,0.9386,13.9,40.7,35.9,34.6,17.7,6.4,17.3,14.0,22.9,11.9,19.1,17.6,28.8886776,13.57644653,2.855344296,5.374144554,0.169424862,0.665597677,0,0,0
21001,"Adair County, Kentucky",KY,18887,49690.0,19.78,6.65,5.47,81.89,0.7461,0.2109,0.2265,0.7735,0.6026,10.7,38.2,32.8,26.5,16.1,5.9,18.6,13.7,15.8,8.7,12.9,10.4,6.466919899,3.403806448,3.20016098,13.06176186,0.204551265,0.511378169,1,0,0
21003,"Allen County, Kentucky",KY,20773,57159.0,16.52,7.34,6.36,79.75,0.7563,0.7617,0.0932,0.5288,0.6484,10.7,38.2,32.8,26.5,16.1,5.9,18.6,13.7,15.8,8.7,12.9,10.4,21.72795486,8.651519775,5.875364304,10.81091881,0.187766984,0.422475696,1,0,0
21005,"Anderson County, Kentucky",KY,23839,69885.0,13.37,5.39,1.92,87.31,0.2908,0.3968,0.1696,0.0051,0.0843,10.7,38.2,32.8,26.5,16.1,5.9,18.6,13.7,15.8,8.7,12.9,10.4,7.795270443,2.332539558,2.204920053,7.561266422,0.1790471595,0.700740159,1,0,0
21007,"Ballard County, Kentucky",KY,7742,57111.0,14.3,5.22,5.41,85.2,0.2574,0.2039,0.2164,0.4757,0.2507,10.7,38.2,32.8,26.5,16.1,5.9,18.6,13.7,15.8,8.7,12.9,10.4,0.023631213,0.007482321,4.804645538,10.24150753,0.1790471595,0.6513130965,1,0,0
21009,"Barren County, Kentucky",KY,44511,48141.0,21.1,4.91,6.68,84.28,0.7916,0.9068,0.3118,0.6599,0.7919,10.7,38.2,32.8,26.5,16.1,5.9,18.6,13.7,15.8,8.7,12.9,10.4,15.54628754,7.5933218,2.752530813,9.30783844,0.203160271,0.744920969,1,0,0
21011,"Bath County, Kentucky",KY,12739,51471.0,23.13,2.88,9.48,81.44,0.5075,0.5772,0.0544,0.7108,0.5269,10.7,38.2,32.8,26.5,16.1,5.9,18.6,13.7,15.8,8.7,12.9,10.4,1.701418996,0.920171618,8.48987484,22.29631615,0.1790471595,0.640974283,1,0,0
21013,"Bell County, Kentucky",KY,24248,33658.0,26.29,9.95,7.7,74.16,0.9319,0.4187,0.1339,0.818,0.7782,10.7,38.2,32.8,26.5,16.1,5.9,18.6,13.7,15.8,8.7,12.9,10.4,13.97535801,9.993554115,9.130504608,24.6253376,0.274703711,1.177301645,1,0,0
21015,"Boone County, Kentucky",KY,136150,91697.0,5.74,2.8,3.32,92.11,0.0369,0.4731,0.4146,0.1877,0.1177,10.7,38.2,32.8,26.5,16.1,5.9,18.6,13.7,15.8,8.7,12.9,10.4,49.81822205,9.056221008,1.446891785,3.040320396,0.132943362,0.967532277,1,0,0
21017,"Bourbon County, Kentucky",KY,20228,54580.0,15.12,5.49,5.06,82.25,0.6691,0.6583,0.4416,0.2122,0.5237,10.7,38.2,32.8,26.5,16.1,5.9,18.6,13.7,15.8,8.7,12.9,10.4,26.69615936,12.26050663,3.649708748,9.918998718,0.1790471595,0.703482211,1,0,0
21019,"Boyd County, Kentucky",KY,48242,58327.0,17.42,6.88,8.65,86.07,0.637,0.7585,0.1985,0.7315,0.6704,10.7,38.2,32.8,26.5,16.1,5.9,18.6,13.7,15.8,8.7,12.9,10.4,34.21320724,12.60203838,3.581705809,7.8823843,0.085991919,1.440364599,1,0,0
21021,"Boyle County, Kentucky",KY,30613,56568.0,15.0,6.2,5.76,84.51,0.6402,0.5339,0.4407,0.357,0.5304,10.7,38.2,32.8,26.5,16.1,5.9,18.6,13.7,15.8,8.7,12.9,10.4,21.64479256,7.334436417,3.759331942,8.493992805,0.131721929,0.922053516,1,0,0
21023,"Bracken County, Kentucky",KY,8420,59911.0,16.96,6.18,2.61,83.43,0.4432,0.2908,0.0337,0.2364,0.2568,10.7,38.2,32.8,26.5,16.1,5.9,18.6,13.7,15.8,8.7,12.9,10.4,0.563983619,0.226471737,4.903456211,11.43934917,0.1790471595,0.6513130965,1,0,0
21025,"Breathitt County, Kentucky",KY,13580,38209.0,28.5,8.89,13.28,74.88,0.7111,0.4445,0.0169,0.9497,0.6962,10.7,38.2,32.8,26.5,16.1,5.9,18.6,13.7,15.8,8.7,12.9,10.4,21.57777214,11.98288345,12.73205566,31.30430603,0.239043832,0.557768941,1,0,0
21027,"Breckinridge County, Kentucky",KY,20528,51756.0,23.52,7.69,4.92,77.34,0.7197,0.8279,0.1508,0.4976,0.6481,10.7,38.2,32.8,26.5,16.1,5.9,18.6,13.7,15.8,8.7,12.9,10.4,11.36339855,3.520532608,5.399442196,12.38131714,0.194770411,0.389540821,1,0,0
21029,"Bullitt County, Kentucky",KY,82482,73900.0,10.58,4.63,4.17,89.03,0.1922,0.4648,0.1928,0.1728,0.1779,10.7,38.2,32.8,26.5,16.1,5.9,18.6,13.7,15.8,8.7,12.9,10.4,45.26100159,9.597419739,1.52295506,6.221436024,0.073008686,0.571901381,1,0,0
21031,"Butler County, Kentucky",KY,12365,47589.0,19.75,5.39,6.78,75.18,0.7658,0.7996,0.1152,0.8043,0.7623,10.7,38.2,32.8,26.5,16.1,5.9,18.6,13.7,15.8,8.7,12.9,10.4,10.27589226,4.828612804,3.951246977,9.984269142,0.1790471595,0.472329378,1,0,0
21033,"Caldwell County, Kentucky",KY,12635,52488.0,16.18,4.67,7.86,82.02,0.6592,0.819,0.3058,0.7216,0.7184,10.7,38.2,32.8,26.5,16.1,5.9,18.6,13.7,15.8,8.7,12.9,10.4,1.671069145,0.565785706,2.352428913,8.706597328,0.315283358,0.788208425,1,0,0
21035,"Calloway County, Kentucky",KY,37345,48276.0,18.74,4.71,5.19,82.57,0.6363,0.1301,0.3322,0.7996,0.5482,10.7,38.2,32.8,26.5,16.1,5.9,18.6,13.7,15.8,8.7,12.9,10.4,16.50901413,6.274367809,2.194288731,5.339941502,0.101781167,0.6361323,1,0,0
21037,"Campbell County, Kentucky",KY,93122,71979.0,11.7,3.76,6.65,88.5,0.2001,0.1024,0.2444,0.5542,0.2103,10.7,38.2,32.8,26.5,16.1,5.9,18.6,13.7,15.8,8.7,12.9,10.4,39.11391068,8.90441227,2.287940502,2.79080081,0.138268456,0.79770261,1,0,0
21039,"Carlisle County, Kentucky",KY,4782,53065.0,20.08,4.22,2.57,87.24,0.5918,0.5059,0.1928,0.2453,0.4225,10.7,38.2,32.8,26.5,16.1,5.9,18.6,13.7,15.8,8.7,12.9,10.4,7.908798695,3.352908611,4.057916164,9.473621368,0.1790471595,0.6513130965,1,0,0
21041,"Carroll County, Kentucky",KY,10842,50625.0,20.29,6.68,6.02,75.79,0.8743,0.9609,0.3723,0.7894,0.8886,10.7,38.2,32.8,26.5,16.1,5.9,18.6,13.7,15.8,8.7,12.9,10.4,0.0,0.0,5.658037663,16.96497726,0.1790471595,1.118359685,1,0,0
21043,"Carter County, Kentucky",KY,26671,47004.0,23.88,5.96,7.01,74.62,0.7639,0.3808,0.0455,0.5708,0.5581,10.7,38.2,32.8,26.5,16.1,5.9,18.6,13.7,15.8,8.7,12.9,10.4,7.838908195,3.743360281,3.514467716,17.92252731,0.188380674,0.79119885,1,0,0
21045,"Casey County, Kentucky",KY,15942,42190.0,26.1,10.38,8.06,78.24,0.9376,0.6122,0.0881,0.8886,0.8361,10.7,38.2,32.8,26.5,16.1,5.9,18.6,13.7,15.8,8.7,12.9,10.4,9.492227554,5.553824902,3.816087723,19.79909134,0.435702741,0.248972982,1,0,0
21047,"Christian County, Kentucky",KY,72766,48920.0,16.74,7.56,7.18,80.55,0.929,0.9335,0.7276,0.854,0.9469,10.7,38.2,32.8,26.5,16.1,5.9,18.6,13.7,15.8,8.7,12.9,10.4,33.20237732,14.52877045,3.463665962,7.504999638,0.111922547,0.685525596,1,0,0
21049,"Clark County, Kentucky",KY,36897,61878.0,15.06,5.19,6.56,87.19,0.4938,0.7175,0.3166,0.4235,0.51,10.7,38.2,32.8,26.5,16.1,5.9,18.6,13.7,15.8,8.7,12.9,10.4,16.84295845,4.939635754,1.541781425,5.501998425,0.082275182,0.767901719,1,0,0
21051,"Clay County, Kentucky",KY,20322,37888.0,31.22,10.0,12.01,78.26,0.8377,0.5498,0.2323,0.952,0.8174,10.7,38.2,32.8,26.5,16.1,5.9,18.6,13.7,15.8,8.7,12.9,10.4,25.22485542,13.77261353,10.42359829,29.86257744,0.203759357,0.560338259,1,0,0
21053,"Clinton County, Kentucky",KY,9295,41180.0,20.28,5.59,6.07,73.61,0.6888,0.7862,0.119,0.5994,0.6472,10.7,38.2,32.8,26.5,16.1,5.9,18.6,13.7,15.8,8.7,12.9,10.4,1.597849369,1.091459751,4.981949806,19.77760124,0.1790471595,0.890207708,1,0,0
21055,"Crittenden County, Kentucky",KY,8979,45810.0,17.91,3.41,5.69,74.13,0.5587,0.6927,0.0757,0.4922,0.518,10.7,38.2,32.8,26.5,16.1,5.9,18.6,13.7,15.8,8.7,12.9,10.4,11.8513298,4.75803709,6.216940403,7.059809685,0.1790471595,0.452130675,1,0,0
21057,"Cumberland County, Kentucky",KY,5974,40515.0,28.25,3.79,9.88,74.99,0.8797,0.496,0.1508,0.8018,0.7544,10.7,38.2,32.8,26.5,16.1,5.9,18.6,13.7,15.8,8.7,12.9,10.4,1.945717096,0.803565741,5.631788254,11.60911942,0.1790471595,0.459911078,1,0,0
21059,"Daviess County, Kentucky",KY,102916,64021.0,13.98,4.09,6.88,88.45,0.3443,0.8199,0.3888,0.8247,0.6109,10.7,38.2,32.8,26.5,16.1,5.9,18.6,13.7,15.8,8.7,12.9,10.4,18.86380959,5.622141838,0.92052412,2.634940386,0.137284517,0.725646734,1,0,0
21061,"Edmonson County, Kentucky",KY,12179,53029.0,16.96,6.82,3.76,83.59,0.6446,0.1763,0.0455,0.3554,0.3697,10.7,38.2,32.8,26.5,16.1,5.9,18.6,13.7,15.8,8.7,12.9,10.4,5.465028286,2.017745495,3.65119195,14.94825745,0.1790471595,0.245198205,1,0,0
21063,"Elliott County, Kentucky",KY,7378,39469.0,24.68,6.03,6.89,74.72,0.8848,0.2113,0.0337,0.9742,0.7617,10.7,38.2,32.8,26.5,16.1,5.9,18.6,13.7,15.8,8.7,12.9,10.4,0.0,0.0,4.644245625,27.09018707,0.1790471595,0.406945199,1,0,0
21065,"Estill County, Kentucky",KY,14138,39980.0,23.96,8.72,7.98,77.09,0.8686,0.958,0.0191,0.4289,0.7604,10.7,38.2,32.8,26.5,16.1,5.9,18.6,13.7,15.8,8.7,12.9,10.4,0.06295272,0.036625408,5.888785839,22.50240135,0.283506989,0.496137232,1,0,0
21067,"Fayette County, Kentucky",KY,321276,66087.0,14.93,4.97,7.24,90.75,0.5329,0.1639,0.672,0.7611,0.5542,10.7,38.2,32.8,26.5,16.1,5.9,18.6,13.7,15.8,8.7,12.9,10.4,20.66991997,7.042288303,1.733814836,2.329837561,0.197083771,0.926909626,1,0,0
21069,"Fleming County, Kentucky",KY,15111,46885.0,20.99,8.43,8.86,76.54,0.7878,0.685,0.0735,0.6376,0.6771,10.7,38.2,32.8,26.5,16.1,5.9,18.6,13.7,15.8,8.7,12.9,10.4,6.598446369,3.09976387,5.180458069,16.20006371,0.205437243,0.205437243,1,0,0
21071,"Floyd County, Kentucky",KY,35780,38723.0,29.28,6.77,8.63,79.65,0.8626,0.4811,0.0115,0.7544,0.7073,10.7,38.2,32.8,26.5,16.1,5.9,18.6,13.7,15.8,8.7,12.9,10.4,6.40050745,2.693946123,7.591044903,25.60041237,0.343112022,0.857780039,1,0,0
21073,"Franklin County, Kentucky",KY,51475,62929.0,13.26,4.75,5.76,83.28,0.426,0.8295,0.5094,0.6933,0.6255,10.7,38.2,32.8,26.5,16.1,5.9,18.6,13.7,15.8,8.7,12.9,10.4,24.81072426,8.820187569,2.070171356,4.905536652,0.117375486,0.821628392,1,0,0
21075,"Fulton County, Kentucky",KY,6480,35449.0,27.38,5.59,14.13,84.31,0.881,0.7897,0.6685,0.943,0.91,10.7,38.2,32.8,26.5,16.1,5.9,18.6,13.7,15.8,8.7,12.9,10.4,0.083845735,0.02663335,4.549219131,8.568898201,0.1790471595,0.672043025,1,0,0
21077,"Gallatin County, Kentucky",KY,8720,58641.0,16.82,3.71,3.28,81.63,0.7066,0.1126,0.3563,0.7401,0.5514,10.7,38.2,32.8,26.5,16.1,5.9,18.6,13.7,15.8,8.7,12.9,10.4,0.0,0.0,3.218536377,8.540520668,0.1790471595,0.6513130965,1,0,0
21079,"Garrard County, Kentucky",KY,17175,58263.0,15.68,5.29,4.65,84.02,0.6316,0.42,0.1753,0.099,0.3312,10.7,38.2,32.8,26.5,16.1,5.9,18.6,13.7,15.8,8.7,12.9,10.4,0.0,0.0,4.362653732,16.29430962,0.1790471595,0.225746378,1,0,0
21081,"Grant County, Kentucky",KY,25085,65461.0,12.82,4.45,5.58,84.74,0.2819,0.4228,0.1753,0.4082,0.2876,10.7,38.2,32.8,26.5,16.1,5.9,18.6,13.7,15.8,8.7,12.9,10.4,4.857183456,2.315317392,3.632391453,13.89584255,0.1790471595,0.748414516,1,0,0
21083,"Graves County, Kentucky",KY,36701,52526.0,19.78,3.68,5.92,81.28,0.5393,0.518,0.4308,0.5803,0.5507,10.7,38.2,32.8,26.5,16.1,5.9,18.6,13.7,15.8,8.7,12.9,10.4,20.27044868,7.767903805,3.966211796,8.513778687,0.108642511,0.461730689,1,0,0
21085,"Grayson County, Kentucky",KY,26465,47024.0,21.06,4.85,4.99,76.01,0.643,0.7025,0.0474,0.461,0.5428,10.7,38.2,32.8,26.5,16.1,5.9,18.6,13.7,15.8,8.7,12.9,10.4,19.64602089,9.559039116,5.291386604,14.34890461,0.264350444,0.717522681,1,0,0
21087,"Green County, Kentucky",KY,11198,38595.0,21.35,9.48,4.61,77.84,0.8046,0.8918,0.1037,0.23,0.629,10.7,38.2,32.8,26.5,16.1,5.9,18.6,13.7,15.8,8.7,12.9,10.4,10.07850933,4.201846123,5.161897182,15.41707897,0.1790471595,0.545702577,1,0,0
21089,"Greenup County, Kentucky",KY,35853,58562.0,15.07,6.17,4.63,82.76,0.4079,0.4464,0.0407,0.1349,0.2351,10.7,38.2,32.8,26.5,16.1,5.9,18.6,13.7,15.8,8.7,12.9,10.4,20.1479702,6.97308588,1.986122727,9.474310875,0.172092363,0.516277075,1,0,0
21091,"Hancock County, Kentucky",KY,9058,68102.0,15.14,4.45,3.78,84.13,0.3083,0.4181,0.0735,0.1289,0.1874,10.7,38.2,32.8,26.5,16.1,5.9,18.6,13.7,15.8,8.7,12.9,10.4,18.456707,4.982267857,2.468199968,9.852815628,0.1790471595,0.343170911,1,0,0
21093,"Hardin County, Kentucky",KY,111005,64136.0,11.51,6.84,6.35,85.76,0.3697,0.714,0.6029,0.6742,0.5721,10.7,38.2,32.8,26.5,16.1,5.9,18.6,13.7,15.8,8.7,12.9,10.4,27.73911095,8.920172691,2.044857979,5.772689342,0.134759992,0.70973599,1,0,0
21095,"Harlan County, Kentucky",KY,26589,35128.0,30.02,10.8,8.94,80.16,0.8495,0.8167,0.0757,0.9055,0.8336,10.7,38.2,32.8,26.5,16.1,5.9,18.6,13.7,15.8,8.7,12.9,10.4,6.24295187,2.896198273,8.27268219,21.97003555,0.312915593,0.860517859,1,0,0
21097,"Harrison County, Kentucky",KY,18803,58840.0,15.84,2.77,8.96,74.57,0.2895,0.1753,0.1276,0.567,0.2714,10.7,38.2,32.8,26.5,16.1,5.9,18.6,13.7,15.8,8.7,12.9,10.4,15.55581665,4.656816483,2.171472549,8.913833618,0.158562362,0.68710357,1,0,0
21099,"Hart County, Kentucky",KY,19345,45561.0,22.64,3.53,8.0,80.84,0.8291,0.7951,0.265,0.7757,0.8037,10.7,38.2,32.8,26.5,16.1,5.9,18.6,13.7,15.8,8.7,12.9,10.4,9.047201157,4.533307076,9.843152046,14.03205013,0.262977958,0.315573543,1,0,0
21101,"Henderson County, Kentucky",KY,44770,56912.0,17.0,3.8,6.71,86.61,0.4785,0.8463,0.4314,0.6608,0.6386,10.7,38.2,32.8,26.5,16.1,5.9,18.6,13.7,15.8,8.7,12.9,10.4,9.695232391,3.196264029,1.0424757,4.488079548,0.201162264,0.737595022,1,0,0
21103,"Henry County, Kentucky",KY,15731,58294.0,16.24,3.95,5.4,79.86,0.7025,0.7362,0.2781,0.3586,0.5845,10.7,38.2,32.8,26.5,16.1,5.9,18.6,13.7,15.8,8.7,12.9,10.4,3.595674753,1.171563864,3.638013601,14.22836971,0.1790471595,0.373436242,1,0,0
21105,"Hickman County, Kentucky",KY,4491,68589.0,16.71,4.09,4.81,89.08,0.1966,0.3586,0.4018,0.3058,0.2326,10.7,38.2,32.8,26.5,16.1,5.9,18.6,13.7,15.8,8.7,12.9,10.4,3.735833645,1.249822736,6.013438225,9.473896027,0.1790471595,0.6513130965,1,0,0
21107,"Hopkins County, Kentucky",KY,45223,54466.0,19.19,7.74,5.47,84.98,0.5552,0.7961,0.3592,0.6239,0.6344,10.7,38.2,32.8,26.5,16.1,5.9,18.6,13.7,15.8,8.7,12.9,10.4,19.44372749,7.350712776,3.330491781,8.365039825,0.134342387,0.649321556,1,0,0
21109,"Jackson County, Kentucky",KY,13002,38516.0,22.64,5.98,7.64,82.96,0.7464,0.7789,0.0041,0.6325,0.664,10.7,38.2,32.8,26.5,16.1,5.9,18.6,13.7,15.8,8.7,12.9,10.4,8.071433067,3.703323603,7.082832813,25.6646843,0.1790471595,0.374812603,1,0,0
21111,"Jefferson County, Kentucky",KY,779232,66296.0,14.13,5.06,9.02,89.19,0.468,0.6723,0.7226,0.6516,0.622,10.7,38.2,32.8,26.5,16.1,5.9,18.6,13.7,15.8,8.7,12.9,10.4,22.19092369,6.480996609,2.313712597,2.667764664,0.194148943,0.896472991,1,0,0
21113,"Jessamine County, Kentucky",KY,53381,69905.0,12.11,4.55,3.97,89.0,0.3987,0.5574,0.3697,0.2148,0.3474,10.7,38.2,32.8,26.5,16.1,5.9,18.6,13.7,15.8,8.7,12.9,10.4,25.03861237,7.694381714,1.042917371,6.237934113,0.092494957,0.702961683,1,0,0
21115,"Johnson County, Kentucky",KY,22631,44231.0,21.4,5.35,7.6,85.05,0.7687,0.6841,0.0099,0.9007,0.7509,10.7,38.2,32.8,26.5,16.1,5.9,18.6,13.7,15.8,8.7,12.9,10.4,3.149492502,1.805241704,11.11245728,23.87169456,0.136351243,0.772657037,1,0,0
21117,"Kenton County, Kentucky",KY,169066,76016.0,11.92,4.38,6.88,90.37,0.2313,0.3856,0.3723,0.4935,0.308,10.7,38.2,32.8,26.5,16.1,5.9,18.6,13.7,15.8,8.7,12.9,10.4,36.40728378,7.277679443,1.424659491,3.165743589,0.113129579,0.607327223,1,0,0
21119,"Knott County, Kentucky",KY,14282,38336.0,27.73,10.63,7.48,75.97,0.7248,0.4836,0.0115,0.973,0.7334,10.7,38.2,32.8,26.5,16.1,5.9,18.6,13.7,15.8,8.7,12.9,10.4,0.865477681,0.607672572,12.44004631,34.08024597,0.344542444,0.344542444,1,0,0
21121,"Knox County, Kentucky",KY,30207,34254.0,34.04,8.87,12.96,80.55,0.9154,0.7757,0.0474,0.9316,0.8584,10.7,38.2,32.8,26.5,16.1,5.9,18.6,13.7,15.8,8.7,12.9,10.4,27.93110275,17.90261078,7.297691822,23.97162247,0.225646317,0.805879712,1,0,0
21123,"Larue County, Kentucky",KY,14902,57867.0,18.84,2.79,3.69,79.69,0.4553,0.5437,0.2587,0.0522,0.2501,10.7,38.2,32.8,26.5,16.1,5.9,18.6,13.7,15.8,8.7,12.9,10.4,18.97266769,6.748859882,1.659436107,13.99193001,0.1790471595,0.623657405,1,0,0
21125,"Laurel County, Kentucky",KY,62442,53693.0,20.55,3.63,5.37,85.22,0.5826,0.4706,0.0407,0.6942,0.5285,10.7,38.2,32.8,26.5,16.1,5.9,18.6,13.7,15.8,8.7,12.9,10.4,24.49327469,11.17776489,4.431848049,15.4181776,0.130637839,0.636859477,1,0,0
21127,"Lawrence County, Kentucky",KY,16228,42488.0,26.33,5.19,4.67,75.91,0.7445,0.5765,0.0115,0.2214,0.4744,10.7,38.2,32.8,26.5,16.1,5.9,18.6,13.7,15.8,8.7,12.9,10.4,9.29360199,5.715595722,4.496736526,19.18102646,0.1790471595,0.583052576,1,0,0
21129,"Lee County, Kentucky",KY,7338,31682.0,31.36,8.08,15.4,72.62,0.854,0.4407,0.2062,0.9968,0.8492,10.7,38.2,32.8,26.5,16.1,5.9,18.6,13.7,15.8,8.7,12.9,10.4,0.023151912,0.011357542,8.500396729,27.87937355,0.1790471595,0.550357759,1,0,0
21131,"Leslie County, Kentucky",KY,10468,37019.0,33.63,9.99,8.44,78.5,0.7041,0.1324,0.0057,0.9182,0.5746,10.7,38.2,32.8,26.5,16.1,5.9,18.6,13.7,15.8,8.7,12.9,10.4,8.400572777,4.938101292,11.90600586,24.44301987,0.311300188,0.311300188,1,0,0
21133,"Letcher County, Kentucky",KY,21490,38466.0,29.01,7.75,7.08,79.6,0.7833,0.7512,0.0073,0.6962,0.7012,10.7,38.2,32.8,26.5,16.1,5.9,18.6,13.7,15.8,8.7,12.9,10.4,0.0,0.0,6.167786121,24.47408485,0.235704526,0.659972668,1,0,0
21135,"Lewis County, Kentucky",KY,13063,36662.0,26.59,7.35,6.37,79.84,0.8002,0.503,0.0048,0.4038,0.5495,10.7,38.2,32.8,26.5,16.1,5.9,18.6,13.7,15.8,8.7,12.9,10.4,1.15794909,0.537387908,6.093345165,20.96863365,0.301613629,0.301613629,1,0,0
21137,"Lincoln County, Kentucky",KY,24320,49487.0,17.37,6.55,6.72,79.11,0.7031,0.8155,0.1457,0.3455,0.5835,10.7,38.2,32.8,26.5,16.1,5.9,18.6,13.7,15.8,8.7,12.9,10.4,17.78019333,8.909715652,5.530038357,15.31034374,0.122619145,0.367857426,1,0,0
21139,"Livingston County, Kentucky",KY,8980,56125.0,16.84,6.14,2.94,83.8,0.497,0.496,0.0735,0.0582,0.2374,10.7,38.2,32.8,26.5,16.1,5.9,18.6,13.7,15.8,8.7,12.9,10.4,15.4224453,6.664597988,5.421629429,13.77128696,0.33182171,0.33182171,1,0,0
21141,"Logan County, Kentucky",KY,27498,58869.0,15.75,5.58,6.12,81.97,0.6274,0.4852,0.3503,0.2599,0.4671,10.7,38.2,32.8,26.5,16.1,5.9,18.6,13.7,15.8,8.7,12.9,10.4,9.847579956,3.362093925,5.358445168,9.069943428,0.2188503,0.474175662,1,0,0
21143,"Lyon County, Kentucky",KY,8721,64081.0,9.96,3.58,2.73,85.72,0.1718,0.1616,0.3563,0.3576,0.1845,10.7,38.2,32.8,26.5,16.1,5.9,18.6,13.7,15.8,8.7,12.9,10.4,3.289653778,1.025944591,1.013938785,9.150332451,0.1790471595,0.491823435,1,0,0
21145,"McCracken County, Kentucky",KY,67573,58490.0,15.17,3.57,8.22,88.55,0.3436,0.4763,0.4913,0.8626,0.5517,10.7,38.2,32.8,26.5,16.1,5.9,18.6,13.7,15.8,8.7,12.9,10.4,38.88143158,15.17302132,3.978174925,7.379929066,0.152336851,1.142526388,1,0,0
21147,"McCreary County, Kentucky",KY,16892,35000.0,33.65,5.61,10.8,72.29,0.7311,0.3077,0.314,0.9087,0.6965,10.7,38.2,32.8,26.5,16.1,5.9,18.6,13.7,15.8,8.7,12.9,10.4,2.849701643,1.871148109,8.216934204,28.34946251,0.2343155,0.292894393,1,0,0
21149,"McLean County, Kentucky",KY,9173,64020.0,7.93,6.71,5.85,83.74,0.195,0.21,0.0627,0.4165,0.1839,10.7,38.2,32.8,26.5,16.1,5.9,18.6,13.7,15.8,8.7,12.9,10.4,3.29211688,1.030315518,3.440024137,11.13881111,0.1790471595,0.661157012,1,0,0
21151,"Madison County, Kentucky",KY,92955,59797.0,16.12,5.43,4.53,87.77,0.4843,0.1005,0.328,0.5982,0.3843,10.7,38.2,32.8,26.5,16.1,5.9,18.6,13.7,15.8,8.7,12.9,10.4,25.74796104,11.99990559,3.294822216,9.225512505,0.095475525,0.710762203,1,0,0
21153,"Magoffin County, Kentucky",KY,11647,31927.0,30.44,12.83,8.54,77.08,0.8396,0.6872,0.0057,0.8062,0.7595,10.7,38.2,32.8,26.5,16.1,5.9,18.6,13.7,15.8,8.7,12.9,10.4,2.381536722,1.445636153,7.701796532,29.49230576,0.1790471595,0.499292672,1,0,0
21155,"Marion County, Kentucky",KY,19627,49627.0,22.48,5.97,5.72,84.07,0.6949,0.8791,0.3697,0.7957,0.7859,10.7,38.2,32.8,26.5,16.1,5.9,18.6,13.7,15.8,8.7,12.9,10.4,14.69002151,7.192831039,5.232781887,16.60892677,0.207103655,0.673086882,1,0,0
21157,"Marshall County, Kentucky",KY,31706,64597.0,12.11,2.98,4.39,84.37,0.1833,0.3163,0.0191,0.3175,0.1699,10.7,38.2,32.8,26.5,16.1,5.9,18.6,13.7,15.8,8.7,12.9,10.4,9.213960648,2.875682116,3.783686876,8.443183899,0.192536026,0.673876047,1,0,0
21159,"Martin County, Kentucky",KY,11298,45265.0,23.53,6.39,8.28,79.9,0.7079,0.1537,0.3592,0.9618,0.6869,10.7,38.2,32.8,26.5,16.1,5.9,18.6,13.7,15.8,8.7,12.9,10.4,1.959810376,0.821611524,6.597735882,22.20220947,0.362614453,0.906536102,1,0,0
21161,"Mason County, Kentucky",KY,17068,48460.0,18.74,4.71,10.5,82.36,0.6042,0.8304,0.3535,0.5743,0.6542,10.7,38.2,32.8,26.5,16.1,5.9,18.6,13.7,15.8,8.7,12.9,10.4,17.55197906,6.938975811,4.834301949,8.861688614,0.176108018,0.997945428,1,0,0
21163,"Meade County, Kentucky",KY,29964,68518.0,13.28,4.17,4.24,89.36,0.1839,0.2272,0.335,0.2084,0.1559,10.7,38.2,32.8,26.5,16.1,5.9,18.6,13.7,15.8,8.7,12.9,10.4,16.57704163,5.772920609,2.835891485,10.73454571,0.104836456,0.34945485,1,0,0
21165,"Menifee County, Kentucky",KY,6174,43797.0,26.89,4.66,6.85,71.49,0.5469,0.6907,0.0191,0.7136,0.5676,10.7,38.2,32.8,26.5,16.1,5.9,18.6,13.7,15.8,8.7,12.9,10.4,1.065266371,0.275389493,7.121853828,20.01273918,0.1790471595,0.6513130965,1,0,0
21167,"Mercer County, Kentucky",KY,22662,60728.0,11.21,4.49,4.89,83.65,0.2774,0.2323,0.2781,0.126,0.1591,10.7,38.2,32.8,26.5,16.1,5.9,18.6,13.7,15.8,8.7,12.9,10.4,14.72829151,5.383099079,5.147194386,11.71661186,0.137055144,0.411165416,1,0,0
21169,"Metcalfe County, Kentucky",KY,10313,46932.0,24.0,4.8,6.3,83.46,0.6217,0.4108,0.0627,0.7194,0.5453,10.7,38.2,32.8,26.5,16.1,5.9,18.6,13.7,15.8,8.7,12.9,10.4,0.788532257,0.476170748,2.797348499,18.28305435,0.1790471595,0.298270047,1,0,0
21171,"Monroe County, Kentucky",KY,11331,47252.0,20.91,5.35,7.48,78.46,0.581,0.9112,0.1409,0.777,0.714,10.7,38.2,32.8,26.5,16.1,5.9,18.6,13.7,15.8,8.7,12.9,10.4,3.478096008,1.721345305,5.920859814,9.97582531,0.379182875,0.568774283,1,0,0
21173,"Montgomery County, Kentucky",KY,28188,53436.0,16.39,5.98,6.16,87.73,0.6936,0.7,0.1753,0.4617,0.5896,10.7,38.2,32.8,26.5,16.1,5.9,18.6,13.7,15.8,8.7,12.9,10.4,14.55397034,6.319625854,3.269858837,12.81879711,0.177393034,0.674093544,1,0,0
21175,"Morgan County, Kentucky",KY,13840,46018.0,20.43,3.11,6.71,77.9,0.5845,0.2256,0.1985,0.9297,0.5918,10.7,38.2,32.8,26.5,16.1,5.9,18.6,13.7,15.8,8.7,12.9,10.4,7.601950645,4.141531944,6.343524456,26.03701782,0.228275761,0.532643437,1,0,0
21177,"Muhlenberg County, Kentucky",KY,30735,50935.0,16.31,4.88,4.59,82.36,0.5307,0.2584,0.182,0.3325,0.3535,10.7,38.2,32.8,26.5,16.1,5.9,18.6,13.7,15.8,8.7,12.9,10.4,13.47738647,5.167409897,3.33542943,11.30011463,0.196999043,0.590997159,1,0,0
21179,"Nelson County, Kentucky",KY,46779,66212.0,8.77,2.95,3.02,89.02,0.1359,0.3532,0.2879,0.0496,0.0888,10.7,38.2,32.8,26.5,16.1,5.9,18.6,13.7,15.8,8.7,12.9,10.4,3.869407415,1.314573884,3.415788174,7.76992178,0.129171148,0.581270158,1,0,0
21181,"Nicholas County, Kentucky",KY,7613,57539.0,16.18,5.63,8.91,74.67,0.6001,0.1868,0.0229,0.5345,0.4111,10.7,38.2,32.8,26.5,16.1,5.9,18.6,13.7,15.8,8.7,12.9,10.4,0.590971649,0.295709342,6.311493397,15.34815979,0.1790471595,0.6513130965,1,0,0
21183,"Ohio County, Kentucky",KY,23782,52474.0,14.04,4.51,3.66,79.43,0.4158,0.9252,0.1225,0.1817,0.4251,10.7,38.2,32.8,26.5,16.1,5.9,18.6,13.7,15.8,8.7,12.9,10.4,6.856123447,2.879397869,3.575689316,13.82644463,0.1790471595,0.543955803,1,0,0
21185,"Oldham County, Kentucky",KY,67997,117334.0,3.99,3.86,1.18,94.78,0.0181,0.1702,0.3723,0.112,0.0398,10.7,38.2,32.8,26.5,16.1,5.9,18.6,13.7,15.8,8.7,12.9,10.4,38.75368881,5.042472363,1.127963901,3.371053219,0.059702385,0.402991086,1,0,0
21187,"Owen County, Kentucky",KY,11229,56485.0,14.14,4.59,2.77,72.65,0.5507,0.3058,0.0932,0.133,0.2711,10.7,38.2,32.8,26.5,16.1,5.9,18.6,13.7,15.8,8.7,12.9,10.4,9.284034729,4.447189808,1.580913067,12.92666817,0.1790471595,0.544612885,1,0,0
21189,"Owsley County, Kentucky",KY,4054,32844.0,28.82,14.15,10.41,70.86,0.7082,0.2246,0.2323,0.5371,0.5078,10.7,38.2,32.8,26.5,16.1,5.9,18.6,13.7,15.8,8.7,12.9,10.4,2.279495478,1.39534688,10.98804474,42.09245682,0.1790471595,0.6513130965,1,0,0
21191,"Pendleton County, Kentucky",KY,14638,58723.0,17.79,5.0,4.35,76.26,0.6252,0.3662,0.1225,0.6351,0.5221,10.7,38.2,32.8,26.5,16.1,5.9,18.6,13.7,15.8,8.7,12.9,10.4,0.575500846,0.203736737,1.838045835,10.70095634,0.1790471595,0.274235576,1,0,0
21193,"Perry County, Kentucky",KY,28136,45330.0,23.83,7.53,7.79,85.18,0.7566,0.7343,0.0932,0.6767,0.6901,10.7,38.2,32.8,26.5,16.1,5.9,18.6,13.7,15.8,8.7,12.9,10.4,1.093630552,0.820531666,8.684047699,24.64207649,0.314267755,0.864236355,1,0,0
21195,"Pike County, Kentucky",KY,58196,41271.0,23.89,7.28,8.91,79.98,0.8673,0.5272,0.0229,0.8489,0.7506,10.7,38.2,32.8,26.5,16.1,5.9,18.6,13.7,15.8,8.7,12.9,10.4,0.140916154,0.058963973,5.9675951,17.31405258,0.315474004,1.034053683,1,0,0
21197,"Powell County, Kentucky",KY,13089,38415.0,21.11,7.08,8.52,70.8,0.867,0.5651,0.0757,0.938,0.7992,10.7,38.2,32.8,26.5,16.1,5.9,18.6,13.7,15.8,8.7,12.9,10.4,0.003764293,0.001331159,3.953657866,18.93989372,0.245539367,0.654771626,1,0,0
21199,"Pulaski County, Kentucky",KY,65145,48768.0,21.37,4.88,6.08,81.34,0.7483,0.8886,0.1339,0.3735,0.6456,10.7,38.2,32.8,26.5,16.1,5.9,18.6,13.7,15.8,8.7,12.9,10.4,23.65632629,7.894081116,4.392143726,12.14490414,0.122081488,0.656188011,1,0,0
21201,"Robertson County, Kentucky",KY,2207,53798.0,21.98,7.04,2.51,68.01,0.7251,0.5339,0.0115,0.6246,0.587,10.7,38.2,32.8,26.5,16.1,5.9,18.6,13.7,15.8,8.7,12.9,10.4,74.75108337,29.34759903,5.078879356,16.74057579,0.1790471595,0.6513130965,1,0,0
21203,"Rockcastle County, Kentucky",KY,16171,45693.0,23.55,6.56,9.06,76.58,0.6389,0.4178,0.0099,0.6621,0.5291,10.7,38.2,32.8,26.5,16.1,5.9,18.6,13.7,15.8,8.7,12.9,10.4,0.455224395,0.239517093,7.519872665,18.77662468,0.179104477,0.597014904,1,0,0
21205,"Rowan County, Kentucky",KY,24551,50038.0,24.59,4.59,8.78,90.1,0.6927,0.014,0.0932,0.9586,0.5065,10.7,38.2,32.8,26.5,16.1,5.9,18.6,13.7,15.8,8.7,12.9,10.4,1.798016071,1.346832752,6.577772617,14.4191761,0.121546067,0.891337812,1,0,0
21207,"Russell County, Kentucky",KY,18021,48220.0,21.63,6.07,3.9,78.25,0.6812,0.938,0.1572,0.2552,0.6029,10.7,38.2,32.8,26.5,16.1,5.9,18.6,13.7,15.8,8.7,12.9,10.4,4.049231529,2.388493538,5.332109451,15.82615852,0.277808636,0.500055552,1,0,0
21209,"Scott County, Kentucky",KY,57286,80782.0,9.28,3.75,3.41,90.61,0.0544,0.5501,0.4018,0.2552,0.1572,10.7,38.2,32.8,26.5,16.1,5.9,18.6,13.7,15.8,8.7,12.9,10.4,23.5078907,7.270386219,1.512926221,5.774337292,0.051308364,0.667008698,1,0,0
21211,"Shelby County, Kentucky",KY,48105,81012.0,7.92,3.26,2.35,90.88,0.2564,0.3789,0.5383,0.3007,0.2892,10.7,38.2,32.8,26.5,16.1,5.9,18.6,13.7,15.8,8.7,12.9,10.4,0.651029944,0.343152523,0.869206905,4.98191309,0.080627277,0.64501822,1,0,0
21213,"Simpson County, Kentucky",KY,19574,55907.0,14.19,3.53,3.03,84.44,0.4779,0.0372,0.4314,0.2205,0.2259,10.7,38.2,32.8,26.5,16.1,5.9,18.6,13.7,15.8,8.7,12.9,10.4,17.88562012,6.784722805,1.135403395,6.590753555,0.1790471595,1.073249221,1,0,0
21215,"Spencer County, Kentucky",KY,19549,101118.0,8.33,6.24,2.7,89.52,0.1448,0.069,0.1276,0.0347,0.0356,10.7,38.2,32.8,26.5,16.1,5.9,18.6,13.7,15.8,8.7,12.9,10.4,0.0,0.0,1.171126962,4.848657608,0.1790471595,0.45953536,1,0,0
21217,"Taylor County, Kentucky",KY,26056,63211.0,14.27,4.9,6.66,85.78,0.2911,0.5654,0.3086,0.3789,0.3395,10.7,38.2,32.8,26.5,16.1,5.9,18.6,13.7,15.8,8.7,12.9,10.4,8.190376282,2.88005209,3.261115313,12.25021362,0.155599639,0.894697964,1,0,0
21219,"Todd County, Kentucky",KY,12281,57891.0,21.13,4.34,9.27,68.66,0.7572,0.7455,0.4273,0.8533,0.7986,10.7,38.2,32.8,26.5,16.1,5.9,18.6,13.7,15.8,8.7,12.9,10.4,7.373995781,3.255736828,8.965694427,16.55702591,0.321336746,0.401670963,1,0,0
21221,"Trigg County, Kentucky",KY,14154,55864.0,18.17,4.0,7.05,75.09,0.685,0.7846,0.377,0.5352,0.6672,10.7,38.2,32.8,26.5,16.1,5.9,18.6,13.7,15.8,8.7,12.9,10.4,8.977780342,1.599065781,4.047395706,7.840343952,0.1790471595,0.541418493,1,0,0
21223,"Trimble County, Kentucky",KY,8510,66492.0,13.7,8.35,5.29,74.34,0.419,0.3805,0.2062,0.4232,0.3633,10.7,38.2,32.8,26.5,16.1,5.9,18.6,13.7,15.8,8.7,12.9,10.4,0.0,0.0,5.830281734,12.30327129,0.1790471595,0.6513130965,1,0,0
21225,"Union County, Kentucky",KY,13495,58260.0,18.85,3.66,5.13,85.12,0.2794,0.1829,0.3649,0.3468,0.2424,10.7,38.2,32.8,26.5,16.1,5.9,18.6,13.7,15.8,8.7,12.9,10.4,33.46018219,19.97722244,3.088953495,9.817383766,0.276950777,0.623139262,1,0,0
21227,"Warren County, Kentucky",KY,135307,63074.0,17.17,4.74,6.68,90.33,0.6265,0.6029,0.5819,0.9415,0.7731,10.7,38.2,32.8,26.5,16.1,5.9,18.6,13.7,15.8,8.7,12.9,10.4,16.0259037,5.456972122,1.750324726,4.548992634,0.126384661,0.825217485,1,0,0
21229,"Washington County, Kentucky",KY,12025,65456.0,14.13,2.32,6.77,76.14,0.3735,0.6373,0.3592,0.3818,0.4184,10.7,38.2,32.8,26.5,16.1,5.9,18.6,13.7,15.8,8.7,12.9,10.4,16.16628838,5.163874149,3.621105909,11.85322571,0.246974558,0.576273978,1,0,0
21231,"Wayne County, Kentucky",KY,19666,41583.0,25.37,5.17,5.95,77.23,0.7941,0.9255,0.1696,0.3128,0.6812,10.7,38.2,32.8,26.5,16.1,5.9,18.6,13.7,15.8,8.7,12.9,10.4,19.35679817,9.847898483,6.852309227,18.08349419,0.1790471595,0.494829029,1,0,0
21233,"Webster County, Kentucky",KY,12951,55451.0,16.06,5.91,5.31,79.21,0.5317,0.9704,0.3484,0.5702,0.706,10.7,38.2,32.8,26.5,16.1,5.9,18.6,13.7,15.8,8.7,12.9,10.4,27.72751999,10.59307957,5.200519085,15.52931118,0.232144237,0.619051278,1,0,0
21235,"Whitley County, Kentucky",KY,36648,44332.0,23.49,6.42,8.57,78.49,0.8918,0.5027,0.0407,0.9831,0.8365,10.7,38.2,32.8,26.5,16.1,5.9,18.6,13.7,15.8,8.7,12.9,10.4,4.249444008,2.454419851,3.550495863,17.02277184,0.219472721,0.823022664,1,0,0
21237,"Wolfe County, Kentucky",KY,6573,28666.0,36.77,20.26,16.32,72.59,0.902,0.4728,0.0006,0.8995,0.776,10.7,38.2,32.8,26.5,16.1,5.9,18.6,13.7,15.8,8.7,12.9,10.4,5.605377197,2.693081379,17.32607269,36.8917923,0.1790471595,0.6513130965,1,0,0
21239,"Woodford County, Kentucky",KY,26886,78295.0,8.44,2.46,3.67,88.96,0.1085,0.6659,0.4085,0.1378,0.1801,10.7,38.2,32.8,26.5,16.1,5.9,18.6,13.7,15.8,8.7,12.9,10.4,44.51067352,12.07778072,3.062470436,8.368268013,0.186811134,0.709882319,1,0,0
22001,"Acadia Parish, Louisiana",LA,57674,44977.0,23.72,8.77,9.24,78.7,0.8867,0.8781,0.5759,0.7935,0.8832,14.3,41.7,40.8,35.0,22.2,7.3,22.8,17.3,27.1,13.3,19.0,10.8,6.62396431,3.185676098,2.103132963,7.131978035,0.274556667,0.549113333,0,0,0
22003,"Allen Parish, Louisiana",LA,22798,52755.0,19.58,8.88,8.16,75.89,0.7525,0.9354,0.6647,0.944,0.903,14.3,43.9,42.3,34.4,21.6,7.4,21.2,16.5,26.7,13.0,19.3,11.9,28.08324242,11.24363995,2.935409784,9.653206825,0.1790471595,0.471698105,0,0,0
22005,"Ascension Parish, Louisiana",LA,126973,93800.0,9.9,4.54,3.73,90.36,0.2259,0.6717,0.7105,0.3274,0.384,11.2,35.0,37.0,25.7,15.1,5.6,19.2,13.0,17.3,9.0,14.1,8.2,42.30069733,9.934357643,1.986521006,5.964306831,0.194303036,0.847161233,0,0,0
22007,"Assumption Parish, Louisiana",LA,21067,47023.0,16.03,7.98,9.05,75.63,0.7719,0.5854,0.7226,0.5635,0.7296,13.4,38.3,39.4,33.4,20.9,6.8,21.6,15.8,25.9,12.7,19.2,10.6,0.885137677,0.582532406,5.443554401,12.9141655,0.138753995,0.323759317,0,0,0
22009,"Avoyelles Parish, Louisiana",LA,39529,38696.0,27.95,7.45,9.86,74.33,0.9545,0.9383,0.7299,0.9084,0.9682,15.2,43.2,44.1,36.6,23.7,7.8,23.1,17.8,30.9,15.5,22.5,11.7,20.54785538,11.56552982,5.714417458,15.97159004,0.225191414,0.375319034,0,0,0
22011,"Beauregard Parish, Louisiana",LA,36553,68525.0,13.31,8.06,5.45,88.19,0.4744,0.5377,0.5415,0.6131,0.5498,11.8,40.5,36.5,28.8,18.7,6.4,20.9,15.0,19.5,10.1,14.6,8.8,55.81916809,20.59716034,3.933830738,8.081997871,0.10559383,0.527969182,0,0,0
22013,"Bienville Parish, Louisiana",LA,12958,34268.0,31.08,5.6,12.95,64.8,0.8944,0.9612,0.8492,0.9695,0.9755,17.5,47.6,45.6,40.0,24.5,8.0,23.2,18.2,35.1,17.3,25.0,11.5,35.64274597,19.49921417,9.62029171,18.5236187,0.1790471595,0.462142795,0,0,0
22015,"Bossier Parish, Louisiana",LA,128877,64598.0,16.66,5.56,6.1,76.96,0.721,0.7381,0.7359,0.7019,0.7773,12.1,40.9,37.0,29.3,16.3,6.0,19.2,13.7,19.4,10.1,15.6,8.3,25.83701706,10.92777538,2.149882793,7.328306675,0.109998032,0.872127295,0,0,0
22017,"Caddo Parish, Louisiana",LA,236259,47572.0,21.94,8.61,10.34,79.59,0.9033,0.8202,0.9017,0.8963,0.9329,14.5,42.3,42.5,31.8,18.6,6.7,20.8,15.4,28.8,14.0,21.9,9.2,34.79154205,16.04053497,5.401910305,9.249594688,0.130537853,0.922186792,0,0,0
22019,"Calcasieu Parish, Louisiana",LA,210770,64370.0,17.14,5.6,6.2,83.24,0.616,0.5673,0.7105,0.7693,0.7149,12.5,42.9,39.0,32.0,17.3,6.2,19.8,14.0,20.5,10.7,15.7,8.6,34.11504364,13.03103065,1.63762331,5.390822887,0.162313715,0.895184696,0,0,0
22021,"Caldwell Parish, Louisiana",LA,9658,45707.0,24.86,12.91,9.12,71.8,0.8568,0.6777,0.5775,0.986,0.9052,14.2,38.8,41.0,34.3,23.6,7.7,22.7,17.1,27.0,13.5,19.3,11.0,7.896505356,3.871023655,5.489843845,12.20919609,0.304909021,0.508181751,0,0,0
22023,"Cameron Parish, Louisiana",LA,5447,69847.0,12.37,2.08,1.52,84.26,0.2644,0.5415,0.377,0.2899,0.2984,10.6,36.3,35.5,26.4,17.4,6.1,20.4,14.1,16.2,8.7,12.7,8.1,25.58010674,5.857306004,0.791241467,6.950369835,0.428387821,0.6513130965,0,0,0
22025,"Catahoula Parish, Louisiana",LA,8895,48259.0,24.65,6.48,10.3,73.5,0.8374,0.2911,0.7121,0.9876,0.8581,15.0,41.6,42.1,35.7,22.8,7.6,22.0,17.4,30.0,14.9,21.7,12.5,35.25856018,13.60840893,4.312747955,9.815990448,0.1790471595,0.6513130965,0,0,0
22027,"Claiborne Parish, Louisiana",LA,14203,32034.0,32.61,5.15,12.71,47.45,0.7636,0.2876,0.8899,0.9395,0.8069,18.8,48.9,48.6,41.5,26.6,8.7,23.0,19.0,40.0,19.8,28.4,13.6,17.30858803,12.00543785,6.093746185,14.69788265,0.193448544,0.515862763,0,0,0
22029,"Concordia Parish, Louisiana",LA,18677,38929.0,33.87,11.96,11.76,72.63,0.9561,0.9924,0.8088,0.9577,0.9949,16.8,45.9,45.6,37.7,23.6,8.0,22.8,17.8,33.7,16.7,24.4,11.5,36.81792068,20.78162956,8.328619957,11.80877304,0.158612669,0.581579804,0,0,0
22031,"De Soto Parish, Louisiana",LA,26821,49807.0,20.22,6.9,9.11,77.52,0.7397,0.8988,0.7929,0.5784,0.8101,14.6,44.2,42.0,32.7,21.0,6.9,21.9,16.2,27.5,13.7,20.1,9.9,26.9807415,9.257029533,6.603592873,16.60632324,0.1790471595,0.433996379,0,0,0
22033,"East Baton Rouge Parish, Louisiana",LA,454369,62083.0,17.86,7.09,7.72,89.17,0.7903,0.6347,0.9017,0.8546,0.846,13.6,36.6,40.3,24.9,15.0,5.9,18.9,13.2,21.9,11.5,17.9,7.8,28.83160591,11.72066689,2.40414238,5.58821106,0.268347085,1.032454133,0,0,0
22035,"East Carroll Parish, Louisiana",LA,7371,30856.0,40.28,15.1,12.14,63.12,0.9469,0.4897,0.9672,0.7496,0.8781,21.3,51.7,52.5,44.1,29.1,9.5,23.5,20.2,46.8,23.5,33.6,16.0,33.59168625,21.80699158,7.920456409,14.04092598,0.1790471595,0.6513130965,0,0,0
22037,"East Feliciana Parish, Louisiana",LA,19452,64709.0,14.67,5.47,8.29,75.11,0.4741,0.056,0.8403,0.9609,0.5937,13.2,41.9,42.4,32.1,18.4,6.4,20.0,14.4,23.2,11.7,18.7,9.3,1.45956099,0.437135875,5.603653908,12.81482315,0.1790471595,0.370723426,0,0,0
22039,"Evangeline Parish, Louisiana",LA,32335,34526.0,27.76,14.02,11.13,76.11,0.9841,0.9955,0.7261,0.9895,0.999,15.0,44.9,42.2,35.8,22.5,7.5,22.2,17.5,29.3,14.4,21.2,12.0,9.486182213,6.289346695,5.737145424,12.77053356,0.300516903,0.300516903,0,0,0
22041,"Franklin Parish, Louisiana",LA,19752,41129.0,26.02,9.18,5.24,63.9,0.9122,0.7525,0.7178,0.4337,0.8053,15.1,42.2,42.7,36.0,23.4,7.6,22.8,17.8,30.8,15.3,21.7,11.1,25.86173058,13.03284931,4.369277477,13.37728119,0.1790471595,0.709831178,0,0,0
22043,"Grant Parish, Louisiana",LA,22185,57362.0,15.01,3.98,7.5,76.98,0.6163,0.5908,0.6045,0.8231,0.7219,12.7,39.6,40.1,30.7,20.1,6.8,20.7,15.5,22.3,11.2,16.7,10.9,19.49109268,8.844326019,2.347404242,14.98901176,0.134807229,0.6513130965,0,0,0
22045,"Iberia Parish, Louisiana",LA,69958,55190.0,23.1,6.34,11.47,84.47,0.8409,0.9351,0.8059,0.9115,0.936,14.7,42.4,40.9,34.2,20.7,7.1,21.7,16.3,27.4,13.8,20.1,10.8,15.46833038,5.824836731,4.428880215,9.681545258,0.275398254,0.623269677,0,0,0
22047,"Iberville Parish, Louisiana",LA,30210,59410.0,16.83,7.51,7.61,81.32,0.7308,0.7222,0.8842,0.8953,0.8501,14.4,42.9,41.0,33.2,19.1,6.6,20.8,15.3,27.1,13.4,21.2,10.4,5.151103497,1.96622014,4.697056293,12.36127567,0.18709074,0.561272204,0,0,0
22049,"Jackson Parish, Louisiana",LA,15093,40406.0,26.2,4.9,10.66,73.36,0.6192,0.9173,0.7003,0.8524,0.8301,14.4,45.1,42.0,35.0,21.3,7.2,21.6,16.5,26.7,13.3,19.4,10.3,20.90443611,10.72657681,7.135793209,14.97332573,0.1790471595,0.706305385,0,0,0
22051,"Jefferson Parish, Louisiana",LA,436171,63257.0,15.48,6.01,7.19,85.62,0.8288,0.8559,0.8673,0.5148,0.8295,13.6,41.5,38.0,29.0,15.0,6.0,19.0,13.4,21.5,10.9,17.3,10.4,13.18583393,4.831209183,0.939168334,1.928885937,0.194288835,0.895116389,0,0,0
22053,"Jefferson Davis Parish, Louisiana",LA,32277,52470.0,16.02,4.02,5.73,77.47,0.5113,0.7079,0.5759,0.4203,0.5549,12.6,42.5,38.7,32.2,20.1,6.7,21.8,16.0,22.2,11.3,16.4,9.4,15.63646507,7.975625515,3.255811453,6.854214191,0.256344527,0.640861332,0,0,0
22055,"Lafayette Parish, Louisiana",LA,243175,66617.0,16.81,5.25,6.49,89.79,0.6344,0.5205,0.7321,0.8285,0.735,11.9,34.3,37.1,23.9,15.9,5.9,18.7,13.1,19.4,10.2,15.1,8.0,27.35456467,9.274452209,1.576286554,4.114186287,0.219050944,1.030350685,0,0,0
22057,"Lafourche Parish, Louisiana",LA,97220,61381.0,16.55,6.48,7.94,82.64,0.6815,0.5609,0.5915,0.8384,0.7416,12.7,47.2,39.5,31.7,19.4,6.7,21.5,15.5,22.2,11.2,16.4,9.6,26.78843498,8.433029175,2.919639111,6.627208233,0.112709537,0.614779294,0,0,0
22059,"LaSalle Parish, Louisiana",LA,14764,59926.0,15.19,4.6,4.74,86.99,0.3274,0.4547,0.5326,0.6456,0.4648,12.4,38.9,37.2,30.0,19.1,6.4,20.2,15.0,20.9,10.6,15.8,11.2,22.60056305,12.11076069,2.018549919,8.687529564,0.1790471595,0.79888159,0,0,0
22061,"Lincoln Parish, Louisiana",LA,48323,37001.0,29.7,4.15,8.65,82.18,0.7544,0.1712,0.8524,0.9507,0.7786,15.1,46.3,42.7,32.5,18.9,7.1,20.9,15.9,26.6,13.9,20.2,8.7,34.14171219,19.39869881,4.682390213,11.01908684,0.107406773,0.859254181,0,0,0
22063,"Livingston Parish, Louisiana",LA,143425,77978.0,11.61,4.49,4.15,89.26,0.3344,0.6933,0.4378,0.5135,0.4709,11.7,38.6,38.3,26.9,17.0,6.1,20.1,14.4,18.7,9.1,14.0,8.5,28.07213402,7.805734634,3.202711582,9.638753891,0.097400114,0.570486367,0,0,0
22065,"Madison Parish, Louisiana",LA,10028,34508.0,38.1,5.82,13.32,64.75,0.9663,0.964,0.9459,1.0,1.0,19.6,50.1,49.6,42.5,26.2,8.6,23.8,19.3,42.6,21.5,30.9,13.3,5.694543362,3.063560247,2.03253293,5.84680891,0.1790471595,0.658204019,0,0,0
22067,"Morehouse Parish, Louisiana",LA,25438,37875.0,28.8,8.82,10.33,67.89,0.9488,0.7601,0.8804,0.9354,0.9558,16.8,44.9,47.5,37.1,23.5,7.8,22.6,17.5,35.4,17.6,25.9,11.3,22.8638382,13.91896152,5.282492161,9.960552216,0.123828784,0.495315135,0,0,0
22069,"Natchitoches Parish, Louisiana",LA,37478,41310.0,25.92,8.9,8.01,73.61,0.9017,0.4668,0.8661,0.9924,0.9281,14.8,42.4,43.4,32.4,19.8,6.9,21.3,15.9,27.4,14.0,20.9,9.3,27.85057831,15.26506519,4.247885704,14.34642506,0.159341395,0.610808671,0,0,0
22071,"Orleans Parish, Louisiana",LA,380408,51116.0,22.92,8.43,17.43,81.64,0.9115,0.3595,0.9567,0.7381,0.8381,14.4,34.2,39.0,26.1,15.2,6.1,19.2,13.3,24.9,12.7,19.8,8.4,17.55114174,8.782999039,2.528625488,3.710527658,0.338916898,1.009048104,0,0,0
22073,"Ouachita Parish, Louisiana",LA,159585,49261.0,23.44,6.47,8.8,80.2,0.882,0.5682,0.8116,0.9303,0.8845,13.9,44.1,42.1,32.3,18.2,6.6,20.6,14.6,25.2,12.7,19.3,8.8,33.13652802,15.44380379,3.66754055,7.907408714,0.150880024,0.76752013,0,0,0
22075,"Plaquemines Parish, Louisiana",LA,23305,77996.0,14.7,4.42,5.32,87.97,0.4092,0.7197,0.7626,0.7451,0.651,12.4,38.4,37.3,28.8,16.6,6.1,19.4,14.1,20.2,10.4,15.9,9.4,54.90789795,20.32692719,5.081172943,8.201708794,0.129797086,0.605719745,0,0,0
22077,"Pointe Coupee Parish, Louisiana",LA,20652,53045.0,19.13,7.39,5.64,79.82,0.8428,0.7521,0.7859,0.2138,0.7127,13.3,40.0,40.4,32.0,19.2,6.5,21.3,15.3,24.8,12.4,18.9,9.7,29.15739822,10.5418539,4.597283363,10.7320385,0.232244879,0.464489758,0,0,0
22079,"Rapides Parish, Louisiana",LA,129536,55407.0,18.32,5.67,9.55,84.62,0.7744,0.9189,0.776,0.922,0.9071,13.4,40.7,39.9,30.3,19.1,6.5,21.1,15.4,24.0,12.2,18.3,9.1,40.59708023,19.1260643,6.437238216,11.93508053,0.116670683,0.785582602,0,0,0
22081,"Red River Parish, Louisiana",LA,7631,43821.0,24.76,3.35,4.84,75.36,0.6742,0.7929,0.8225,0.3105,0.6662,16.1,43.9,43.9,38.0,23.7,7.6,22.8,17.6,33.2,16.1,24.2,11.7,11.92009735,3.864215136,3.708314419,11.81215191,0.1790471595,0.482741982,0,0,0
22083,"Richland Parish, Louisiana",LA,20028,48125.0,24.03,6.8,6.18,61.99,0.8737,0.5097,0.7751,0.9058,0.8632,15.0,43.1,42.3,34.7,21.9,7.3,22.2,16.7,29.1,14.5,21.4,10.6,12.01461315,6.794119835,3.223121643,11.5783329,0.1790471595,0.399720192,0,0,0
22085,"Sabine Parish, Louisiana",LA,22209,40777.0,23.92,7.46,8.53,72.14,0.8724,0.973,0.7121,0.5673,0.8848,14.3,44.9,40.9,34.3,21.9,7.3,22.6,17.0,26.8,13.5,19.0,10.0,27.65361977,12.05493736,6.129110813,14.80969715,0.252069056,0.294080585,0,0,0
22087,"St. Bernard Parish, Louisiana",LA,44038,55857.0,22.52,8.01,7.2,83.1,0.9392,0.9516,0.7859,0.5173,0.9026,14.3,42.2,40.3,33.2,19.7,7.0,21.2,16.2,27.2,13.4,20.4,11.3,35.59801483,16.18156624,1.962283492,5.781782627,0.23086448,0.713581145,0,0,0
22089,"St. Charles Parish, Louisiana",LA,52191,79191.0,10.18,6.7,3.33,91.04,0.3624,0.8244,0.7308,0.161,0.4451,11.3,37.2,37.4,26.8,14.9,5.6,19.1,13.2,17.2,9.2,14.4,8.2,47.21797562,11.27930737,3.573772907,9.849938393,0.188725531,0.547304034,0,0,0
22091,"St. Helena Parish, Louisiana",LA,10872,46402.0,27.46,21.49,10.76,66.01,0.8021,0.9812,0.8953,0.8746,0.9478,16.2,42.9,43.7,37.3,22.4,7.4,22.3,17.0,33.4,16.3,24.7,11.0,6.015244484,2.740956545,9.778441429,25.45267105,0.396786034,0.6513130965,0,0,0
22093,"St. James Parish, Louisiana",LA,20090,62946.0,11.46,3.6,8.44,81.89,0.2189,0.2956,0.8762,0.2164,0.2701,13.4,43.7,40.3,30.7,16.8,5.9,20.1,13.9,22.7,11.6,18.6,8.2,23.59751701,8.671867371,4.019276619,7.225307941,0.241231248,0.578954995,0,0,0
22095,"St. John the Baptist Parish, Louisiana",LA,41986,65114.0,14.05,9.32,4.05,86.52,0.7556,0.8209,0.9567,0.2284,0.7152,14.9,41.5,42.8,30.9,16.7,6.2,19.9,14.3,27.5,13.5,22.1,10.0,39.61330795,12.55835819,3.3114779,11.49306107,0.211685017,0.729137242,0,0,0
22097,"St. Landry Parish, Louisiana",LA,82574,44478.0,27.49,6.92,9.67,69.06,0.9453,0.7531,0.8482,0.8505,0.9262,15.7,40.5,43.4,35.2,22.4,7.5,22.5,17.4,31.2,15.8,23.0,11.2,19.72119904,10.92480564,3.666585922,8.155550957,0.331532419,0.466601193,0,0,0
22099,"St. Martin Parish, Louisiana",LA,51856,50806.0,17.56,6.18,7.93,81.09,0.7219,0.6612,0.7321,0.5078,0.7041,13.1,45.0,39.3,32.0,19.7,6.6,21.7,15.5,24.5,12.1,18.9,10.1,14.71389103,5.716300488,3.366533756,10.26126289,0.264380395,0.490992188,0,0,0
22101,"St. Mary Parish, Louisiana",LA,49114,47322.0,21.92,5.88,11.14,84.47,0.8425,0.9469,0.8212,0.7719,0.9109,14.7,44.9,41.6,34.8,21.7,7.1,22.2,16.8,28.9,14.2,21.4,11.7,22.95074844,10.3926363,2.570399046,7.598876953,0.227601901,0.724187851,0,0,0
22103,"St. Tammany Parish, Louisiana",LA,266168,76914.0,11.66,5.25,3.83,91.51,0.4537,0.8648,0.5953,0.1699,0.4868,10.9,37.1,34.0,24.8,14.6,5.6,19.4,12.7,15.9,8.5,13.3,7.3,32.77069473,7.837680817,1.948372722,4.725294113,0.136650398,0.732597947,0,0,0
22105,"Tangipahoa Parish, Louisiana",LA,133953,55274.0,19.22,5.6,5.89,84.78,0.7992,0.8963,0.7626,0.7397,0.8651,13.5,43.1,39.0,30.0,18.9,6.7,21.3,15.0,23.8,12.3,18.6,9.6,38.81650925,16.68478775,4.944078445,15.41931057,0.138924435,0.716557622,0,0,0
22107,"Tensas Parish, Louisiana",LA,4127,35653.0,35.07,12.39,8.73,57.25,0.9497,0.3471,0.9122,0.7111,0.8454,18.1,49.2,47.4,39.8,24.5,8.1,23.2,18.2,38.3,19.0,27.9,12.4,58.8682518,38.89959335,9.674063683,15.24499321,0.1790471595,0.6513130965,0,0,0
22109,"Terrebonne Parish, Louisiana",LA,108862,63088.0,16.35,5.88,7.94,84.98,0.6452,0.7607,0.7156,0.8075,0.7821,13.2,41.0,37.8,32.2,18.8,6.6,21.1,15.5,22.5,11.3,16.5,9.7,26.29857635,10.58013439,4.100081921,8.274717331,0.163846388,0.810129344,0,0,0
22111,"Union Parish, Louisiana",LA,21049,47068.0,26.83,5.44,6.39,64.72,0.798,0.8711,0.6742,0.8451,0.8724,14.3,37.2,41.0,33.6,21.6,7.2,22.0,16.5,27.0,13.5,19.6,10.6,36.61135864,15.40738583,5.831306458,10.13826752,0.135317996,0.315741986,0,0,0
22113,"Vermilion Parish, Louisiana",LA,57202,56194.0,19.3,6.16,9.1,88.56,0.7006,0.8915,0.5711,0.6923,0.7875,12.8,42.6,38.6,31.0,20.3,6.8,21.5,15.8,22.5,11.6,16.6,9.6,9.041387558,3.703169823,2.309928656,8.531383514,0.218936309,0.387348861,0,0,0
22115,"Vernon Parish, Louisiana",LA,48452,56547.0,18.05,6.11,8.04,85.91,0.7343,0.8412,0.6685,0.8088,0.832,12.6,39.4,39.2,31.9,19.2,6.6,20.4,15.1,21.7,11.0,16.0,9.8,49.29552078,22.16939354,4.719078064,9.302660942,0.1790471595,0.605503798,0,0,0
22117,"Washington Parish, Louisiana",LA,45514,41803.0,23.55,10.5,10.08,70.21,0.9383,0.9771,0.7308,0.9526,0.9822,14.9,45.6,42.1,36.2,22.2,7.3,21.9,16.8,28.1,14.0,20.7,10.5,8.40784359,3.899802685,4.024590015,14.29178333,0.196622461,0.589867413,0,0,0
22119,"Webster Parish, Louisiana",LA,36761,34263.0,27.6,5.26,8.71,59.56,0.8476,0.7047,0.7617,0.8966,0.8775,15.7,44.7,43.4,37.0,23.4,7.7,22.9,18.0,31.5,15.8,22.6,10.7,28.46306229,18.63345146,4.117143631,11.23350239,0.158131942,0.843370318,0,0,0
22121,"West Baton Rouge Parish, Louisiana",LA,27377,80510.0,14.75,7.57,5.37,88.3,0.4811,0.2704,0.8403,0.8721,0.6341,12.6,41.3,40.1,27.5,16.1,5.8,19.5,13.5,21.3,10.9,17.2,8.2,18.88062096,7.283896446,2.67132616,9.409800529,0.149298295,0.895789802,0,0,0
22123,"West Carroll Parish, Louisiana",LA,9800,45035.0,19.21,4.55,3.57,61.03,0.6093,0.8241,0.5383,0.4149,0.6325,12.9,40.3,38.8,31.5,20.8,6.9,21.7,16.0,23.2,11.7,17.1,10.1,4.707070351,2.162654161,2.839295387,8.753718376,0.281795979,0.845387936,0,0,0
22125,"West Feliciana Parish, Louisiana",LA,15358,71985.0,14.21,8.95,3.9,78.75,0.4531,0.0722,0.8591,0.6729,0.4668,12.8,39.3,40.6,27.3,16.1,6.1,17.9,12.8,19.9,10.3,16.5,9.0,38.12481689,14.85710239,3.151586533,11.56603527,0.1790471595,0.387972832,0,0,0
22127,"Winn Parish, Louisiana",LA,13665,44922.0,19.64,3.95,9.44,76.69,0.5886,0.797,0.7245,0.7235,0.7401,14.7,46.0,42.5,34.2,21.1,7.2,21.1,16.2,27.4,13.6,20.1,11.5,15.48791027,5.615333557,4.680633545,12.70831776,0.216778666,0.505816877,0,0,0
23001,"Androscoggin County, Maine",ME,111532,64500.0,12.37,4.85,9.01,87.39,0.4725,0.5173,0.3166,0.8715,0.6007,10.3,36.1,29.6,25.8,16.9,6.0,21.0,14.3,14.6,10.3,14.1,9.5,9.244924545,2.467141867,1.783237934,7.198226452,0.184251979,0.819921315,0,0,0
23003,"Aroostook County, Maine",ME,67237,50843.0,14.95,5.75,8.59,78.09,0.636,0.6771,0.1409,0.7677,0.6545,10.7,40.0,34.4,29.2,18.6,6.4,21.1,15.3,15.1,10.0,13.6,10.1,10.85298824,4.856652737,4.211415768,13.14564037,0.464044064,0.583797395,0,0,0
23005,"Cumberland County, Maine",ME,303357,87710.0,7.21,3.23,7.01,91.03,0.1063,0.0401,0.3563,0.5721,0.1413,7.4,26.7,27.8,16.1,11.1,4.7,17.9,11.2,8.5,7.1,8.9,6.7,20.983078,3.512726545,1.781878471,3.194551706,0.254938602,0.875512838,0,0,0
23007,"Franklin County, Maine",ME,29839,56890.0,12.12,4.44,9.17,82.62,0.3993,0.315,0.0821,0.8215,0.4569,8.8,35.2,30.6,23.7,16.6,6.1,21.0,13.8,13.4,9.2,13.2,8.8,12.86003113,5.541709423,3.424664021,10.65961647,0.53358233,0.666977942,0,0,0
23009,"Hancock County, Maine",ME,55851,64149.0,10.94,3.87,5.57,87.95,0.3608,0.0891,0.119,0.3955,0.2183,8.1,29.4,27.9,18.7,13.9,5.4,18.9,12.1,10.6,7.8,10.6,8.1,4.001471519,1.649071336,3.532875538,8.785257339,0.435666561,0.889485896,0,0,0
23011,"Kennebec County, Maine",ME,124003,62118.0,12.42,4.1,7.34,88.07,0.2946,0.2934,0.1276,0.7082,0.357,9.4,32.5,29.2,23.2,15.8,5.8,20.0,13.6,12.2,8.8,12.1,8.7,5.192726612,1.995000005,2.322905302,8.13571167,0.203326419,0.707575917,0,0,0
23013,"Knox County, Maine",ME,40729,68904.0,9.97,3.77,5.78,89.27,0.2759,0.0834,0.0757,0.3777,0.1724,8.0,28.8,27.7,19.4,14.3,5.3,17.8,12.0,10.0,7.8,10.2,8.2,8.036881447,1.661719203,1.752285004,5.525384426,0.350429267,0.826011837,0,0,0
23015,"Lincoln County, Maine",ME,35466,69638.0,9.14,3.35,5.36,85.58,0.2065,0.132,0.1457,0.1578,0.1094,8.1,31.0,29.1,18.8,13.5,5.2,19.1,12.2,9.9,7.4,10.0,7.8,2.632376194,0.924400508,3.515093565,11.08525276,0.230050325,0.718907237,0,0,0
23017,"Oxford County, Maine",ME,58276,54780.0,14.43,5.48,5.61,83.36,0.6465,0.0942,0.1276,0.3595,0.3452,10.1,34.6,30.4,23.3,18.0,6.3,20.2,14.9,15.1,10.0,13.9,9.6,15.08666515,5.496826172,3.758560896,13.49465561,0.189224526,0.464460194,0,0,0
23019,"Penobscot County, Maine",ME,152640,59438.0,13.42,4.27,8.16,86.62,0.398,0.1365,0.1928,0.8699,0.4416,9.5,38.3,32.7,25.0,16.2,6.1,20.8,14.5,12.5,9.3,11.3,8.8,15.67619801,5.755578041,2.812247038,9.937897682,0.211005241,0.586858332,0,0,0
23021,"Piscataquis County, Maine",ME,16936,51805.0,14.98,4.86,6.14,81.28,0.5749,0.4524,0.1654,0.4963,0.4804,9.6,34.3,30.8,25.3,18.6,6.6,20.9,15.1,15.4,10.2,13.6,10.1,4.451750278,1.681637168,5.319242954,15.29759121,0.353024244,0.29418686,0,0,0
23023,"Sagadahoc County, Maine",ME,36868,77591.0,10.89,4.41,5.85,91.97,0.2972,0.0519,0.1276,0.1273,0.1015,8.0,29.5,27.7,20.2,14.3,5.3,18.5,12.2,10.2,7.5,9.8,7.9,10.71788025,2.845197201,3.080177546,5.818121433,0.166463211,0.665852845,0,0,0
23025,"Somerset County, Maine",ME,50656,53527.0,16.78,4.21,6.24,83.86,0.5361,0.1228,0.0544,0.3856,0.3,10.4,36.7,31.9,25.9,20.0,6.7,22.1,15.3,15.6,10.7,14.0,10.2,9.303689957,3.898914099,4.86302948,16.05840492,0.256739408,0.513478816,0,0,0
23027,"Waldo County, Maine",ME,39772,62694.0,12.91,4.63,5.79,87.91,0.4578,0.2647,0.1339,0.2908,0.2902,8.6,34.1,28.6,21.6,15.9,5.7,20.6,13.7,11.8,8.7,11.8,8.7,11.30067635,3.779937267,3.462614536,11.80214787,0.350675046,0.551060796,0,0,0
23029,"Washington County, Maine",ME,31096,51669.0,17.54,7.02,7.45,81.64,0.7751,0.6147,0.3563,0.5498,0.6694,10.7,39.9,34.0,29.8,19.2,6.5,22.1,16.1,16.2,11.1,14.2,10.5,11.08124828,4.745539665,5.518407345,16.27869987,0.476598978,0.413052469,0,0,0
23031,"York County, Maine",ME,212691,79743.0,8.0,3.4,5.19,90.53,0.1626,0.1174,0.2214,0.2879,0.1304,8.0,32.9,29.2,19.7,13.7,5.3,18.7,11.8,9.7,7.5,10.0,7.7,17.302948,3.342294455,2.679935217,5.425715923,0.19132714,0.827489913,0,0,0
24001,"Allegany County, Maryland",MD,68161,55248.0,15.86,6.76,9.56,82.51,0.532,0.3917,0.3847,0.7302,0.5552,11.3,37.4,35.6,30.7,18.8,6.2,20.2,14.6,19.3,9.4,15.3,9.8,30.36057663,9.744460106,3.606976748,9.275009155,0.171289086,0.799349129,0,0,0
24003,"Anne Arundel County, Maryland",MD,588109,116009.0,5.83,4.16,3.76,94.42,0.0773,0.2027,0.7286,0.2962,0.1639,9.1,34.2,31.4,19.8,10.5,4.6,15.3,11.0,11.9,6.3,10.9,7.3,33.68476105,4.137128353,1.142442107,1.831403494,0.175024062,0.943757236,0,0,0
24005,"Baltimore County, Maryland",MD,850737,88157.0,10.21,5.23,7.84,89.99,0.3653,0.5103,0.8428,0.6748,0.5571,11.3,34.2,32.9,25.3,11.4,5.0,17.1,11.0,16.4,8.6,14.9,8.4,21.83665466,4.424084187,1.292918563,2.137531281,0.192489982,0.943079889,0,0,0
24009,"Calvert County, Maryland",MD,93244,128078.0,4.27,3.18,3.08,91.89,0.0095,0.0261,0.5978,0.0159,0.0057,9.1,35.9,32.6,18.8,11.0,4.5,15.9,11.1,10.9,6.2,10.7,6.9,38.60660553,5.229637146,1.888158202,5.548112392,0.150421172,0.719872773,0,0,0
24011,"Caroline County, Maryland",MD,33320,65326.0,12.92,4.61,6.14,85.86,0.7318,0.868,0.6277,0.5218,0.7579,11.8,41.3,36.5,27.3,17.4,6.3,19.4,14.2,20.0,10.0,16.4,11.2,9.191987038,4.020179749,3.74878931,11.82019234,0.149289384,0.507583916,0,0,0
24013,"Carroll County, Maryland",MD,173225,111672.0,5.1,3.15,4.02,90.48,0.0153,0.0662,0.3824,0.1285,0.0277,8.5,37.4,29.8,22.0,11.0,4.7,16.1,10.5,9.5,5.7,9.3,6.8,29.51169777,3.008523464,2.210669279,3.914645672,0.159676388,0.739242554,0,0,0
24015,"Cecil County, Maryland",MD,103876,86869.0,10.09,4.89,5.24,89.67,0.2991,0.2539,0.4839,0.4661,0.322,11.0,40.8,34.9,26.7,15.4,5.4,18.5,13.0,13.9,7.6,12.4,8.4,24.6789608,6.540923595,2.798446655,6.618959427,0.13537164,0.609172404,0,0,0
24017,"Charles County, Maryland",MD,167035,116882.0,5.87,4.89,3.34,91.42,0.0951,0.3894,0.9424,0.1028,0.174,11.8,41.3,38.5,22.6,11.3,4.7,16.6,11.2,16.7,8.8,15.6,7.9,37.42512131,5.183923721,1.663109779,4.332072735,0.182441801,0.778418362,0,0,0
24019,"Dorchester County, Maryland",MD,32557,57490.0,15.4,5.48,9.98,85.87,0.6809,0.9513,0.7655,0.4766,0.7824,12.8,41.9,36.9,27.8,16.6,6.2,19.1,14.6,21.0,11.0,18.1,10.8,13.85321426,4.989312649,4.019019127,12.39680004,0.18836531,0.753461242,0,0,0
24021,"Frederick County, Maryland",MD,273829,115724.0,6.16,3.72,3.87,91.95,0.063,0.2504,0.6726,0.1763,0.1234,9.4,34.3,31.0,19.5,9.1,4.7,15.7,9.9,10.9,6.2,10.5,8.0,25.89675331,3.113697767,1.494923949,2.608371735,0.143309161,0.773115218,0,0,0
24023,"Garrett County, Maryland",MD,28856,64447.0,11.06,4.63,7.35,83.08,0.2389,0.448,0.0299,0.4356,0.2564,10.4,36.2,34.3,24.7,14.8,5.7,18.6,13.3,13.4,7.4,11.6,8.4,14.08914566,4.164770603,4.226545334,12.28468513,0.242617503,0.935810328,0,0,0
24025,"Harford County, Maryland",MD,261059,106417.0,7.14,3.69,3.96,92.82,0.0531,0.1355,0.6233,0.1397,0.0789,9.7,35.4,31.7,19.7,10.9,4.7,16.5,11.2,11.4,6.5,10.9,7.1,28.2346859,4.662052155,1.557653785,2.823830128,0.151866198,0.661980867,0,0,0
24027,"Howard County, Maryland",MD,332011,140971.0,5.37,3.78,3.99,95.86,0.027,0.4769,0.8785,0.1689,0.1483,9.1,29.6,31.3,15.8,7.3,4.1,13.0,8.9,9.7,5.6,9.2,6.0,22.55060959,1.890411139,0.491363525,0.841899753,0.1340646,0.898842156,0,0,0
24029,"Kent County, Maryland",MD,19289,71635.0,9.53,3.28,6.48,79.88,0.3003,0.5931,0.5778,0.4674,0.4353,10.3,36.4,35.2,22.4,13.2,5.3,17.3,11.9,14.1,7.7,12.7,8.6,1.670009017,0.385883778,3.612484694,6.686993122,0.364735305,0.729470611,0,0,0
24031,"Montgomery County, Maryland",MD,1056910,125583.0,7.18,4.84,7.86,94.85,0.2711,0.4388,0.9122,0.623,0.4893,9.2,25.9,28.8,18.3,7.2,4.3,12.8,9.7,12.5,6.4,11.3,9.1,20.02664757,1.831887841,0.453881919,0.731339931,0.192999542,0.783406973,0,0,0
24033,"Prince George's County, Maryland",MD,957189,97935.0,9.58,6.69,9.31,92.09,0.7159,0.5116,0.9914,0.8676,0.8161,13.6,41.9,37.3,26.5,10.5,4.9,14.8,12.0,22.4,10.6,20.3,13.0,24.04109764,3.4591465,1.003026962,1.877831578,0.186892867,0.930066884,0,0,0
24035,"Queen Anne's County, Maryland",MD,50316,108332.0,6.86,3.63,3.12,86.59,0.1215,0.112,0.4496,0.0188,0.043,8.8,29.2,31.6,19.3,11.9,4.9,16.6,11.1,10.9,6.3,10.2,7.3,23.46410942,3.608160019,2.594267845,6.366691589,0.09771923,0.723122299,0,0,0
24037,"St. Mary's County, Maryland",MD,113814,113668.0,7.59,3.65,4.48,90.28,0.0945,0.4057,0.6449,0.4244,0.2466,10.3,37.2,32.6,22.3,12.7,5.1,16.9,11.5,12.3,7.0,11.7,7.9,21.74327087,4.155984879,2.820011854,6.316015244,0.130790755,0.758586407,0,0,0
24039,"Somerset County, Maryland",MD,24672,52149.0,19.84,7.04,7.47,81.24,0.797,0.4639,0.861,0.987,0.8794,13.3,39.8,41.6,31.2,18.2,6.7,18.9,14.6,24.2,12.4,20.4,11.3,18.27673149,5.474267006,5.345222473,14.06940746,0.157152399,0.43216911,0,0,0
24041,"Talbot County, Maryland",MD,37663,81667.0,9.31,3.17,7.22,88.25,0.1852,0.7935,0.5854,0.2316,0.3338,9.2,30.8,31.5,21.5,11.8,5.0,16.3,11.8,13.1,7.2,12.3,8.4,13.67804813,3.251558781,2.022652149,6.703091621,0.297522455,0.946662366,0,0,0
24043,"Washington County, Maryland",MD,154645,73017.0,12.35,4.99,7.94,85.88,0.4788,0.5867,0.5867,0.7846,0.6325,11.4,39.0,34.8,28.4,15.3,5.9,18.0,13.4,16.7,8.9,14.9,9.9,28.65318108,5.496961117,2.302354097,4.593986988,0.205099702,0.813782692,0,0,0
24045,"Wicomico County, Maryland",MD,103815,69421.0,13.84,6.87,7.36,86.63,0.7178,0.5829,0.7735,0.8438,0.7916,11.5,40.9,35.0,27.9,14.4,5.7,18.0,12.8,17.6,9.4,14.8,9.5,29.73750687,9.054757118,3.232146025,8.658642769,0.105779402,0.894316733,0,0,0
24047,"Worcester County, Maryland",MD,52827,76689.0,8.19,6.52,5.55,88.65,0.3933,0.3697,0.5437,0.4798,0.4305,9.7,33.5,32.5,23.1,13.1,5.1,17.2,12.0,12.8,7.2,11.9,7.7,30.65968513,6.031039715,2.237373352,4.972212315,0.267160267,1.717458963,0,0,0
24510,"Baltimore city, Maryland",MD,584548,58349.0,19.57,6.92,26.45,81.19,0.811,0.6169,0.9698,0.8466,0.8565,13.7,38.8,39.6,27.2,16.0,5.9,18.6,13.6,25.4,12.8,22.0,10.1,4.522172451,1.811110139,1.146517158,1.182890058,0.424819708,1.117497683,0,0,0
25001,"Barnstable County, Massachusetts",MA,229436,90447.0,7.02,4.47,4.97,93.01,0.1537,0.3003,0.3917,0.1107,0.1279,7.1,26.8,27.5,16.5,11.4,4.7,16.9,11.3,9.8,6.4,9.7,4.1,51.04450226,9.146736145,1.985911131,3.474059582,0.309620768,0.989848197,0,0,0
25003,"Berkshire County, Massachusetts",MA,128763,69744.0,10.97,5.31,9.41,87.97,0.3242,0.4311,0.3939,0.6061,0.4235,8.2,31.5,27.7,20.4,13.3,5.3,19.1,12.4,12.6,8.0,11.5,5.2,30.93593788,6.01280117,2.475101233,4.221870422,0.208716318,0.842892826,0,0,0
25005,"Bristol County, Massachusetts",MA,576699,80628.0,11.14,5.72,9.57,87.03,0.5148,0.6332,0.5558,0.699,0.6227,9.1,32.0,29.7,23.9,16.0,5.6,19.7,13.7,15.7,8.9,14.3,6.3,26.43337059,4.096760273,1.410023808,2.692292929,0.169382378,0.686351478,0,0,0
25007,"Dukes County, Massachusetts",MA,20543,93225.0,6.71,7.05,3.9,89.27,0.3821,0.2704,0.5094,0.0064,0.133,7.3,25.3,27.1,16.9,11.2,4.7,17.3,11.0,9.7,6.6,9.6,4.2,32.19146347,8.827241898,0.95253396,1.374047518,0.572704911,0.973598301,0,0,0
25009,"Essex County, Massachusetts",MA,806103,94378.0,9.72,5.3,9.94,90.35,0.3869,0.5584,0.7038,0.8024,0.6055,8.7,30.0,28.0,23.2,11.5,5.0,16.3,12.2,14.1,8.1,12.6,6.5,30.06750488,4.101744175,1.392877817,2.205984831,0.218637794,0.750698566,0,0,0
25011,"Franklin County, Massachusetts",MA,70980,70383.0,11.96,5.69,7.33,88.43,0.3742,0.5619,0.3248,0.5037,0.4375,8.1,26.1,29.1,20.4,13.1,5.2,18.2,12.3,12.0,7.7,11.1,5.0,19.07582855,5.341192245,3.029257774,6.708975792,0.28462863,0.455405802,0,0,0
25013,"Hampden County, Massachusetts",MA,464575,66619.0,15.77,6.21,12.25,85.72,0.6637,0.8638,0.7798,0.776,0.8177,10.5,35.2,31.2,29.0,15.2,5.8,19.9,15.1,19.7,11.0,17.5,8.5,23.81669617,4.8009758,1.57049644,2.810716391,0.209058031,0.605621696,0,0,0
25015,"Hampshire County, Massachusetts",MA,153931,84025.0,10.61,5.27,7.36,90.52,0.2463,0.0582,0.4763,0.664,0.2708,7.8,24.4,25.9,17.7,11.4,4.9,17.6,11.7,10.7,7.4,10.3,4.5,46.48748779,12.49569511,4.125809193,4.695261002,0.223046944,0.625770569,0,0,0
25017,"Middlesex County, Massachusetts",MA,1623109,121304.0,7.44,4.41,10.48,93.5,0.1219,0.062,0.6885,0.8282,0.2854,7.7,23.8,25.6,17.9,9.3,4.3,15.3,9.6,9.8,6.6,9.4,4.1,24.63314819,2.573333979,1.005770445,1.195417762,0.17025201,0.814599931,0,0,0
25019,"Nantucket County, Massachusetts",MA,14065,135590.0,4.94,5.54,4.04,92.77,0.1728,0.0442,0.6548,0.1199,0.1031,7.2,26.9,25.8,16.4,8.8,4.3,15.2,9.9,9.0,6.0,9.4,4.8,13.6261797,2.849175692,1.149985552,0.463145256,0.527426183,1.58227849,0,0,0
25021,"Norfolk County, Massachusetts",MA,722112,120621.0,6.46,5.0,9.13,93.5,0.1378,0.126,0.6487,0.741,0.2959,7.7,23.4,26.3,16.4,9.3,4.3,15.5,10.1,9.8,6.4,9.0,4.0,35.69750214,3.599397421,1.499613166,1.757179976,0.159287512,0.69917351,0,0,0
25023,"Plymouth County, Massachusetts",MA,529548,105387.0,6.65,5.18,6.33,91.07,0.1992,0.3605,0.5597,0.4715,0.3064,8.2,29.7,27.5,19.2,12.1,4.8,18.4,11.7,12.2,7.5,12.3,4.7,41.64700317,4.805162907,1.715186834,3.236933231,0.152748123,0.612901866,0,0,0
25025,"Suffolk County, Massachusetts",MA,785443,87669.0,17.02,6.72,31.82,89.25,0.6853,0.1982,0.8988,0.978,0.7849,10.1,25.2,29.4,24.7,11.6,5.2,16.7,11.9,17.2,10.2,15.6,6.5,0.973512948,0.209738284,0.152688399,0.106208444,0.259486854,0.969333172,0,0,0
25027,"Worcester County, Massachusetts",MA,858898,88524.0,9.99,5.56,8.66,90.8,0.3373,0.406,0.6268,0.7423,0.51,9.0,32.5,29.9,23.1,12.5,5.0,18.1,12.7,13.7,8.1,12.0,5.7,34.47441101,5.120881081,2.24711585,3.596911192,0.147127628,0.691017509,0,0,0
26001,"Alcona County, Michigan",MI,10238,50295.0,15.84,6.32,3.48,80.01,0.4203,0.2234,0.1094,0.0274,0.1298,9.9,39.1,32.1,24.7,17.0,6.1,20.0,14.0,15.2,8.4,11.9,7.2,15.62345028,6.162630558,3.359210968,12.45471096,0.475963831,0.475963831,0,0,0
26003,"Alger County, Michigan",MI,8866,55528.0,10.25,5.08,5.89,83.75,0.209,0.1075,0.4948,0.6866,0.2908,10.0,36.6,33.2,23.7,16.7,6.0,19.0,13.5,15.7,8.8,12.8,7.4,12.75315094,4.893457413,4.554116249,8.798888206,0.665557384,0.998336077,0,0,0
26005,"Allegan County, Michigan",MI,120189,75543.0,9.51,3.37,3.06,88.77,0.1225,0.3694,0.3977,0.2278,0.1677,9.4,35.3,30.0,23.6,15.0,5.6,18.5,13.1,14.0,7.7,11.2,7.6,20.78973198,4.727538109,2.423026562,4.551359653,0.126127794,0.554962277,0,0,0
26007,"Alpena County, Michigan",MI,28911,49133.0,16.51,7.35,9.0,82.53,0.4951,0.4617,0.0881,0.4563,0.4165,10.5,41.3,33.4,26.1,18.4,6.5,20.6,14.8,16.8,9.2,12.8,7.5,15.90541267,6.100529194,2.022321463,6.326715946,0.318719447,0.672852159,0,0,0
26009,"Antrim County, Michigan",MI,23662,68850.0,9.38,4.56,3.6,86.32,0.1479,0.0904,0.1339,0.0977,0.0566,8.8,36.4,30.3,20.8,14.1,5.4,18.4,12.3,11.9,6.9,9.9,6.1,0.166546971,0.061377741,2.577288628,7.624786377,0.255874455,0.639686108,0,0,0
26011,"Arenac County, Michigan",MI,15031,53487.0,13.56,7.23,7.3,83.81,0.4696,0.5052,0.1276,0.3306,0.377,10.3,38.4,33.0,25.6,18.4,6.4,20.8,14.7,16.6,9.0,12.8,7.9,0.005427375,0.001811072,4.180123806,15.65638065,0.267504841,0.869390786,0,0,0
26013,"Baraga County, Michigan",MI,8245,51911.0,12.17,4.92,7.87,80.93,0.2975,0.202,0.6402,0.7006,0.4178,11.6,40.7,35.0,26.9,19.4,6.7,20.3,15.2,20.2,11.1,15.7,8.3,15.41619778,4.512906551,2.800027132,10.00975418,0.1790471595,0.857422829,0,0,0
26015,"Barry County, Michigan",MI,62581,75182.0,8.34,5.26,3.39,83.97,0.1604,0.1206,0.1753,0.0865,0.0668,8.9,36.6,29.8,22.6,15.1,5.5,18.7,12.7,12.7,7.2,10.5,6.7,0.031850263,0.006679172,2.435863495,6.637329578,0.12890543,0.354489923,0,0,0
26017,"Bay County, Michigan",MI,103752,57887.0,15.28,4.83,6.87,87.82,0.371,0.3048,0.3248,0.2978,0.294,9.9,37.9,31.7,24.6,16.2,5.8,19.4,13.7,15.3,8.3,12.0,7.7,12.85762882,5.254438877,3.004274845,5.826296806,0.224637896,0.712981164,0,0,0
26019,"Benzie County, Michigan",MI,18058,71327.0,10.45,4.47,2.91,90.67,0.2456,0.0547,0.1861,0.1056,0.0818,8.9,35.4,30.3,21.1,14.1,5.4,18.7,12.7,11.9,7.0,10.0,6.2,0.0,0.0,2.715338707,6.214029312,0.336096793,0.672193587,0,0,0
26021,"Berrien County, Michigan",MI,153938,60379.0,15.71,6.6,7.83,83.03,0.6179,0.5743,0.6223,0.5737,0.6338,10.7,38.9,33.7,25.6,15.5,6.0,19.0,13.9,17.1,9.2,13.7,7.7,25.17030144,9.562503815,4.088643074,7.57792902,0.176441759,0.738441408,0,0,0
26023,"Branch County, Michigan",MI,44795,60600.0,15.02,4.89,6.4,83.3,0.5883,0.6949,0.3248,0.8921,0.7181,10.9,35.9,34.3,26.8,18.3,6.4,20.1,15.0,18.0,9.5,13.7,9.1,13.60886002,6.388959885,4.248754025,7.701390743,0.161201179,0.529661,0,0,0
26025,"Calhoun County, Michigan",MI,134011,58191.0,14.83,6.79,7.36,87.18,0.5982,0.678,0.5867,0.6888,0.6815,11.2,42.5,34.9,26.6,17.0,6.1,19.7,14.0,18.1,9.5,14.1,8.0,29.09360886,11.39834404,3.138368607,6.827428818,0.179667622,0.763587356,0,0,0
26027,"Cass County, Michigan",MI,51604,65183.0,12.86,5.0,4.1,87.02,0.3554,0.2097,0.4356,0.1324,0.2122,10.0,36.1,32.3,24.9,16.8,6.0,19.8,13.9,15.7,8.7,12.5,7.8,13.32979774,3.230484486,2.310827494,8.554344177,0.155086845,0.329559565,0,0,0
26029,"Charlevoix County, Michigan",MI,26174,69764.0,8.63,3.81,5.54,86.9,0.1759,0.2542,0.1753,0.2418,0.1518,8.6,35.0,29.8,20.1,13.7,5.3,18.1,12.1,11.4,6.7,9.6,5.9,1.426566482,0.399248481,2.077352762,4.883306503,0.383068383,0.881057262,0,0,0
26031,"Cheboygan County, Michigan",MI,25709,59557.0,11.92,7.2,4.66,84.12,0.4995,0.2281,0.2781,0.139,0.2599,10.2,41.0,32.7,24.1,17.5,6.2,20.0,14.2,16.0,8.9,12.4,7.5,9.409393311,3.873383045,2.957506657,9.210386276,0.315395236,0.670214891,0,0,0
26033,"Chippewa County, Michigan",MI,36670,58408.0,16.47,7.7,7.67,86.1,0.5574,0.1769,0.6971,0.9112,0.6373,11.2,36.4,35.6,25.8,18.6,6.5,20.2,14.9,19.0,10.6,14.8,7.7,19.81580925,8.139185905,3.078628778,6.851877689,0.324692905,0.541154802,0,0,0
26035,"Clare County, Michigan",MI,30998,47816.0,22.13,9.3,7.84,79.44,0.9068,0.5527,0.1094,0.5339,0.693,11.1,40.1,35.4,27.8,20.0,6.9,21.8,15.9,19.5,10.3,14.4,8.6,2.726153135,1.324896574,5.485654354,15.17381287,0.227486923,0.649962604,0,0,0
26037,"Clinton County, Michigan",MI,79249,82594.0,9.55,3.7,2.55,89.22,0.0554,0.1136,0.3388,0.0802,0.0414,8.6,35.0,29.3,20.6,13.0,5.2,17.9,12.1,11.8,6.8,9.9,6.1,34.13660049,9.857755661,1.965608358,5.226775169,0.037616141,0.589319527,0,0,0
26039,"Crawford County, Michigan",MI,13197,57998.0,13.83,6.1,7.2,88.84,0.5157,0.4276,0.182,0.2739,0.3707,10.4,37.1,32.5,26.0,18.2,6.5,20.6,14.6,16.2,9.0,12.5,7.5,6.436742306,2.186867237,3.807524204,13.37492943,0.1790471595,0.786782086,0,0,0
26041,"Delta County, Michigan",MI,36839,53852.0,13.25,5.15,8.86,83.89,0.3506,0.2402,0.2536,0.5463,0.335,10.0,40.0,31.6,24.3,17.2,6.1,20.3,14.1,15.4,8.6,12.0,7.3,15.31340218,5.052951813,2.04681468,5.674084187,0.30888465,0.702010572,0,0,0
26043,"Dickinson County, Michigan",MI,25937,59651.0,9.7,3.82,6.86,85.64,0.0576,0.1798,0.1225,0.3589,0.0945,9.3,38.1,31.5,23.5,15.7,5.7,19.4,13.1,13.0,7.5,10.7,6.3,25.67452431,7.64380312,2.926320791,5.730806351,0.19910799,0.716788769,0,0,0
26045,"Eaton County, Michigan",MI,109072,77158.0,7.61,4.83,4.3,89.15,0.1244,0.265,0.503,0.2886,0.1782,9.3,38.8,31.0,22.7,13.6,5.3,18.8,12.4,12.9,7.3,11.1,6.6,30.91036987,8.79647541,2.52166152,6.387618065,0.099865638,0.808003783,0,0,0
26047,"Emmet County, Michigan",MI,34072,69690.0,8.37,3.79,5.26,89.44,0.1406,0.0706,0.3118,0.2994,0.1149,8.5,32.7,30.1,19.5,13.3,5.2,18.0,11.8,10.9,6.6,9.5,5.6,23.61491394,6.318283558,1.915061235,5.023509502,0.389898628,0.899766088,0,0,0
26049,"Genesee County, Michigan",MI,405280,58594.0,16.25,8.49,7.91,86.05,0.6424,0.7369,0.6513,0.4683,0.6573,11.0,40.6,34.4,26.8,17.4,6.2,20.7,14.9,20.1,10.6,15.5,7.6,35.91704559,11.41416931,2.437037945,6.670550346,0.170457065,0.684298694,0,0,0
26051,"Gladwin County, Michigan",MI,25461,53717.0,14.2,6.88,6.77,82.51,0.7133,0.4349,0.0821,0.4687,0.5202,10.4,40.3,33.4,26.3,18.8,6.5,20.9,14.9,17.2,9.2,13.0,7.9,13.09611225,5.576881409,5.865157604,14.2075901,0.235997483,0.511327863,0,0,0
26053,"Gogebic County, Michigan",MI,14597,47913.0,14.1,6.0,8.3,82.27,0.3178,0.1686,0.2587,0.3506,0.2418,10.5,37.1,33.4,25.3,17.5,6.5,20.2,14.5,16.4,9.1,12.6,7.1,15.05071449,4.863042831,5.199673653,7.694954395,0.216731682,0.577951193,0,0,0
26055,"Grand Traverse County, Michigan",MI,95315,75553.0,10.4,3.9,5.76,89.82,0.1737,0.0856,0.2214,0.6227,0.2033,8.4,35.3,29.4,21.0,13.2,5.1,17.9,12.1,11.0,6.5,9.5,5.7,17.0298481,5.359835148,1.538208961,4.554140091,0.235062823,1.047098041,0,0,0
26057,"Gratiot County, Michigan",MI,41534,57934.0,14.12,4.91,5.16,83.18,0.3509,0.1839,0.4356,0.7251,0.4171,10.5,37.5,33.5,25.8,17.4,6.3,19.5,14.2,17.2,9.3,13.6,8.5,39.56851196,16.54850006,5.151812077,12.30687046,0.124121837,0.595784843,0,0,0
26059,"Hillsdale County, Michigan",MI,45698,59425.0,15.15,4.41,6.11,82.37,0.4703,0.322,0.1225,0.7751,0.483,10.6,37.8,34.4,26.6,18.6,6.5,20.7,14.8,17.4,9.1,12.8,7.9,5.373814583,2.261605501,4.619961262,10.23040676,0.1790471595,0.481843263,0,0,0
26061,"Houghton County, Michigan",MI,37414,52736.0,17.27,6.17,9.13,85.02,0.5259,0.0216,0.2444,0.8778,0.4213,9.8,36.9,31.5,22.4,15.7,6.0,18.8,13.2,13.9,7.9,11.1,6.5,10.46077824,5.09585619,2.91370225,4.811735153,0.227751523,0.59784776,0,0,0
26063,"Huron County, Michigan",MI,31461,54475.0,11.26,5.26,6.16,78.88,0.3703,0.2227,0.0757,0.2014,0.2046,10.1,38.8,32.4,26.0,17.5,6.1,20.0,14.3,15.9,8.6,12.2,7.7,21.11886597,8.016444206,3.69532609,7.575060844,0.260985881,0.717711151,0,0,0
26065,"Ingham County, Michigan",MI,282540,62548.0,16.54,6.42,9.11,88.27,0.5326,0.1282,0.6911,0.8543,0.5759,10.6,36.6,33.5,22.9,14.6,5.6,18.0,12.9,15.3,8.6,12.5,7.1,38.00898361,14.31657791,3.974573374,6.360058308,0.154847234,0.901555002,0,0,0
26067,"Ionia County, Michigan",MI,66663,71720.0,10.34,5.33,5.3,85.91,0.294,0.0786,0.4085,0.7378,0.3296,9.9,40.1,33.4,24.3,16.4,5.9,19.3,13.4,15.3,8.4,12.3,7.9,27.28025818,6.860117435,3.731237173,10.1717453,0.123929173,0.43375212,0,0,0
26069,"Iosco County, Michigan",MI,25319,46224.0,15.08,7.41,7.49,82.1,0.6682,0.3987,0.1985,0.2444,0.4362,10.7,38.8,34.3,27.3,19.2,6.7,20.8,15.4,18.1,9.7,13.7,8.6,12.94721413,5.286724567,4.414014339,13.44311714,0.23866348,0.636435986,0,0,0
26071,"Iron County, Michigan",MI,11585,52241.0,14.69,4.61,7.69,77.55,0.3493,0.4308,0.1457,0.4213,0.3239,10.2,39.2,33.3,25.2,17.7,6.2,20.2,14.3,15.9,8.7,12.3,7.5,14.02825356,5.788461685,4.332393646,6.667795658,0.27110067,0.72293514,0,0,0
26073,"Isabella County, Michigan",MI,64938,52638.0,23.61,7.16,6.99,81.83,0.7881,0.0153,0.4445,0.8883,0.5711,11.6,43.1,35.5,27.3,18.6,6.7,20.8,15.3,18.5,10.1,14.0,7.9,9.162043571,4.966783524,2.380604744,6.429384232,0.143876612,0.633057117,0,0,0
26075,"Jackson County, Michigan",MI,160637,62581.0,12.11,6.32,7.05,88.8,0.4279,0.3535,0.4725,0.706,0.5014,10.4,39.3,34.4,26.2,15.8,6.0,19.8,13.9,15.5,8.7,12.7,7.5,30.36846924,10.85493755,3.855883837,8.516378403,0.114708133,0.599031329,0,0,0
26077,"Kalamazoo County, Michigan",MI,261426,67905.0,13.36,6.44,6.77,89.3,0.4098,0.1486,0.5927,0.6109,0.4257,9.4,38.9,30.9,23.0,14.0,5.4,18.8,12.7,14.6,8.0,11.6,6.5,30.25986862,8.07171917,1.77517271,3.933115244,0.210535809,0.785749733,0,0,0
26079,"Kalkaska County, Michigan",MI,17934,56380.0,14.72,4.6,5.26,83.77,0.5332,0.1966,0.1861,0.2561,0.3035,10.3,38.2,33.4,25.3,18.0,6.4,20.6,14.7,16.4,9.0,12.6,7.7,4.603714943,1.804077148,3.457062483,11.4032917,0.222185194,0.499916673,0,0,0
26081,"Kent County, Michigan",MI,657321,76247.0,10.73,4.48,6.7,89.96,0.2587,0.4674,0.6437,0.6239,0.4464,9.6,34.9,30.8,21.4,13.2,5.2,17.4,12.3,13.9,7.7,11.5,7.4,20.33683205,3.854975462,1.152346492,1.943729162,0.144221723,0.768170416,0,0,0
26083,"Keweenaw County, Michigan",MI,2088,55560.0,7.82,4.67,2.16,82.54,0.1098,0.0929,0.0229,0.0029,0.0076,8.5,34.3,30.1,19.5,12.8,5.3,17.8,11.8,10.5,6.3,8.9,5.2,29.230196,7.242422581,3.422948122,8.880665779,0.1790471595,0.6513130965,0,0,0
26085,"Lake County, Michigan",MI,12285,45946.0,20.3,7.46,9.28,74.79,0.9259,0.3118,0.5119,0.5342,0.721,12.5,40.3,36.7,31.5,21.3,7.4,20.9,16.6,24.2,12.4,17.9,11.9,1.432641149,0.596876979,5.729775906,18.08708191,0.1790471595,0.6513130965,0,0,0
26087,"Lapeer County, Michigan",MI,88687,75402.0,10.16,5.32,4.31,87.21,0.2507,0.2644,0.2733,0.2571,0.2065,9.3,35.0,31.3,23.9,16.2,5.7,19.2,13.4,14.0,7.9,11.5,7.6,7.459937572,2.069175005,3.08105588,8.484085083,0.125520632,0.570548296,0,0,0
26089,"Leelanau County, Michigan",MI,22426,82345.0,6.68,3.21,3.97,90.9,0.0328,0.0687,0.3016,0.0229,0.0118,7.9,31.9,28.1,17.9,11.4,4.9,16.7,11.0,9.5,5.9,8.4,5.3,5.738732815,1.136601329,2.579440355,4.074343681,0.367934495,0.689877212,0,0,0
26091,"Lenawee County, Michigan",MI,99263,65484.0,11.08,5.56,5.17,86.21,0.4171,0.3662,0.4165,0.5441,0.4403,10.0,40.8,32.3,25.0,16.0,5.8,19.8,13.8,15.1,8.4,12.2,8.1,28.82805634,10.30635643,3.469765186,7.581608295,0.09201701,0.623670876,0,0,0
26093,"Livingston County, Michigan",MI,194302,96135.0,4.86,3.96,2.95,91.88,0.0318,0.0162,0.1339,0.049,0.0041,7.6,31.9,26.9,19.5,12.0,4.7,17.0,11.1,9.3,5.7,7.9,5.1,28.88230324,3.618884087,1.510743141,2.93509078,0.088387452,0.597915113,0,0,0
26095,"Luce County, Michigan",MI,5442,51015.0,18.27,8.3,5.62,80.29,0.5005,0.5698,0.5218,0.5037,0.5313,11.6,41.3,36.5,26.0,18.6,6.7,19.3,14.5,19.2,10.5,15.2,8.4,28.49912453,10.91634655,3.954848528,7.235110283,0.489715964,0.489715964,0,0,0
26097,"Mackinac County, Michigan",MI,10843,60620.0,15.81,10.13,12.13,81.52,0.6029,0.448,0.6437,0.6465,0.6211,11.5,41.3,33.1,26.4,18.6,6.5,20.5,15.2,20.3,11.1,15.5,8.1,34.64593124,13.97901058,6.57779789,8.154693604,0.553556621,1.383891463,0,0,0
26099,"Macomb County, Michigan",MI,878453,73876.0,9.82,5.75,5.83,91.27,0.4127,0.4095,0.5867,0.3353,0.4079,9.6,37.3,33.5,25.2,15.4,5.5,18.5,13.1,15.9,8.5,13.0,6.8,27.27165222,5.852577209,1.308670402,2.665860176,0.122876786,0.798124909,0,0,0
26101,"Manistee County, Michigan",MI,25058,59467.0,11.25,6.58,4.99,83.61,0.3961,0.2724,0.3592,0.4438,0.3583,9.9,37.0,32.1,26.0,16.6,6.0,19.6,13.9,15.5,8.5,12.5,7.7,9.570550919,2.130086422,2.679499388,6.929150581,0.282965481,0.565930963,0,0,0
26103,"Marquette County, Michigan",MI,66376,63115.0,13.57,5.61,6.0,83.8,0.3277,0.0353,0.2323,0.5571,0.2291,9.4,38.0,31.6,21.0,14.9,5.7,18.8,13.0,13.0,7.6,10.6,6.1,17.11914825,5.104547024,2.225709915,5.426254749,0.167086914,0.729106545,0,0,0
26105,"Mason County, Michigan",MI,29178,60744.0,13.68,4.85,6.83,82.72,0.3598,0.3032,0.2816,0.5756,0.3812,10.1,40.5,32.2,23.2,16.3,6.0,19.6,13.9,15.3,8.4,12.0,7.5,25.74080467,9.045111656,2.244253635,7.574288368,0.102866545,0.651488125,0,0,0
26107,"Mecosta County, Michigan",MI,40128,54132.0,17.97,5.51,6.22,78.86,0.6141,0.2418,0.2816,0.9122,0.6102,10.4,38.3,33.4,26.4,18.1,6.5,20.2,14.7,17.2,9.5,13.2,7.7,22.89638329,15.36835003,6.126512051,13.42353439,0.13665247,0.501059055,0,0,0
26109,"Menominee County, Michigan",MI,23433,54074.0,10.75,4.52,6.83,81.08,0.181,0.1565,0.2062,0.3194,0.1553,9.9,38.9,32.7,25.0,17.4,6.1,20.1,14.1,15.6,8.6,12.2,7.5,15.89992714,5.343949795,4.373232365,7.796397686,0.30962491,0.530785561,0,0,0
26111,"Midland County, Michigan",MI,83503,73643.0,10.15,4.98,5.79,87.23,0.1473,0.1257,0.2854,0.4413,0.1683,8.7,31.7,30.3,20.2,13.5,5.4,17.7,12.4,11.8,6.9,9.7,6.0,19.38002205,4.724935532,2.890648365,7.819512844,0.167783231,0.707086444,0,0,0
26113,"Missaukee County, Michigan",MI,15089,57667.0,11.2,6.87,3.87,83.92,0.6246,0.5663,0.2062,0.2991,0.4757,10.2,39.2,33.1,26.2,17.8,6.2,20.3,14.4,15.8,8.6,12.2,7.9,4.26048708,1.728223085,3.048370361,13.03742313,0.1790471595,0.263991565,0,0,0
26115,"Monroe County, Michigan",MI,154823,72573.0,10.91,5.67,5.19,86.35,0.2771,0.1066,0.2914,0.2046,0.1588,9.8,40.3,32.0,23.4,15.4,5.7,19.4,13.4,13.5,7.7,11.2,7.0,15.87775326,3.214118481,1.988098741,6.154386044,0.12618883,0.670793235,0,0,0
26117,"Montcalm County, Michigan",MI,66901,61250.0,12.3,4.25,6.01,81.46,0.4722,0.1833,0.335,0.7273,0.4607,10.6,42.2,33.8,25.8,18.5,6.3,20.0,14.5,17.3,9.3,13.5,8.6,2.494222641,1.043388367,4.656119347,10.75282097,0.157539859,0.378095657,0,0,0
26119,"Montmorency County, Michigan",MI,9261,46345.0,18.53,6.2,7.4,80.74,0.7518,0.3977,0.0627,0.1957,0.4311,10.5,38.3,33.0,26.2,19.2,6.6,20.9,15.1,17.5,9.4,13.1,8.0,3.858500719,1.190034866,3.270432234,9.900156975,0.428403139,0.321302354,0,0,0
26121,"Muskegon County, Michigan",MI,175947,61347.0,12.92,7.46,7.09,84.85,0.5091,0.4798,0.6029,0.7945,0.63,10.7,44.2,32.6,26.8,17.3,6.0,19.7,14.0,17.3,9.5,14.2,8.1,43.03689575,17.3225975,4.269299984,11.85287285,0.097766891,0.695870221,0,0,0
26123,"Newaygo County, Michigan",MI,50130,59065.0,15.22,4.66,4.45,80.57,0.5367,0.6974,0.3322,0.4868,0.5463,10.3,37.5,33.5,26.1,18.3,6.4,20.0,14.5,17.2,9.2,13.0,8.6,4.297062397,1.775653601,3.356110811,13.64907646,0.121585473,0.52687037,0,0,0
26125,"Oakland County, Michigan",MI,1272264,92620.0,7.7,4.77,5.45,92.72,0.1298,0.1225,0.6656,0.2119,0.1435,8.5,30.9,30.3,18.2,10.9,4.8,15.8,10.4,11.4,6.4,9.5,5.5,30.22327995,4.370923996,1.089526296,1.640005469,0.183492243,0.853637815,0,0,0
26127,"Oceana County, Michigan",MI,26707,60691.0,13.93,5.04,4.83,78.81,0.5212,0.7051,0.5218,0.6443,0.6252,10.6,40.7,32.3,26.5,17.1,6.3,19.5,14.7,17.9,9.3,13.8,10.1,9.255616188,4.370293617,3.266829729,11.83747005,0.186434984,0.335582972,0,0,0
26129,"Ogemaw County, Michigan",MI,20820,50377.0,17.07,7.09,5.67,82.7,0.6503,0.4919,0.1152,0.3681,0.4766,10.7,39.2,33.7,26.7,19.0,6.6,20.9,15.2,17.6,9.4,13.3,8.1,0.051518947,0.023650844,3.235150099,13.78084564,0.238971472,0.621325791,0,0,0
26131,"Ontonagon County, Michigan",MI,5862,48316.0,13.68,6.31,4.91,83.08,0.2899,0.2033,0.1037,0.0939,0.1269,10.1,37.2,33.1,24.7,17.7,6.3,20.3,14.2,15.8,8.7,12.4,7.3,34.21987152,13.19808578,4.308101654,7.684024334,0.1790471595,0.6513130965,0,0,0
26133,"Osceola County, Michigan",MI,23022,54875.0,15.68,7.66,6.88,80.25,0.6608,0.6115,0.182,0.5924,0.5924,10.4,39.4,33.2,26.9,18.6,6.5,20.8,15.2,17.4,9.2,13.0,8.1,0.052415684,0.02694639,5.935094833,12.76166821,0.127844542,0.383533627,0,0,0
26135,"Oscoda County, Michigan",MI,8264,48692.0,13.9,8.89,7.2,75.8,0.8801,0.5482,0.0932,0.2778,0.5797,11.2,38.2,34.3,28.2,20.2,7.0,21.4,16.0,19.4,10.3,14.3,9.0,1.601777315,0.558827162,6.143055439,14.70622253,0.1790471595,0.717017233,0,0,0
26137,"Otsego County, Michigan",MI,25221,62865.0,10.67,4.79,5.92,90.5,0.3322,0.5692,0.0983,0.2339,0.2759,9.4,37.9,31.5,23.9,15.5,5.7,19.5,13.3,13.4,7.6,10.9,6.6,35.20252228,10.59696484,2.976840019,8.56698513,0.242277414,0.767211795,0,0,0
26139,"Ottawa County, Michigan",MI,296183,83932.0,7.56,3.78,3.92,90.64,0.0544,0.119,0.4814,0.4801,0.1371,8.5,33.2,29.3,19.9,12.1,5.1,17.3,11.8,11.8,6.8,10.0,6.7,31.38675499,7.857011795,1.686172485,2.939770699,0.118791044,0.576985061,0,0,0
26141,"Presque Isle County, Michigan",MI,13083,55986.0,12.7,6.44,5.68,82.05,0.356,0.3083,0.0579,0.1534,0.1957,10.1,41.1,32.1,25.0,17.5,6.3,20.2,14.4,15.8,8.7,12.2,7.3,23.24465561,6.267968655,2.339625835,6.514816761,0.394788802,0.315831035,0,0,0
26143,"Roscommon County, Michigan",MI,23556,49898.0,16.17,5.73,7.92,86.66,0.5129,0.5065,0.1696,0.2781,0.3898,10.0,39.0,32.3,24.9,17.4,6.2,20.1,14.3,15.7,8.6,12.3,7.4,13.32805729,5.886500835,4.411997795,9.373850822,0.166763946,0.667055786,0,0,0
26145,"Saginaw County, Michigan",MI,189821,56579.0,18.21,6.65,7.98,86.41,0.601,0.6774,0.6885,0.6013,0.6707,11.6,37.1,35.3,29.2,17.0,6.2,20.0,14.8,20.8,10.5,15.6,8.6,30.08481979,11.3765583,3.839979649,8.879220963,0.168538138,0.790022552,0,0,0
26147,"St. Clair County, Michigan",MI,160257,66887.0,11.85,6.71,5.62,88.69,0.4302,0.3707,0.2781,0.1985,0.2914,9.5,36.2,32.7,24.2,16.6,5.8,20.1,13.8,14.7,8.1,11.8,7.2,35.68595505,12.24677372,4.270182133,9.681688309,0.13183254,0.54616338,0,0,0
26149,"St. Joseph County, Michigan",MI,60887,62281.0,12.87,5.25,8.22,85.27,0.5667,0.763,0.4248,0.4712,0.5905,10.5,38.3,32.6,24.9,17.8,6.1,20.0,14.4,17.0,9.0,13.1,9.2,15.17158031,5.510323048,4.283547878,7.062322617,0.197212726,0.542334974,0,0,0
26151,"Sanilac County, Michigan",MI,40759,55740.0,14.95,6.55,5.97,81.46,0.5577,0.5017,0.1508,0.4397,0.4613,10.3,39.9,33.2,28.0,18.5,6.3,20.5,14.5,16.7,8.9,12.8,8.3,14.27950478,4.906131744,3.349558592,9.469378471,0.196333468,0.392666936,0,0,0
26153,"Schoolcraft County, Michigan",MI,8062,55071.0,16.0,7.92,7.37,85.18,0.7016,0.6265,0.434,0.2762,0.552,10.8,40.1,33.2,26.5,19.0,6.5,20.8,15.1,18.2,10.1,13.8,7.8,45.98495102,18.57502937,3.923119545,11.85999107,0.1790471595,0.863770962,0,0,0
26155,"Shiawassee County, Michigan",MI,68124,62498.0,11.01,4.05,5.83,84.97,0.2224,0.1709,0.1339,0.2383,0.1489,9.9,38.5,32.1,24.5,16.6,5.9,20.3,14.1,14.5,8.1,11.6,7.2,27.31666756,9.670385361,3.180708408,8.27020359,0.162390381,0.664324284,0,0,0
26157,"Tuscola County, Michigan",MI,53218,59815.0,12.3,6.11,5.2,80.4,0.3786,0.2555,0.2109,0.3544,0.2841,10.1,41.4,32.6,25.5,17.7,6.2,20.2,14.3,15.9,8.6,12.4,7.9,15.32678795,6.797119617,3.264578342,11.6721983,0.152995855,0.4016141,0,0,0
26159,"Van Buren County, Michigan",MI,75636,65531.0,14.15,4.66,5.47,87.13,0.5593,0.7413,0.5326,0.6281,0.6494,10.8,39.2,32.7,26.6,16.6,6.1,19.8,14.5,17.5,9.3,13.7,9.3,4.919363022,1.706696153,2.973289251,10.93615341,0.172244743,0.62273103,0,0,0
26161,"Washtenaw County, Michigan",MI,370231,84245.0,13.79,4.69,8.08,93.14,0.2571,0.0232,0.6847,0.8056,0.3223,8.6,29.0,28.3,16.5,10.8,4.9,15.8,10.9,11.5,6.8,9.6,5.4,25.16417122,6.062271118,1.451989532,2.670190811,0.166451558,0.799513221,0,0,0
26163,"Wayne County, Michigan",MI,1781641,57223.0,20.19,8.97,12.07,85.85,0.8234,0.881,0.8769,0.6367,0.861,12.5,37.3,37.1,28.8,17.2,6.3,20.6,14.7,24.2,12.4,19.3,8.3,14.82906151,4.534219742,1.187228322,2.380064726,0.207397014,0.785350978,0,0,0
26165,"Wexford County, Michigan",MI,33766,58652.0,13.3,6.34,5.39,85.2,0.5355,0.5581,0.2109,0.5288,0.5056,10.3,38.8,33.2,24.7,17.8,6.3,20.2,14.4,16.5,9.0,12.5,7.8,24.82717514,8.401478767,3.569195509,10.1624403,0.177814662,0.770530164,0,0,0
27001,"Aitkin County, Minnesota",MN,15859,56406.0,12.36,5.83,5.18,81.82,0.4464,0.2698,0.1508,0.2755,0.2838,9.7,33.4,29.2,25.0,17.7,5.7,17.8,12.4,14.2,8.6,11.1,8.5,33.8019104,11.33926678,4.329691887,9.120008469,0.252397776,0.567894995,0,0,0
27003,"Anoka County, Minnesota",MN,363985,95782.0,6.34,4.03,4.74,92.99,0.0837,0.3303,0.5654,0.3178,0.1807,9.3,35.8,28.4,23.9,13.5,5.0,16.3,10.7,12.1,7.5,10.7,7.8,38.25657654,6.511663914,1.907918334,2.911360025,0.111135498,0.59735328,0,0,0
27005,"Becker County, Minnesota",MN,35202,68683.0,10.88,4.27,5.12,86.64,0.2615,0.4451,0.4165,0.5616,0.3808,8.9,37.3,30.7,22.7,16.0,5.5,17.6,11.9,13.3,8.2,10.5,8.0,34.51247025,12.76327133,2.696226835,7.265196323,0.087067567,0.522405386,0,0,0
27007,"Beltrami County, Minnesota",MN,46274,62173.0,16.14,5.35,6.88,86.95,0.5768,0.4572,0.6548,0.9647,0.755,10.2,39.8,30.0,25.9,18.8,5.9,18.4,12.8,16.6,10.0,12.5,8.5,32.31233597,15.73085213,3.897954941,9.382803917,0.168626949,0.590194345,0,0,0
27009,"Benton County, Minnesota",MN,41300,70346.0,9.32,3.71,5.3,89.52,0.1362,0.4136,0.3748,0.8301,0.3719,9.3,41.2,28.9,23.3,15.9,5.3,17.3,11.7,12.8,8.0,10.7,8.2,30.00787735,7.921877384,2.730502605,4.517726898,0.073245764,0.561550856,0,0,0
27011,"Big Stone County, Minnesota",MN,5161,63024.0,10.47,1.99,4.73,87.15,0.0592,0.1855,0.0474,0.3567,0.0881,9.3,38.2,27.9,24.7,16.6,5.5,17.3,12.0,12.9,8.0,10.5,8.6,38.40453339,9.838944435,3.451108456,2.926639795,0.609384537,0.812512696,0,0,0
27013,"Blue Earth County, Minnesota",MN,69022,70906.0,16.4,3.74,7.0,88.98,0.2822,0.0433,0.4018,0.9325,0.3831,10.0,36.8,30.8,24.1,15.6,5.5,17.2,11.7,13.4,8.3,10.6,8.2,38.87947464,16.9889431,2.426067352,4.511702538,0.087923683,0.908544719,0,0,0
27015,"Brown County, Minnesota",MN,25880,67038.0,7.73,2.73,4.65,85.51,0.05,0.237,0.1928,0.413,0.1145,9.0,36.2,28.4,23.1,15.5,5.2,17.0,11.6,12.2,7.6,10.1,8.6,17.19438171,4.043330193,0.946117043,1.949702144,0.201239631,0.684214771,0,0,0
27017,"Carlton County, Minnesota",MN,36362,74660.0,12.73,4.66,4.78,84.28,0.21,0.4808,0.3649,0.6386,0.3678,9.7,38.5,29.0,24.3,16.2,5.4,17.0,11.8,12.3,8.2,10.4,8.3,18.86141014,4.219689369,2.466665983,5.553277493,0.167743012,0.251614541,0,0,0
27019,"Carver County, Minnesota",MN,107216,116308.0,3.78,3.09,4.0,93.39,0.0048,0.1954,0.3818,0.0862,0.0337,7.3,31.3,23.9,18.3,11.0,4.3,14.3,9.2,8.3,5.6,7.3,6.1,38.28910828,3.768171787,1.173298597,1.783078194,0.131375223,0.553652704,0,0,0
27021,"Cass County, Minnesota",MN,30288,61970.0,12.23,6.37,4.47,85.65,0.4763,0.2291,0.5202,0.2657,0.3465,10.0,36.9,29.7,25.5,17.8,5.8,18.1,12.6,14.4,9.1,11.5,8.2,13.84890175,5.210772514,3.799669266,8.990148544,0.334135264,0.334135264,0,0,0
27023,"Chippewa County, Minnesota",MN,12466,62112.0,11.22,5.22,7.41,83.71,0.5145,0.8024,0.4222,0.6806,0.6452,10.1,40.8,28.6,27.0,17.0,5.8,17.6,12.7,15.5,9.1,12.2,10.4,16.23238754,5.083388805,2.475748777,2.336221457,0.340193897,0.595339358,0,0,0
27025,"Chisago County, Minnesota",MN,56927,97446.0,6.26,3.73,4.05,91.72,0.0385,0.0251,0.2323,0.3131,0.0426,8.6,35.9,28.1,21.8,14.7,5.0,16.3,10.8,10.6,6.7,9.4,7.4,38.66259766,4.890473366,3.45286274,5.652017593,0.088037468,0.457794845,0,0,0
27027,"Clay County, Minnesota",MN,65307,75006.0,14.75,3.98,8.4,87.99,0.2514,0.2383,0.4314,0.8807,0.4381,9.3,34.1,30.1,22.1,14.6,5.3,16.4,11.0,12.4,7.6,10.2,7.3,19.20739174,4.559583664,1.424374104,1.982660413,0.092750035,0.602875233,0,0,0
27029,"Clearwater County, Minnesota",MN,8541,62723.0,11.25,7.59,8.51,84.36,0.7381,0.5552,0.4658,0.9109,0.7779,10.0,34.7,28.8,26.6,19.4,6.0,18.6,13.3,15.9,9.6,12.3,9.4,39.15169144,15.14871979,5.558074951,10.95266247,0.332704902,0.6513130965,0,0,0
27031,"Cook County, Minnesota",MN,5611,71937.0,8.58,3.07,3.97,92.03,0.0503,0.1298,0.4378,0.2253,0.084,8.8,35.2,27.5,21.4,13.5,5.0,15.9,10.7,11.0,7.2,9.4,6.9,31.44690514,8.929030418,3.264463663,3.952957869,0.738416076,0.923020124,0,0,0
27033,"Cottonwood County, Minnesota",MN,11481,63586.0,12.86,3.93,5.61,83.37,0.1823,0.9004,0.4613,0.6102,0.4903,10.2,39.8,30.1,27.6,16.7,5.8,17.1,12.5,15.6,9.1,12.2,10.7,8.788153648,2.062660456,0.838969111,4.071314335,0.355808586,0.266856432,0,0,0
27035,"Crow Wing County, Minnesota",MN,66558,65975.0,10.43,5.04,4.8,86.73,0.2889,0.2393,0.1152,0.2984,0.2087,8.7,37.4,28.7,22.3,15.4,5.4,16.5,11.1,11.2,7.2,9.4,7.5,13.42822647,3.730427742,2.157740355,3.385588646,0.243738949,0.639814734,0,0,0
27037,"Dakota County, Minnesota",MN,439179,101360.0,5.64,3.68,4.45,93.41,0.0601,0.4123,0.6013,0.2071,0.1492,8.4,34.2,26.8,21.8,11.3,4.4,14.8,10.2,10.0,6.4,8.7,7.4,34.62385178,4.655598164,0.812661111,1.281139731,0.132003412,0.660017073,0,0,0
27039,"Dodge County, Minnesota",MN,20893,92890.0,4.94,2.86,3.78,89.22,0.0111,0.1839,0.265,0.1543,0.0401,8.3,34.9,26.4,21.7,13.4,4.8,16.0,10.5,9.8,6.4,8.7,7.3,13.99119568,3.356467962,1.719525099,3.268906832,0.142945632,0.333539814,0,0,0
27041,"Douglas County, Minnesota",MN,39081,72472.0,8.51,3.05,5.44,85.86,0.0614,0.2886,0.0675,0.3971,0.1174,8.5,35.5,26.5,21.6,14.5,5.0,16.6,10.8,10.7,6.8,9.3,7.3,24.7042408,6.921004772,2.842620611,3.446245909,0.130452931,0.626174092,0,0,0
27043,"Faribault County, Minnesota",MN,13931,64000.0,11.43,4.25,5.14,84.92,0.1661,0.3742,0.328,0.1734,0.1629,9.7,37.8,29.3,26.7,17.1,5.8,17.7,12.6,14.8,8.8,11.9,9.9,12.53014851,4.465139389,1.256287456,2.917883396,0.441144019,0.441144019,0,0,0
27045,"Fillmore County, Minnesota",MN,21251,73234.0,8.71,3.17,6.17,84.09,0.1584,0.371,0.0579,0.433,0.2004,9.0,40.7,29.4,23.4,16.1,5.3,17.3,11.8,11.9,7.5,9.9,8.1,2.714550495,0.742590666,3.604059219,4.177998543,0.236574396,0.61509347,0,0,0
27047,"Freeborn County, Minnesota",MN,30857,65679.0,9.55,4.35,6.33,83.44,0.3516,0.7203,0.4763,0.524,0.4986,9.9,36.2,28.9,27.9,16.7,5.7,17.4,12.4,14.8,8.6,11.8,10.5,23.69882393,8.295694351,3.467880249,6.403001785,0.131734952,0.757475972,0,0,0
27049,"Goodhue County, Minnesota",MN,47697,78338.0,9.09,3.96,6.58,89.47,0.1266,0.1196,0.2733,0.4979,0.1645,8.5,35.8,28.6,23.7,14.9,5.1,16.9,11.4,11.6,7.3,9.9,8.2,14.3315897,3.005678654,2.069172144,2.745739937,0.194308907,0.647696376,0,0,0
27051,"Grant County, Minnesota",MN,6091,67600.0,10.11,3.74,4.21,85.71,0.2323,0.4951,0.1339,0.1861,0.1998,9.6,39.9,29.8,24.5,17.2,5.8,17.9,12.3,13.6,8.4,11.0,8.4,44.1004982,14.28484535,3.617264748,6.060171127,0.497842669,0.6513130965,0,0,0
27053,"Hennepin County, Minnesota",MN,1270787,92595.0,9.84,4.33,8.91,91.63,0.1979,0.1979,0.7038,0.8126,0.4108,7.4,27.1,26.9,18.5,11.1,4.5,14.9,9.4,11.4,7.2,10.2,7.6,25.49419022,3.815078735,1.083836794,1.288803101,0.18448323,0.824655771,0,0,0
27055,"Houston County, Minnesota",MN,18826,71580.0,7.19,1.55,3.48,87.01,0.0235,0.1546,0.0983,0.0716,0.0207,8.4,34.0,26.1,23.5,14.2,5.0,16.2,11.1,10.4,6.7,8.9,7.3,13.71372414,2.549212217,2.144073009,3.270729303,0.214684412,0.268355519,0,0,0
27057,"Hubbard County, Minnesota",MN,21479,67197.0,10.14,4.28,5.22,85.74,0.2358,0.2937,0.2364,0.5297,0.2809,9.3,35.3,26.3,21.9,14.8,5.4,16.7,11.3,12.0,7.6,9.9,7.7,23.10991287,6.302763462,1.947478175,5.162713528,0.229536802,0.367258877,0,0,0
27059,"Isanti County, Minnesota",MN,41257,84063.0,8.79,4.22,3.26,89.51,0.2081,0.1199,0.1861,0.0996,0.0913,8.8,32.4,28.0,23.6,16.1,5.3,17.1,11.9,12.2,7.6,10.0,8.3,33.54854965,7.761170387,2.778879881,5.313721657,0.096550725,0.362065226,0,0,0
27061,"Itasca County, Minnesota",MN,45054,63962.0,11.76,6.2,5.56,85.12,0.3465,0.3089,0.314,0.6405,0.4012,9.9,36.1,29.7,23.1,16.7,5.6,17.4,12.1,12.9,8.0,10.4,7.7,25.36037254,8.704019547,2.487284184,7.100030422,0.198815942,0.309269249,0,0,0
27063,"Jackson County, Minnesota",MN,9990,68368.0,9.74,2.03,4.85,85.83,0.0264,0.3503,0.2485,0.2386,0.0856,8.9,36.1,28.3,23.1,14.8,5.2,16.6,11.2,11.5,7.3,9.9,8.3,17.4398098,5.386116982,1.608188748,2.242722988,0.1790471595,0.6513130965,0,0,0
27065,"Kanabec County, Minnesota",MN,16145,68995.0,9.77,4.38,4.54,83.02,0.308,0.1304,0.1225,0.5565,0.2612,9.8,37.3,29.4,26.0,18.2,5.7,18.1,12.8,14.7,8.7,11.5,9.1,11.87412071,4.3057971,2.595782757,6.362710476,0.1790471595,0.243664712,0,0,0
27067,"Kandiyohi County, Minnesota",MN,43686,73285.0,10.9,3.84,5.54,86.85,0.2765,0.7684,0.5667,0.6895,0.5383,10.0,41.0,28.3,24.1,14.9,5.4,16.2,11.7,14.2,8.5,11.7,10.5,39.75845718,13.1995163,2.826916695,4.694800377,0.185485736,0.626014352,0,0,0
27069,"Kittson County, Minnesota",MN,4191,66000.0,11.0,3.06,4.65,82.93,0.0232,0.1123,0.1037,0.609,0.0958,8.8,34.4,28.2,23.1,15.2,5.2,16.9,11.3,11.5,7.3,9.6,7.6,25.88676262,8.101639748,1.791398644,3.204263926,0.711912692,0.6513130965,0,0,0
27071,"Koochiching County, Minnesota",MN,12072,59779.0,11.7,5.06,6.91,85.03,0.1989,0.5119,0.2536,0.5323,0.3118,9.3,37.1,29.7,25.1,16.8,5.6,17.5,12.0,12.6,7.9,10.3,8.0,39.92807007,13.86858273,2.427469969,6.153172493,0.497553706,0.580479324,0,0,0
27073,"Lac qui Parle County, Minnesota",MN,6736,66967.0,8.67,2.14,3.42,83.97,0.0169,0.4932,0.0932,0.1276,0.0535,8.7,34.8,27.3,23.0,15.2,5.2,16.7,11.1,11.1,7.1,9.5,7.9,11.37378597,3.401291847,1.171910644,2.797286034,0.1790471595,0.459629238,0,0,0
27075,"Lake County, Minnesota",MN,10915,73860.0,8.6,2.76,4.33,87.19,0.0741,0.2873,0.0474,0.1934,0.0805,8.7,35.3,26.7,22.8,15.6,5.4,17.1,11.6,11.7,7.5,9.9,7.8,11.62121677,3.477826595,2.008417845,2.557541609,0.1790471595,0.751950383,0,0,0
27077,"Lake of the Woods County, Minnesota",MN,3786,61667.0,10.69,2.07,2.39,79.6,0.0942,0.0264,0.2265,0.1588,0.0417,8.9,35.6,27.9,23.3,15.6,5.3,16.9,11.4,11.6,7.4,9.9,7.8,41.18602371,8.731283188,0.82356286,2.980873823,0.1790471595,0.6513130965,0,0,0
27079,"Le Sueur County, Minnesota",MN,28795,87180.0,7.45,3.59,2.82,88.68,0.069,0.3408,0.2879,0.0786,0.0694,8.7,35.0,27.8,21.1,14.4,5.0,16.2,10.9,11.0,6.9,9.5,8.2,5.037368298,1.479820251,1.368631959,3.224838972,0.173967496,0.173967496,0,0,0
27081,"Lincoln County, Minnesota",MN,5630,64750.0,9.12,2.7,3.04,84.83,0.0961,0.3073,0.0675,0.1002,0.069,8.9,36.9,28.2,23.8,15.7,5.3,17.0,11.7,12.2,7.6,10.0,8.2,12.21485138,2.925569773,2.232707262,4.685245514,1.077586174,0.6513130965,0,0,0
27083,"Lyon County, Minnesota",MN,25352,68919.0,12.36,3.04,7.3,88.62,0.2125,0.7245,0.4913,0.8498,0.5348,9.5,38.4,28.3,24.0,15.2,5.3,16.5,11.6,13.1,8.0,10.5,8.9,40.05039215,14.54898167,2.939163923,3.973317146,0.276997358,0.910134137,0,0,0
27085,"McLeod County, Minnesota",MN,36727,73296.0,7.12,3.18,3.99,86.17,0.0875,0.2603,0.3086,0.2087,0.1126,9.2,42.2,28.3,24.2,15.4,5.1,16.7,11.4,11.7,7.4,10.2,8.7,47.32771683,11.92694378,2.66071558,5.022468567,0.112013444,0.644077301,0,0,0
27087,"Mahnomen County, Minnesota",MN,5389,52739.0,20.56,10.34,8.2,81.96,0.944,0.8645,0.8941,0.8708,0.9577,14.0,44.4,33.2,33.2,25.7,7.5,21.5,16.9,28.0,16.6,20.2,12.0,35.18780899,16.62826538,4.814852715,14.06458187,0.1790471595,0.548145413,0,0,0
27089,"Marshall County, Minnesota",MN,9017,69396.0,7.41,2.86,3.9,85.37,0.0414,0.4925,0.2062,0.2246,0.1133,9.1,39.2,28.8,23.5,15.9,5.3,17.1,11.7,12.5,7.7,10.2,8.7,60.95251083,15.61583424,3.093179226,3.923433065,0.643707752,0.6513130965,0,0,0
27091,"Martin County, Minnesota",MN,19960,61674.0,11.7,5.19,6.09,85.47,0.2364,0.504,0.2536,0.3859,0.2867,9.7,36.6,27.7,26.3,16.4,5.6,17.2,12.1,13.7,8.3,11.1,9.0,31.1127491,7.630970955,2.780807495,4.139193058,0.153972492,0.718538284,0,0,0
27093,"Meeker County, Minnesota",MN,23352,75926.0,7.56,2.54,4.64,86.13,0.0611,0.286,0.1508,0.2701,0.1018,9.4,37.1,28.0,24.3,16.1,5.4,17.2,11.4,12.1,7.6,10.1,8.3,26.13371849,7.82398653,3.751645088,6.554938793,0.171372265,0.385587603,0,0,0
27095,"Mille Lacs County, Minnesota",MN,26680,68088.0,10.99,4.69,6.68,85.63,0.3754,0.6137,0.3484,0.7636,0.5406,9.7,38.0,30.7,26.7,17.6,5.6,17.7,12.2,14.5,8.4,11.5,8.7,7.808329105,2.61951375,3.015777588,5.737264633,0.152987078,0.573701501,0,0,0
27097,"Morrison County, Minnesota",MN,34023,66264.0,10.31,4.09,5.2,83.34,0.217,0.1394,0.0474,0.2997,0.1448,9.3,37.1,29.1,24.5,16.7,5.6,17.1,12.2,12.6,7.8,10.3,8.2,31.02240753,9.340598106,2.755504131,5.793731689,0.331455082,0.662910163,0,0,0
27099,"Mower County, Minnesota",MN,40082,66972.0,11.87,3.19,5.94,87.24,0.1845,0.8215,0.6083,0.6697,0.5021,10.1,38.3,29.2,27.5,16.3,5.6,16.9,12.0,15.9,9.0,12.5,11.1,18.77161407,5.837426186,1.828579664,3.079689026,0.273972601,0.49813199,0,0,0
27101,"Murray County, Minnesota",MN,8170,71500.0,7.4,2.96,4.08,80.83,0.0719,0.5008,0.2733,0.0942,0.0983,9.1,36.7,28.2,24.4,15.5,5.4,17.2,11.7,12.6,7.7,10.5,8.9,14.47918701,3.754258633,1.172714829,2.459714174,0.367872477,0.367872477,0,0,0
27103,"Nicollet County, Minnesota",MN,34380,79113.0,10.34,1.86,5.27,88.0,0.0468,0.2781,0.3888,0.5943,0.1877,8.8,34.3,27.3,22.7,14.7,5.1,16.5,11.0,11.5,7.3,9.9,7.6,44.9056778,9.777412415,4.114594936,4.127382278,0.087001912,0.754016578,0,0,0
27105,"Nobles County, Minnesota",MN,22194,62973.0,12.24,2.99,7.13,84.37,0.5549,0.9599,0.8225,0.797,0.8323,11.7,39.2,29.1,32.7,17.1,6.2,16.7,13.5,21.2,11.2,16.2,17.3,29.5118103,9.894126892,2.070815802,4.587628365,0.373831779,0.467289716,0,0,0
27107,"Norman County, Minnesota",MN,6457,65278.0,8.94,5.13,5.11,84.74,0.2326,0.2946,0.3535,0.4763,0.2806,9.6,35.8,30.1,24.8,16.4,5.6,17.3,12.2,13.7,8.3,11.0,9.0,25.99043655,9.175952911,2.53071022,4.183772087,0.1790471595,0.6513130965,0,0,0
27109,"Olmsted County, Minnesota",MN,162307,90420.0,7.87,3.43,6.73,90.42,0.0627,0.2841,0.5654,0.6367,0.2361,8.4,36.5,27.4,20.6,11.4,4.6,14.5,9.9,10.1,6.6,8.6,6.8,20.02523994,2.448482752,1.108542562,1.762196422,0.150661021,0.696807265,0,0,0
27111,"Otter Tail County, Minnesota",MN,60072,67990.0,8.66,5.28,5.58,84.32,0.2482,0.4852,0.2444,0.5221,0.3303,8.7,34.4,25.6,23.5,15.9,5.3,17.1,11.6,12.2,7.6,10.1,8.1,23.424263,5.972800732,2.579510689,4.125629425,0.187262729,0.612859845,0,0,0
27113,"Pennington County, Minnesota",MN,13995,71504.0,9.63,1.89,4.72,89.14,0.0436,0.2205,0.3217,0.5091,0.1416,9.3,40.5,29.7,23.5,16.0,5.3,17.5,11.8,12.4,7.9,10.4,8.3,18.18004036,5.040060997,1.523677945,1.922585368,0.1790471595,0.288309067,0,0,0
27115,"Pine County, Minnesota",MN,29090,65059.0,10.64,5.85,6.15,84.21,0.4493,0.1689,0.3446,0.8482,0.4919,10.1,39.1,31.8,25.8,18.2,5.9,18.4,12.9,14.9,8.9,11.8,9.4,12.01953411,4.307002544,2.82320261,8.247515678,0.136244416,0.476855487,0,0,0
27117,"Pipestone County, Minnesota",MN,9380,68341.0,13.04,2.91,5.57,85.78,0.1059,0.7509,0.4248,0.2043,0.2288,10.0,38.9,29.9,26.0,17.2,5.7,17.5,12.5,14.6,8.8,11.6,9.6,30.77983284,9.217889786,1.989003658,1.880057573,0.438548416,0.657822609,0,0,0
27119,"Polk County, Minnesota",MN,31128,69540.0,11.56,3.41,6.53,88.05,0.2027,0.4018,0.4314,0.8428,0.4365,9.2,39.7,27.4,24.6,15.8,5.5,16.9,11.9,13.5,8.2,11.0,8.7,33.37074661,8.56370163,2.194461107,4.02703619,0.161812291,0.485436887,0,0,0
27121,"Pope County, Minnesota",MN,11312,71212.0,9.62,0.99,4.64,84.07,0.0315,0.0585,0.0821,0.1779,0.028,8.9,38.9,28.6,22.7,15.2,5.4,17.0,11.6,11.4,7.4,9.7,7.7,12.44611835,3.02962184,1.567796111,3.940528393,0.1790471595,0.354704261,0,0,0
27123,"Ramsey County, Minnesota",MN,547202,78108.0,12.89,4.74,10.33,91.02,0.4346,0.5278,0.7881,0.9456,0.7076,9.8,32.3,28.6,20.0,12.8,5.1,16.3,11.4,14.9,8.7,11.4,7.8,20.80873489,5.214152813,1.475170374,1.808767915,0.222667158,0.74100709,0,0,0
27125,"Red Lake County, Minnesota",MN,3912,73889.0,9.31,1.45,4.52,80.65,0.0216,0.2978,0.2399,0.3143,0.0891,9.1,38.8,28.7,24.5,16.1,5.4,17.3,11.8,12.3,7.7,10.3,8.1,99.19235992,26.25564766,4.846832752,9.053487778,0.1790471595,0.741473079,0,0,0
27127,"Redwood County, Minnesota",MN,15428,65617.0,10.07,1.72,4.25,82.93,0.1047,0.3341,0.4085,0.3223,0.1794,10.0,36.9,28.8,24.3,17.1,5.6,17.7,12.3,14.7,8.7,11.4,9.0,38.86283875,11.66466522,3.088011265,3.522449493,0.464221776,0.397904366,0,0,0
27129,"Renville County, Minnesota",MN,14707,66313.0,10.39,3.09,6.28,80.75,0.118,0.4957,0.4057,0.4375,0.2482,10.2,39.1,29.1,26.2,17.1,5.7,17.2,12.6,14.6,8.8,11.9,10.4,31.77104568,9.298895836,3.247256756,4.64858532,0.347149909,0.347149909,0,0,0
27131,"Rice County, Minnesota",MN,67152,78214.0,9.25,5.33,4.97,90.56,0.2984,0.2491,0.5269,0.8253,0.4598,9.4,38.7,30.3,25.4,14.9,5.3,16.2,11.5,13.3,8.0,10.9,9.2,18.37875175,6.332841873,2.559699535,2.676016808,0.119253471,0.536640644,0,0,0
27133,"Rock County, Minnesota",MN,9659,75060.0,8.79,2.78,6.14,88.2,0.07,0.1594,0.1696,0.4887,0.1304,9.2,37.0,27.9,24.5,16.0,5.4,17.1,11.7,12.6,7.8,10.3,8.5,21.11553383,4.217363834,0.974399924,4.121165276,0.1790471595,0.645091951,0,0,0
27135,"Roseau County, Minnesota",MN,15294,70122.0,10.39,4.33,5.37,81.07,0.139,0.4069,0.3016,0.5097,0.2504,9.2,35.7,26.9,23.4,15.9,5.4,17.1,11.7,12.8,7.8,10.3,8.3,37.81650925,9.046138763,2.070612431,3.677759886,0.330753446,0.19845207,0,0,0
27137,"St. Louis County, Minnesota",MN,200122,66491.0,13.73,4.61,8.53,86.63,0.2542,0.0964,0.2816,0.7684,0.3054,9.4,36.2,28.1,22.6,16.3,5.5,17.6,12.1,12.3,8.2,9.9,7.2,27.28700066,9.149813652,3.350086689,4.768064976,0.171251848,0.679970562,0,0,0
27139,"Scott County, Minnesota",MN,151347,118268.0,5.03,3.18,2.95,93.84,0.0175,0.4359,0.5616,0.1807,0.1034,8.5,31.5,28.4,22.2,11.9,4.5,14.8,10.0,9.9,6.3,8.9,6.9,29.08177948,4.273024559,1.684998035,1.697691202,0.145996064,0.557439506,0,0,0
27141,"Sherburne County, Minnesota",MN,97820,99431.0,5.82,3.02,4.1,93.06,0.0245,0.3799,0.3592,0.2612,0.1047,8.3,38.4,27.4,22.9,13.9,4.8,16.3,10.6,10.7,6.8,9.2,7.4,16.30261803,3.869580984,1.680398822,2.719599724,0.11132364,0.425053895,0,0,0
27143,"Sibley County, Minnesota",MN,14950,74781.0,8.63,3.2,4.96,82.86,0.0624,0.168,0.3675,0.3293,0.1139,9.2,38.8,28.7,25.8,16.0,5.5,17.0,12.0,13.3,8.0,11.0,9.6,3.27188921,0.801939487,1.126064777,3.633918762,0.203873605,0.203873605,0,0,0
27145,"Stearns County, Minnesota",MN,158622,73105.0,12.67,4.44,5.62,88.42,0.2673,0.3035,0.4725,0.8473,0.4572,9.4,37.4,28.7,23.0,15.1,5.4,17.0,11.7,13.6,8.1,11.5,8.2,25.29802132,7.351221085,1.601500392,3.408374786,0.222170115,0.703538656,0,0,0
27147,"Steele County, Minnesota",MN,37396,79722.0,8.46,3.41,7.43,86.55,0.1562,0.524,0.4273,0.5247,0.3105,9.0,37.6,28.5,23.0,14.6,5.2,16.4,11.3,12.4,7.5,10.4,8.7,30.88448715,5.122976303,1.331520677,2.457143307,0.191277742,0.710460186,0,0,0
27149,"Stevens County, Minnesota",MN,9682,69737.0,11.71,1.36,4.32,89.05,0.0732,0.1435,0.42,0.5555,0.1728,9.6,39.4,28.3,25.1,14.8,5.4,16.5,11.8,13.2,8.1,11.1,10.3,13.02660751,3.441152811,2.302271605,3.66930747,0.307219654,0.614439309,0,0,0
27151,"Swift County, Minnesota",MN,9806,58362.0,10.72,3.7,4.6,80.02,0.3204,0.9618,0.3503,0.3487,0.5119,10.1,39.1,30.6,25.8,17.6,5.8,17.5,12.4,14.8,8.9,12.0,9.7,25.81141663,7.293095589,1.505309343,2.950464249,0.326939851,0.653879702,0,0,0
27153,"Todd County, Minnesota",MN,25277,63216.0,12.0,4.08,6.1,77.11,0.4031,0.7763,0.363,0.7331,0.5915,9.9,39.6,30.2,26.7,18.6,5.9,17.8,12.9,15.8,9.2,12.5,11.2,32.36234283,11.38456059,3.886810303,5.863526344,0.283034116,0.283034116,0,0,0
27155,"Traverse County, Minnesota",MN,3345,63456.0,8.41,4.01,5.16,79.76,0.0713,0.4257,0.3977,0.3691,0.1829,9.7,39.3,29.4,25.2,16.8,5.7,17.4,12.3,14.0,8.6,11.5,9.2,15.48036194,3.705822468,0.104045793,4.598147869,0.1790471595,0.6513130965,0,0,0
27157,"Wabasha County, Minnesota",MN,21460,75063.0,7.57,2.23,4.74,85.04,0.0449,0.3293,0.0983,0.2949,0.0986,8.5,37.5,26.3,21.7,14.4,5.0,16.6,11.0,10.7,6.8,9.1,7.6,10.49858952,2.151771545,1.585307598,2.19722271,0.138619348,0.41585806,0,0,0
27159,"Wadena County, Minnesota",MN,14108,54747.0,11.93,6.09,9.1,82.47,0.5027,0.7604,0.2265,0.9822,0.7448,10.1,38.5,29.2,27.4,17.8,5.9,18.4,12.9,14.9,8.9,11.5,9.2,7.358362198,2.251330614,2.102083206,5.043867588,0.289708108,0.869124353,0,0,0
27161,"Waseca County, Minnesota",MN,18953,71856.0,6.61,3.3,3.32,85.96,0.1158,0.4973,0.3388,0.3818,0.2195,9.5,39.2,28.1,25.3,15.7,5.4,17.4,11.9,13.4,8.1,11.2,9.3,40.59436035,12.69308758,2.319782495,4.05134964,0.1790471595,0.646900296,0,0,0
27163,"Washington County, Minnesota",MN,268651,110828.0,4.67,3.02,4.13,93.83,0.0134,0.1938,0.5326,0.1263,0.0503,8.7,32.1,25.8,18.2,10.9,4.3,14.1,9.3,8.8,5.8,7.9,6.1,45.84732056,6.106072426,1.39070785,2.186063051,0.116771385,0.59892422,0,0,0
27165,"Watonwan County, Minnesota",MN,11205,65197.0,13.27,6.08,6.51,80.84,0.5199,0.7261,0.6701,0.6557,0.6583,10.4,37.4,28.7,27.9,15.5,5.5,16.5,12.6,16.9,9.3,13.7,14.0,3.342154503,1.101079702,0.497938514,2.604748726,0.1790471595,0.463306159,0,0,0
27167,"Wilkin County, Minnesota",MN,6454,67114.0,13.54,5.05,5.25,81.21,0.1629,0.0729,0.2164,0.4941,0.1556,9.6,38.3,29.5,24.6,16.8,5.7,17.5,12.4,13.3,8.3,10.7,8.5,29.12862968,5.679893017,1.055859804,3.238716364,0.1790471595,0.6513130965,0,0,0
27169,"Winona County, Minnesota",MN,49792,66162.0,14.02,2.79,7.26,90.83,0.2208,0.0134,0.2816,0.8664,0.2377,9.1,36.3,28.8,22.7,14.9,5.4,16.9,11.5,11.9,7.6,9.8,7.7,12.14221954,3.024543524,1.950948596,2.626416445,0.099039316,0.732890964,0,0,0
27171,"Wright County, Minnesota",MN,142543,102980.0,4.79,2.18,2.78,91.51,0.0165,0.1149,0.2914,0.0827,0.0235,8.2,34.8,28.4,19.8,12.5,4.7,15.8,10.1,9.6,6.2,8.6,7.1,25.88977432,2.909765959,1.619744539,3.31144309,0.092692286,0.527633011,0,0,0
27173,"Yellow Medicine County, Minnesota",MN,9569,70605.0,10.01,3.23,5.38,83.81,0.076,0.5829,0.335,0.483,0.237,9.7,38.9,29.3,25.1,16.6,5.6,17.5,12.2,13.6,8.4,11.2,9.1,32.3343277,9.450703621,1.781030178,4.809887886,0.313152403,0.626304805,0,0,0
28001,"Adams County, Mississippi",MS,29425,37271.0,27.19,7.13,8.64,81.3,0.9523,0.9402,0.936,0.8393,0.971,16.8,41.5,45.8,39.8,20.7,7.3,19.0,15.8,32.9,16.9,24.6,16.0,28.26030731,15.4034071,5.317587376,13.58509922,0.132122219,0.891824961,0,0,0
28003,"Alcorn County, Mississippi",MS,34717,47716.0,17.12,6.37,7.74,73.59,0.9494,0.6761,0.5161,0.8785,0.8944,12.4,40.0,40.7,33.6,19.8,6.6,18.9,14.8,20.1,10.9,15.1,12.3,18.86888695,7.805853367,3.237473488,9.919149399,0.189758465,0.840358913,0,0,0
28005,"Amite County, Mississippi",MS,12683,34866.0,27.05,7.45,7.61,68.79,0.7808,0.9348,0.8027,0.3646,0.7894,15.1,45.4,43.2,38.4,21.5,7.2,20.0,15.9,28.1,14.7,21.2,13.5,13.94737244,6.810630322,4.825025558,17.42057228,0.1790471595,0.245800897,0,0,0
28007,"Attala County, Mississippi",MS,17842,42680.0,23.56,7.15,8.08,77.12,0.9411,0.8893,0.8549,0.8603,0.957,13.9,43.0,43.1,35.5,18.8,6.5,19.1,14.8,25.9,13.7,20.3,12.7,27.09092903,15.40845108,5.626995564,14.88670826,0.1790471595,0.722061753,0,0,0
28009,"Benton County, Mississippi",MS,7637,38750.0,17.62,4.44,6.25,61.92,0.8212,0.7913,0.7821,0.4219,0.7725,14.0,42.3,42.3,34.8,19.7,6.7,19.1,15.1,24.9,13.2,19.5,13.4,35.73750305,16.95679665,2.820730925,16.10159874,0.1790471595,0.6513130965,0,0,0
28011,"Bolivar County, Mississippi",MS,30688,37845.0,31.77,7.45,10.76,74.64,0.9927,0.8883,0.9567,0.9583,0.994,17.9,46.8,48.5,41.3,20.4,7.4,19.6,16.2,34.4,18.0,25.8,14.2,50.92106628,27.81966972,8.949609756,21.41553497,0.132705197,0.763054848,0,0,0
28013,"Calhoun County, Mississippi",MS,13193,44505.0,18.76,4.24,7.5,76.23,0.7964,0.9844,0.7378,0.7066,0.8988,14.6,41.3,42.8,35.6,20.8,7.1,19.8,16.1,26.7,14.2,20.1,14.9,3.123580694,1.149333954,4.476746559,10.26768875,0.351098925,0.351098925,0,0,0
28015,"Carroll County, Mississippi",MS,9930,42285.0,21.84,5.97,5.08,62.37,0.7884,0.3653,0.7442,0.5947,0.7,14.3,40.4,42.5,36.2,20.3,7.1,18.9,15.4,25.8,13.7,19.4,13.7,56.14039612,20.41903114,5.137352467,8.595158577,0.1790471595,0.6513130965,0,0,0
28017,"Chickasaw County, Mississippi",MS,17024,40224.0,26.62,3.12,9.53,68.55,0.8664,0.9838,0.8759,0.8081,0.9542,15.7,43.8,43.5,37.5,20.6,7.0,19.4,16.0,29.1,15.4,22.3,14.5,9.381425858,5.799240112,4.380239964,12.65018845,0.235974282,0.471948564,0,0,0
28019,"Choctaw County, Mississippi",MS,8208,41887.0,19.13,7.32,5.78,79.7,0.9074,0.7286,0.7028,0.4305,0.7932,12.9,40.5,40.2,32.7,18.0,6.2,18.2,14.0,21.7,11.4,16.6,12.0,12.91553879,6.356234074,4.772782326,14.51200008,0.1790471595,0.496093273,0,0,0
28021,"Claiborne County, Mississippi",MS,9044,34282.0,30.42,9.03,12.0,74.35,0.9714,0.0137,0.9924,0.9427,0.819,19.6,50.5,51.4,42.1,21.1,7.5,19.8,16.4,39.9,20.8,30.6,14.5,12.87959862,9.148790359,7.4976511,18.40518188,0.1790471595,0.336662561,0,0,0
28023,"Clarke County, Mississippi",MS,15553,46329.0,20.59,5.64,6.83,75.87,0.8759,0.9087,0.7521,0.3156,0.8021,14.0,38.9,42.7,33.5,19.8,6.7,19.3,15.3,25.3,13.5,19.4,12.3,13.5469656,6.393414021,3.968972683,14.09090996,0.19609125,0.392182499,0,0,0
28025,"Clay County, Mississippi",MS,18598,37412.0,23.01,8.85,7.98,79.53,0.9825,0.2879,0.93,0.3649,0.7913,16.0,47.9,45.8,37.3,19.7,6.9,19.2,15.6,30.9,16.2,23.6,13.5,20.43335724,11.22133636,3.693255901,8.32272625,0.1790471595,0.826787949,0,0,0
28027,"Coahoma County, Mississippi",MS,21264,36075.0,36.97,10.79,12.04,73.92,0.9933,0.9045,0.9822,0.8896,0.9895,19.5,47.1,50.7,42.1,22.0,7.7,20.1,17.1,39.3,20.9,29.8,15.6,22.26428604,15.94950008,4.819912434,13.74282932,0.324615091,0.741977394,0,0,0
28029,"Copiah County, Mississippi",MS,28210,46889.0,23.43,5.17,7.45,71.02,0.8034,0.3719,0.9017,0.8148,0.7976,15.3,42.4,44.1,36.1,18.6,6.7,18.8,15.0,27.7,14.7,21.8,13.0,28.50428391,13.62257671,4.322378635,14.04117012,0.107399851,0.572799206,0,0,0
28031,"Covington County, Mississippi",MS,18323,40164.0,23.61,5.83,6.47,62.35,0.8947,0.6678,0.7894,0.3758,0.7674,13.3,40.4,42.1,33.8,18.2,6.4,18.6,14.3,23.5,12.5,18.3,12.1,0.0,0.0,2.654694319,16.98057938,0.216006055,0.756021142,0,0,0
28033,"DeSoto County, Mississippi",MS,186214,79666.0,9.8,4.42,3.69,90.94,0.3847,0.51,0.7859,0.1289,0.3563,11.4,36.9,38.2,27.5,13.8,5.2,16.8,12.0,17.2,9.3,14.5,10.0,48.6722641,10.98667812,1.680894017,4.940175533,0.100916214,0.833886623,0,0,0
28035,"Forrest County, Mississippi",MS,77917,49340.0,22.84,7.35,7.99,82.12,0.923,0.7346,0.8101,0.9758,0.9497,13.5,37.6,41.0,30.6,16.6,6.2,18.1,14.0,23.2,12.1,17.6,11.0,21.67761612,9.022379875,2.954715014,8.772524834,0.146649063,0.999880016,0,0,0
28037,"Franklin County, Mississippi",MS,7690,43942.0,23.77,2.6,3.33,82.82,0.5568,0.915,0.7537,0.1597,0.5787,14.6,40.6,43.7,36.1,20.7,7.2,19.5,15.6,26.8,14.2,20.2,12.8,32.38736343,15.03225994,2.394954205,10.95339775,0.1790471595,0.6513130965,0,0,0
28039,"George County, Mississippi",MS,24547,51349.0,20.93,10.4,6.08,76.79,0.9045,0.728,0.3961,0.7591,0.8384,11.7,36.9,37.3,31.0,18.2,6.4,18.5,14.3,18.1,10.0,13.7,11.6,10.61209106,5.677483082,4.733948231,11.91913509,0.1790471595,0.491299897,0,0,0
28041,"Greene County, Mississippi",MS,13672,50000.0,18.38,12.55,7.16,68.47,0.888,0.1308,0.6538,0.8969,0.7776,13.1,41.9,41.5,33.1,19.5,6.7,18.2,14.6,22.0,11.7,16.8,13.4,5.431140423,1.69005239,2.796961546,14.504776,0.296801955,0.222601473,0,0,0
28043,"Grenada County, Mississippi",MS,21474,45745.0,22.21,4.11,6.85,76.17,0.9093,0.6885,0.8616,0.6306,0.8492,14.7,46.1,43.3,35.4,19.0,6.7,18.9,14.9,26.6,14.0,20.4,12.7,15.36354256,5.917171478,2.825258493,6.130442619,0.1790471595,1.115963101,0,0,0
28045,"Hancock County, Mississippi",MS,46010,63623.0,13.74,6.21,3.78,84.58,0.5959,0.4343,0.4445,0.3236,0.4776,10.8,37.0,35.9,29.0,16.0,5.9,18.0,13.3,15.8,9.0,12.8,10.4,43.4798584,15.44761848,3.555264235,10.57791615,0.0625,0.583333313,0,0,0
28047,"Harrison County, Mississippi",MS,208748,55211.0,18.38,8.44,5.87,86.03,0.9246,0.9093,0.756,0.7525,0.9182,12.3,36.6,39.0,34.1,16.5,6.1,18.2,13.7,20.3,10.9,15.5,11.5,33.68162918,14.83233261,2.953994513,10.28269005,0.086206481,0.790226102,0,0,0
28049,"Hinds County, Mississippi",MS,226541,48596.0,21.04,7.78,7.21,86.8,0.9437,0.5686,0.9771,0.8638,0.9154,15.3,44.6,45.7,34.2,16.5,6.1,17.9,13.7,28.3,14.8,22.9,11.4,34.89126205,14.84758377,2.751936436,7.13907814,0.105278857,0.995762527,0,0,0
28051,"Holmes County, Mississippi",MS,16848,28818.0,34.98,8.81,15.09,62.99,0.994,0.875,0.9879,0.945,0.992,21.0,51.5,53.1,44.4,23.5,8.0,20.4,17.5,43.0,22.5,32.5,16.1,25.30367279,18.47398758,9.240568161,21.01047134,0.179361477,0.298935801,0,0,0
28053,"Humphreys County, Mississippi",MS,7744,31907.0,32.06,13.71,12.17,70.14,0.9997,0.9297,0.9815,0.5927,0.9787,20.6,53.0,52.4,46.2,24.1,8.3,20.8,18.1,43.6,23.0,32.1,16.8,18.45992088,11.87084293,6.208564281,20.63983727,0.1790471595,0.383288622,0,0,0
28055,"Issaquena County, Mississippi",MS,1206,17900.0,20.63,12.14,17.35,35.97,0.9879,0.0767,0.9682,0.9994,0.9539,17.8,47.3,48.9,42.1,24.0,8.0,19.0,17.0,36.9,18.8,27.2,20.0,25.83356094,15.42048264,12.74192619,24.3801651,0.1790471595,0.6513130965,0,0,0
28057,"Itawamba County, Mississippi",MS,23888,57252.0,10.42,2.8,3.82,78.41,0.3446,0.0773,0.328,0.4251,0.2463,10.8,37.0,37.2,31.1,17.1,6.0,18.4,13.8,16.1,9.1,12.5,10.9,12.8355751,6.605793953,3.356465578,9.728071213,0.214952067,0.515884936,0,0,0
28059,"Jackson County, Mississippi",MS,143721,60045.0,15.66,8.05,4.55,86.55,0.8533,0.929,0.7066,0.4442,0.8288,12.8,40.5,40.8,29.4,15.5,5.8,17.6,13.0,18.4,10.0,14.9,11.6,32.37093735,11.61699295,2.200267076,7.267798901,0.111264102,0.6397686,0,0,0
28061,"Jasper County, Mississippi",MS,16320,43914.0,17.21,3.78,9.45,55.25,0.5227,0.7591,0.8969,0.4139,0.6281,15.2,45.2,44.3,38.1,19.4,6.7,19.1,14.9,28.2,14.5,21.7,13.0,12.3099947,5.237798214,5.234578609,17.96629333,0.1790471595,0.244917959,0,0,0
28063,"Jefferson County, Mississippi",MS,7207,31544.0,31.78,5.39,5.81,86.96,0.9084,0.5822,0.9901,0.8619,0.8991,19.8,51.7,52.2,43.3,22.1,7.6,19.8,16.7,40.4,20.8,30.3,15.6,9.966205597,4.512065411,10.64079857,26.19729614,0.1790471595,0.6513130965,0,0,0
28065,"Jefferson Davis County, Mississippi",MS,11291,36473.0,23.08,9.19,7.03,70.65,0.9749,0.6831,0.9332,0.4903,0.8743,16.8,45.8,47.1,38.8,21.0,7.1,19.7,15.7,33.1,17.1,25.2,13.6,16.55020523,9.568279266,8.003523827,20.5006752,0.1790471595,0.367309451,0,0,0
28067,"Jones County, Mississippi",MS,67152,49451.0,21.26,3.68,6.04,67.98,0.6666,0.916,0.7321,0.6319,0.791,13.6,41.9,42.4,35.1,18.2,6.6,18.1,14.5,22.7,12.5,17.7,12.4,15.1901865,9.053471565,2.98005724,10.97502899,0.117659174,0.838321567,0,0,0
28069,"Kemper County, Mississippi",MS,8980,42947.0,22.02,14.07,4.9,70.35,0.9615,0.7054,0.9472,0.8998,0.95,15.8,45.6,46.0,36.6,19.3,6.8,18.7,14.9,29.7,15.6,23.0,13.2,37.00979233,23.97014618,10.47221088,27.9315052,0.1790471595,0.6513130965,0,0,0
28071,"Lafayette County, Mississippi",MS,56172,59748.0,19.64,2.79,5.88,89.0,0.5686,0.0057,0.6656,0.8578,0.4391,11.8,37.0,37.0,28.1,14.6,5.8,16.6,12.7,16.9,9.7,13.7,9.5,37.48615646,16.79863739,3.33106637,6.202397346,0.055138949,1.029260397,0,0,0
28073,"Lamar County, Mississippi",MS,64425,67972.0,16.85,5.82,4.48,88.62,0.6662,0.637,0.6373,0.3627,0.6032,11.2,38.5,38.0,28.7,14.8,5.7,16.8,12.5,16.3,9.3,13.4,9.7,38.03940201,10.40826797,2.617680073,8.566565514,0.109093741,1.013013363,0,0,0
28075,"Lauderdale County, Mississippi",MS,72741,45649.0,24.85,5.48,9.76,81.43,0.9249,0.8097,0.8638,0.9612,0.959,14.1,42.3,43.1,34.3,19.0,6.7,18.7,14.8,26.2,14.0,20.5,12.4,32.06827164,17.34433365,6.052509785,11.23223495,0.081354827,1.084731102,0,0,0
28077,"Lawrence County, Mississippi",MS,11933,41096.0,22.51,11.99,5.34,59.33,0.9405,0.9596,0.735,0.2479,0.8505,15.2,46.1,44.4,39.0,22.1,7.4,20.2,16.5,28.7,15.0,20.9,14.4,20.39363098,8.208652496,4.089972973,11.2689743,0.240384609,0.400641024,0,0,0
28079,"Leake County, Mississippi",MS,21335,46669.0,20.97,5.99,8.92,70.96,0.8692,0.9695,0.882,0.8606,0.9574,14.5,42.8,43.6,36.8,19.6,6.8,19.1,15.5,27.5,14.5,21.3,14.1,20.40594101,11.39860916,7.942247391,13.63497257,0.1790471595,0.747548461,0,0,0
28081,"Lee County, Mississippi",MS,83343,64479.0,13.45,5.56,4.88,81.13,0.6758,0.7016,0.7391,0.6815,0.7455,12.3,36.3,41.3,31.2,15.5,5.7,17.3,13.0,18.6,10.0,14.7,10.5,19.89297485,6.892057419,3.445616484,7.804960251,0.222310632,1.06475091,0,0,0
28083,"Leflore County, Mississippi",MS,27920,33115.0,32.2,11.8,12.86,54.9,0.9962,0.5485,0.9806,0.763,0.9411,19.0,43.9,49.2,41.1,21.6,7.5,19.5,16.7,38.4,20.0,28.8,15.0,29.1156044,20.83327675,8.029873848,13.07194328,0.251310408,0.718029737,0,0,0
28085,"Lincoln County, Mississippi",MS,34855,47069.0,22.33,4.27,4.35,80.72,0.6551,0.2739,0.7019,0.6252,0.6042,13.1,40.1,40.6,33.4,18.1,6.4,18.6,14.4,21.9,11.9,17.2,11.5,17.6719532,7.372391701,4.008409023,9.916325569,0.1790471595,0.854549766,0,0,0
28087,"Lowndes County, Mississippi",MS,58547,53687.0,18.09,6.24,6.79,84.84,0.8559,0.3522,0.8718,0.5787,0.7521,13.6,37.9,41.9,32.3,16.5,6.0,17.7,13.5,22.8,12.3,17.9,11.2,32.13298035,14.77863598,4.283315659,11.63024902,0.12005008,0.840350568,0,0,0
28089,"Madison County, Mississippi",MS,109257,79105.0,9.79,4.16,3.7,91.17,0.2937,0.3656,0.8323,0.2883,0.3554,10.8,36.0,37.1,25.6,11.9,4.9,15.4,10.8,14.6,8.6,12.8,8.4,23.96027184,4.207336903,1.089851737,3.348243713,0.159070283,1.094777822,0,0,0
28091,"Marion County, Mississippi",MS,24362,38399.0,22.82,9.45,5.78,72.48,0.9847,0.6004,0.7423,0.6879,0.8928,14.4,43.6,43.1,35.7,20.9,7.0,19.4,15.7,26.8,14.0,19.9,13.3,14.50341892,6.115004539,6.150977612,17.88524437,0.122744568,0.818297148,0,0,0
28093,"Marshall County, Mississippi",MS,33980,51431.0,19.51,4.81,3.75,78.09,0.8832,0.7133,0.8848,0.7388,0.8699,15.7,42.1,44.9,36.9,20.8,7.1,19.5,16.0,29.7,15.5,22.6,14.9,22.5421257,10.18654251,3.667542696,11.44906235,0.1790471595,0.424917132,0,0,0
28095,"Monroe County, Mississippi",MS,34168,51190.0,16.74,5.49,5.15,83.45,0.7512,0.5457,0.7066,0.3054,0.6163,13.5,42.9,42.1,36.4,19.3,6.5,19.4,15.0,23.7,12.3,17.8,12.3,8.644698143,3.869467974,3.343971968,10.36597729,0.113885485,0.626370192,0,0,0
28097,"Montgomery County, Mississippi",MS,9803,36845.0,24.19,7.81,8.62,71.93,0.9774,0.8428,0.8591,0.8295,0.9599,15.3,43.8,44.3,37.7,20.3,7.2,19.6,15.7,28.8,15.1,21.7,13.5,21.39158821,10.00097656,2.639090061,10.67887211,0.1790471595,0.931580603,0,0,0
28099,"Neshoba County, Mississippi",MS,28970,47400.0,28.0,9.33,8.3,75.74,0.9087,0.8902,0.804,0.8893,0.9402,14.5,43.4,41.2,36.9,21.7,7.2,20.2,16.2,26.9,14.7,19.7,13.2,4.501872063,2.009945393,4.909469128,12.1062355,0.103462547,0.655262768,0,0,0
28101,"Newton County, Mississippi",MS,21275,49160.0,23.46,4.31,5.49,70.01,0.6882,0.6411,0.7922,0.4747,0.6793,13.7,41.5,41.3,33.4,19.4,6.7,19.2,15.0,24.8,13.3,18.7,12.2,16.01335716,8.990367889,4.377455235,9.827637672,0.143774554,0.575098217,0,0,0
28103,"Noxubee County, Mississippi",MS,10261,42298.0,23.2,9.31,7.12,69.94,0.9946,0.9653,0.973,0.4919,0.964,18.0,46.5,47.7,40.6,21.9,7.3,20.0,16.7,37.3,19.1,28.2,15.7,16.0714817,7.217895031,8.597252846,18.2076416,0.1790471595,0.488472074,0,0,0
28105,"Oktibbeha County, Mississippi",MS,51388,42953.0,28.48,6.8,4.86,80.96,0.8463,0.0407,0.819,0.812,0.6939,13.9,39.6,42.1,30.8,15.6,6.5,17.1,13.4,21.0,12.2,17.0,10.4,33.64514923,19.40596581,3.496023417,8.177038193,0.100423791,0.803390324,0,0,0
28107,"Panola County, Mississippi",MS,33157,47894.0,20.42,9.5,5.34,71.91,0.9771,0.6615,0.8851,0.455,0.8626,15.6,46.4,44.5,38.4,20.8,7.1,19.7,15.8,30.3,15.7,23.0,13.7,21.30083656,10.62126637,5.325573921,15.50026035,0.088631526,0.561333001,0,0,0
28109,"Pearl River County, Mississippi",MS,56351,54220.0,15.76,5.58,2.91,80.47,0.7604,0.8422,0.5231,0.3417,0.6907,11.8,38.1,37.6,31.4,18.1,6.3,18.6,14.3,19.2,10.3,14.6,11.7,11.36539459,5.719199657,2.760372639,11.41349888,0.107380629,0.590593457,0,0,0
28111,"Perry County, Mississippi",MS,11511,48333.0,20.59,6.32,4.48,74.97,0.7846,0.7159,0.5679,0.4057,0.6914,13.4,43.6,41.5,34.7,20.0,6.7,19.5,15.1,22.0,11.9,16.7,12.1,21.77108002,9.877942085,5.794322491,16.98292351,0.1790471595,0.6513130965,0,0,0
28113,"Pike County, Mississippi",MS,40098,40131.0,30.68,7.21,6.77,77.59,0.979,0.7922,0.9077,0.9733,0.9812,16.3,46.5,46.5,37.7,21.0,7.1,19.8,15.8,31.6,16.6,24.2,14.0,10.47554874,5.704813957,4.594666481,10.61991787,0.179500982,1.051362872,0,0,0
28115,"Pontotoc County, Mississippi",MS,31202,54414.0,16.7,2.94,3.28,72.6,0.5679,0.8804,0.6077,0.3035,0.6087,12.2,38.8,39.2,33.5,17.9,6.3,18.6,14.3,20.1,10.6,15.4,12.8,16.29561424,6.165578365,4.957368851,13.3431406,0.215643391,0.585317791,0,0,0
28117,"Prentiss County, Mississippi",MS,24945,51578.0,16.32,5.0,5.92,78.8,0.6303,0.7744,0.5317,0.6389,0.6993,12.3,41.3,39.1,33.2,18.5,6.4,18.8,14.5,19.6,10.8,14.9,11.4,5.989842415,3.235479832,3.402069807,10.07789135,0.199896052,0.79958421,0,0,0
28119,"Quitman County, Mississippi",MS,6113,31192.0,30.22,12.24,14.65,63.4,0.9959,0.4645,0.9749,0.8867,0.9551,19.5,51.1,50.6,43.8,23.7,7.9,20.7,17.6,40.7,21.4,30.4,16.0,90.0791626,62.59991837,13.46547031,34.3035202,0.1790471595,0.591715991,0,0,0
28121,"Rankin County, Mississippi",MS,157185,76460.0,9.49,4.4,2.39,89.31,0.3166,0.3436,0.636,0.4225,0.3732,10.7,36.4,37.5,26.3,13.1,5.1,16.2,11.7,14.7,8.3,12.0,9.1,28.41582108,8.254876137,1.428086519,4.640326023,0.076935403,1.032216668,0,0,0
28123,"Scott County, Mississippi",MS,27943,44968.0,21.86,6.03,8.1,74.75,0.8877,0.9936,0.8769,0.5177,0.9217,15.8,43.2,42.8,39.8,20.7,7.3,19.7,16.5,30.7,15.8,23.0,17.2,31.35785866,16.20881844,7.604613304,10.505826,0.24945654,0.712732971,0,0,0
28125,"Sharkey County, Mississippi",MS,3910,41000.0,26.91,12.82,15.07,58.66,0.9854,0.8027,0.9707,0.9494,0.9838,19.6,50.5,51.2,44.3,23.5,8.1,20.6,17.5,41.5,21.6,30.6,16.5,6.483279705,4.652635098,6.527474403,19.04759598,0.1790471595,0.6513130965,0,0,0
28127,"Simpson County, Mississippi",MS,25889,50867.0,17.06,6.01,4.41,73.15,0.8632,0.8186,0.7668,0.3583,0.7808,13.2,40.1,40.9,33.5,18.5,6.3,18.9,14.4,23.4,12.3,18.2,12.5,12.42699051,6.524822235,5.364515305,15.61514568,0.1790471595,0.788613915,0,0,0
28129,"Smith County, Mississippi",MS,14310,51983.0,18.21,3.49,6.77,54.72,0.6293,0.8708,0.6249,0.5504,0.7251,13.5,43.8,42.3,35.5,20.6,6.9,19.7,15.4,24.6,12.7,18.1,13.1,13.51381969,5.432795525,4.015412807,9.194655418,0.1790471595,0.253501475,0,0,0
28131,"Stone County, Mississippi",MS,18360,55894.0,20.82,8.12,6.94,74.3,0.8355,0.6157,0.5892,0.9408,0.8587,12.1,41.3,39.7,32.4,17.7,6.3,18.4,14.0,19.1,10.5,15.0,11.4,25.71004677,12.57926559,2.42869854,12.9911232,0.1790471595,0.816993475,0,0,0
28133,"Sunflower County, Mississippi",MS,25867,37403.0,28.68,11.09,9.29,68.07,0.986,0.5068,0.9777,0.8091,0.9303,18.3,48.9,49.5,41.5,21.9,7.6,19.2,16.5,37.2,19.2,27.7,16.5,36.2136879,24.94137001,6.870275974,22.83539581,0.121261112,0.606305599,0,0,0
28135,"Tallahatchie County, Mississippi",MS,12621,35428.0,25.67,11.05,10.83,66.71,0.9809,0.5336,0.9437,0.7639,0.9141,17.0,45.1,48.0,39.8,21.2,7.4,18.8,16.2,32.6,17.0,24.8,16.0,51.21316147,31.3831234,7.399180889,22.63130379,0.1790471595,0.364777118,0,0,0
28137,"Tate County, Mississippi",MS,28094,61286.0,16.67,7.25,4.02,79.99,0.951,0.5724,0.7321,0.84,0.8915,12.5,36.4,39.0,32.1,17.0,6.1,18.1,13.9,20.8,11.1,16.5,11.6,29.56866837,14.07106686,3.96597743,14.85625076,0.1790471595,0.700795412,0,0,0
28139,"Tippah County, Mississippi",MS,21769,47968.0,18.89,5.97,3.71,73.76,0.924,0.9061,0.574,0.6815,0.8839,13.1,43.5,39.7,34.8,19.2,6.7,19.3,15.2,22.0,11.8,16.4,12.9,4.542567253,1.853507996,3.582388639,12.73663712,0.27588743,0.597756088,0,0,0
28141,"Tishomingo County, Mississippi",MS,18837,45545.0,19.22,3.54,4.95,71.48,0.8094,0.9465,0.2485,0.4073,0.7467,11.9,39.4,38.2,33.1,19.5,6.8,19.2,15.3,19.3,10.5,14.0,12.2,0.0,0.0,4.005019665,9.287022591,0.518806756,0.778210104,0,0,0
28143,"Tunica County, Mississippi",MS,9787,41676.0,31.36,12.18,9.46,83.98,0.9952,0.2943,0.9838,0.9666,0.9602,19.9,50.8,51.2,44.8,23.6,8.0,20.7,17.6,42.7,22.1,31.7,16.5,15.48108482,8.428977966,5.581223965,15.92803764,0.319420785,0.958262324,0,0,0
28145,"Union County, Mississippi",MS,27880,55970.0,12.32,4.07,4.11,74.66,0.6109,0.9306,0.5727,0.4403,0.6977,12.3,41.5,39.4,32.4,18.8,6.4,18.8,15.0,20.9,11.2,15.8,13.2,11.50175571,5.704247952,3.699216604,10.57280731,0.103928499,0.658213794,0,0,0
28147,"Walthall County, Mississippi",MS,13888,37145.0,20.27,6.51,5.48,71.47,0.936,0.9577,0.8543,0.4448,0.8982,14.4,43.2,43.7,35.8,19.8,6.8,19.4,15.5,27.5,14.2,20.8,13.6,23.00148964,12.0380888,4.743889332,15.54732895,0.209878266,0.629634798,0,0,0
28149,"Warren County, Mississippi",MS,44341,54117.0,18.12,4.7,6.49,78.59,0.7496,0.9386,0.8858,0.5285,0.8279,13.5,43.8,41.5,31.5,16.4,5.9,17.5,13.3,23.1,12.3,18.5,11.0,17.24686813,8.555569649,3.712834597,8.479905128,0.066903055,0.981244862,0,0,0
28151,"Washington County, Mississippi",MS,44604,38394.0,29.29,9.51,12.42,57.17,0.9965,0.9784,0.9758,0.8836,0.9971,17.6,44.2,49.4,39.4,21.2,7.3,19.6,16.3,37.3,19.5,28.1,15.0,29.07113457,17.64692688,5.363600254,13.6139431,0.116721526,0.723673463,0,0,0
28153,"Wayne County, Mississippi",MS,19760,34875.0,22.08,8.72,6.52,78.54,0.9446,0.9739,0.8075,0.4607,0.9119,15.0,44.4,43.1,36.6,20.6,7.1,19.6,15.9,28.5,14.9,21.3,13.7,17.91372108,7.053777695,5.319146156,11.92432022,0.1476596,0.738297999,0,0,0
28155,"Webster County, Mississippi",MS,9942,55657.0,15.77,6.38,6.94,76.36,0.7919,0.6866,0.5542,0.2068,0.6112,11.3,36.3,38.3,30.6,17.1,5.8,17.9,13.6,17.9,9.7,14.0,11.2,10.53709602,3.607006073,2.501949787,11.36338615,0.310045481,0.413393974,0,0,0
28157,"Wilkinson County, Mississippi",MS,8531,34928.0,21.51,6.3,6.83,70.77,0.8498,0.6446,0.9672,0.6497,0.8349,17.6,47.7,48.8,40.3,21.2,7.3,19.0,15.8,34.5,17.9,26.3,14.8,11.75255871,8.498718262,6.11941433,16.32366943,0.359238416,0.6513130965,0,0,0
28159,"Winston County, Mississippi",MS,17741,45516.0,25.98,6.91,7.01,69.64,0.8591,0.8438,0.8734,0.6036,0.8543,15.7,42.0,44.8,36.0,20.5,7.2,19.4,15.5,29.7,15.3,21.9,13.7,18.73144341,10.25867367,5.910712719,17.10147858,0.168114319,0.896609724,0,0,0
28161,"Yalobusha County, Mississippi",MS,12499,47006.0,20.54,5.04,6.05,71.52,0.7976,0.7725,0.8031,0.3799,0.7429,15.0,40.1,44.1,37.7,21.3,7.1,19.7,15.8,29.1,14.9,21.5,13.9,22.17863083,9.222013474,4.207057476,12.50666237,0.250375569,0.333834082,0,0,0
28163,"Yazoo County, Mississippi",MS,27467,41867.0,29.13,10.4,11.07,74.79,0.9968,0.8396,0.945,0.9952,0.9975,17.9,50.2,48.6,42.3,23.4,7.9,19.6,17.1,36.2,18.8,26.5,18.3,31.05688095,20.34262085,4.987468243,15.77491665,0.148246974,0.481802672,0,0,0
29001,"Adair County, Missouri",MO,25299,51020.0,23.59,5.46,7.02,81.08,0.6494,0.0143,0.342,0.6837,0.4006,10.9,38.9,33.0,29.8,17.6,6.2,19.0,14.4,14.6,9.1,12.8,8.8,27.28122902,11.53291607,3.4496243,5.041548252,0.118114889,0.787432551,0,0,0
29003,"Andrew County, Missouri",MO,18069,68774.0,7.58,4.15,3.48,79.87,0.097,0.048,0.1508,0.0248,0.0169,9.2,35.8,32.3,25.5,15.6,5.3,18.2,12.9,11.3,7.2,10.6,8.1,15.75180054,4.6210289,2.097859621,3.646944761,0.1790471595,0.227453649,0,0,0
29005,"Atchison County, Missouri",MO,5270,58521.0,11.6,2.6,4.38,80.82,0.3347,0.5399,0.0757,0.1339,0.2249,10.9,41.6,34.7,31.0,18.8,6.3,19.5,14.6,14.9,9.1,12.8,9.5,5.091878414,1.539452553,1.685222864,4.324183941,0.1790471595,0.6513130965,0,0,0
29007,"Audrain County, Missouri",MO,24873,51745.0,18.1,3.9,6.7,81.5,0.6338,0.8062,0.3802,0.7079,0.7105,11.6,39.9,34.6,33.2,20.6,6.5,20.9,15.9,17.8,10.5,15.0,10.4,22.64168549,9.389153481,2.118971825,3.566870213,0.1790471595,0.483189046,0,0,0
29009,"Barry County, Missouri",MO,34701,55592.0,18.49,3.58,3.54,81.15,0.672,0.749,0.5094,0.2568,0.5768,11.6,37.7,34.0,34.4,20.7,6.7,20.1,16.0,18.8,10.7,15.4,12.8,19.71137428,8.466409683,3.36941433,10.19822598,0.251270324,0.474621713,0,0,0
29011,"Barton County, Missouri",MO,11683,48105.0,22.21,6.12,7.75,81.93,0.9208,0.8183,0.2628,0.1788,0.6767,12.0,40.8,35.6,33.8,22.2,7.1,20.9,16.7,19.1,11.2,15.4,11.5,56.45072174,27.28319931,7.280909538,14.72812366,0.1790471595,0.690131128,0,0,0
29013,"Bates County, Missouri",MO,16101,54122.0,19.1,7.51,7.39,78.36,0.8027,0.5698,0.1985,0.7261,0.7114,11.1,41.0,34.6,32.2,21.0,6.5,20.6,15.5,16.8,9.9,14.2,10.5,18.57286453,8.653532982,2.340631008,8.469730377,0.184706315,0.738825262,0,0,0
29015,"Benton County, Missouri",MO,19616,50229.0,17.53,4.99,6.16,81.07,0.7222,0.4079,0.1753,0.4827,0.5364,11.0,38.9,33.4,30.7,20.4,6.5,20.0,15.2,16.0,9.5,13.6,10.3,9.443569183,5.177812576,4.902218342,9.624229431,0.152850658,0.356651545,0,0,0
29017,"Bollinger County, Missouri",MO,10658,52306.0,14.92,4.87,3.77,75.1,0.6869,0.3373,0.1037,0.2771,0.4241,10.8,38.9,34.7,32.4,20.9,6.5,20.5,15.6,16.1,9.7,13.6,10.5,28.403965,11.60418129,3.170239449,13.47252369,0.1790471595,0.6513130965,0,0,0
29019,"Boone County, Missouri",MO,184043,66564.0,17.8,3.9,6.13,89.35,0.3968,0.062,0.5711,0.7776,0.4244,10.1,31.6,32.0,24.9,13.5,5.4,16.8,12.4,12.4,8.0,11.4,7.6,34.40192795,9.988103867,2.030125141,3.725014448,0.180336744,0.81971246,0,0,0
29021,"Buchanan County, Missouri",MO,84544,58303.0,16.57,4.81,8.76,83.19,0.7541,0.7639,0.5094,0.8845,0.8218,11.4,43.1,34.6,31.7,19.1,6.4,19.4,14.9,16.8,9.9,14.4,11.0,32.59446716,11.56726837,3.278161287,5.66972065,0.196463659,0.843638062,0,0,0
29023,"Butler County, Missouri",MO,42280,47245.0,21.11,5.27,8.82,81.13,0.9402,0.6265,0.3888,0.7563,0.8412,12.6,41.3,37.6,36.1,22.7,7.1,21.7,17.3,20.7,11.6,16.5,11.8,18.87792206,8.62047863,3.401850224,12.48778343,0.189672336,0.806107461,0,0,0
29025,"Caldwell County, Missouri",MO,8876,58269.0,16.1,4.79,6.61,80.8,0.5212,0.1966,0.1457,0.3191,0.3163,10.3,38.9,33.2,30.7,19.0,6.1,19.7,14.6,14.7,8.9,12.8,9.7,18.66625595,7.839814663,4.714616776,6.795627594,0.441940129,0.331455082,0,0,0
29027,"Callaway County, Missouri",MO,44517,70599.0,9.47,5.22,4.04,88.71,0.4445,0.0589,0.3217,0.3169,0.2447,10.2,37.1,33.3,28.0,17.2,5.9,18.7,13.6,13.6,8.4,12.4,9.0,19.62960243,7.819253445,3.137533426,7.021924973,0.089112662,0.490119636,0,0,0
29029,"Camden County, Missouri",MO,43227,59834.0,13.46,5.21,2.77,82.65,0.5428,0.2892,0.1572,0.294,0.3493,9.9,35.5,31.4,28.5,17.2,5.8,18.8,13.7,12.7,8.1,11.5,8.9,20.47204208,6.176888943,2.79988718,8.052785873,0.15081656,0.581721008,0,0,0
29031,"Cape Girardeau County, Missouri",MO,81703,65070.0,14.52,3.15,5.81,88.43,0.3551,0.0598,0.4378,0.6147,0.3099,10.2,35.9,33.3,28.0,16.1,5.7,18.6,13.5,13.4,8.4,12.2,8.5,30.78977776,9.519330025,1.957444429,4.899607658,0.1383439,1.056444287,0,0,0
29033,"Carroll County, Missouri",MO,8513,59101.0,9.43,4.69,6.09,77.96,0.3019,0.1285,0.1037,0.1556,0.1378,10.6,38.8,32.9,31.3,19.1,6.1,19.8,14.8,15.1,9.0,13.0,9.9,25.93873024,9.127718925,3.730818748,6.503125191,0.1790471595,0.818330586,0,0,0
29035,"Carter County, Missouri",MO,5299,45737.0,20.6,1.15,10.49,80.1,0.8005,0.3353,0.1696,0.2348,0.4823,12.2,39.8,36.5,34.8,23.1,7.2,21.5,17.2,19.9,11.4,15.8,11.5,51.03587341,26.34225845,9.064408302,16.95821953,0.667668164,0.667668164,0,0,0
29037,"Cass County, Missouri",MO,108205,82473.0,6.96,4.52,3.98,90.18,0.1868,0.2981,0.4165,0.0608,0.1257,9.5,37.8,30.9,25.0,15.1,5.1,17.9,12.3,11.3,7.2,11.1,8.4,32.60105896,8.485858917,1.371842027,5.023620605,0.093627699,0.543040633,0,0,0
29039,"Cedar County, Missouri",MO,14314,43589.0,18.34,2.53,7.25,79.77,0.756,0.5975,0.1696,0.6809,0.6643,11.7,40.1,34.8,32.7,21.4,6.9,20.7,16.1,18.0,10.6,14.7,10.8,21.24638748,10.98041725,3.813730955,11.97927189,0.209467947,0.768049181,0,0,0
29041,"Chariton County, Missouri",MO,7417,61910.0,13.29,4.31,4.63,81.71,0.2052,0.3891,0.1094,0.2065,0.1747,10.4,38.8,32.8,29.3,18.9,6.1,19.7,14.5,14.4,8.8,12.6,9.5,9.033442497,2.505368471,1.881606936,5.131546974,0.407608688,0.6513130965,0,0,0
29043,"Christian County, Missouri",MO,89568,75787.0,8.67,3.6,2.5,90.36,0.1724,0.2641,0.2294,0.1047,0.1107,9.1,35.9,31.1,25.3,14.8,5.2,17.8,12.7,10.8,7.1,10.3,7.7,21.54270744,6.844044209,1.623459578,5.098392963,0.143400803,0.518449068,0,0,0
29045,"Clark County, Missouri",MO,6693,53362.0,10.91,3.94,5.83,72.3,0.4381,0.154,0.0264,0.4031,0.265,11.3,41.4,34.6,33.0,21.5,6.8,20.8,15.9,17.2,10.1,14.1,10.6,12.73877239,4.488096237,3.974669218,5.531817436,0.1790471595,0.439238667,0,0,0
29047,"Clay County, Missouri",MO,253085,82264.0,8.26,4.02,4.54,90.68,0.2218,0.4556,0.546,0.2514,0.2692,9.7,37.1,32.5,23.9,14.1,5.2,17.0,12.1,11.3,7.4,11.2,8.1,31.07230568,5.861014366,1.181286931,2.219535828,0.110469773,0.702272117,0,0,0
29049,"Clinton County, Missouri",MO,21155,66494.0,11.3,6.11,4.09,83.62,0.3618,0.1772,0.182,0.1136,0.1661,9.6,39.1,32.8,28.5,17.1,5.8,18.9,13.7,12.6,7.8,11.5,8.6,11.68720245,3.068163395,1.21454525,4.910102844,0.1790471595,0.145964086,0,0,0
29051,"Cole County, Missouri",MO,76890,70667.0,9.4,3.11,5.33,83.51,0.1161,0.1877,0.525,0.4696,0.2049,9.4,36.7,33.2,26.3,14.2,5.2,17.4,12.3,11.7,7.5,11.2,7.9,31.22801018,8.901063919,2.806529999,4.138433933,0.118124187,0.866244018,0,0,0
29053,"Cooper County, Missouri",MO,16893,62239.0,13.04,4.98,4.41,84.54,0.4448,0.3245,0.3592,0.3828,0.3716,10.0,37.7,32.7,29.2,17.2,5.7,18.7,13.6,13.4,8.3,12.2,9.0,31.2970314,10.01878548,2.627527475,5.630140781,0.1790471595,0.701672316,0,0,0
29055,"Crawford County, Missouri",MO,23023,52367.0,14.66,6.94,6.06,76.7,0.9179,0.4104,0.1572,0.4773,0.657,11.0,41.7,32.9,31.7,20.8,6.5,20.5,15.5,16.4,9.7,13.9,10.8,7.334821701,3.542657852,1.746452808,9.131513596,0.168499097,0.631871581,0,0,0
29057,"Dade County, Missouri",MO,7598,46806.0,17.04,5.66,6.62,79.44,0.7894,0.3013,0.1572,0.6338,0.595,11.8,40.5,35.3,32.3,21.5,6.9,20.7,16.0,17.5,10.4,14.5,10.5,8.959321022,3.926113367,1.750607491,8.58569622,0.1790471595,0.528541207,0,0,0
29059,"Dallas County, Missouri",MO,17158,46547.0,20.6,4.91,4.82,76.86,0.8031,0.6662,0.1276,0.2176,0.5466,11.7,39.3,34.6,33.0,21.8,6.8,20.7,16.1,18.1,10.5,14.8,10.8,25.95567894,14.12851238,4.034934998,9.841893196,0.1790471595,0.580753803,0,0,0
29061,"Daviess County, Missouri",MO,8418,59706.0,13.78,2.05,8.85,78.15,0.5514,0.3213,0.0379,0.7884,0.5157,11.0,38.7,34.4,31.7,20.7,6.6,20.2,15.5,16.3,9.7,13.7,10.7,15.13676834,5.423799515,5.531556129,6.039104939,0.482916832,0.362187624,0,0,0
29063,"DeKalb County, Missouri",MO,11838,67910.0,10.34,3.1,6.3,77.82,0.2243,0.0293,0.4356,0.4559,0.1753,10.1,39.2,33.5,28.2,18.1,5.8,18.9,13.9,13.7,8.4,12.4,9.7,20.62247658,6.404143333,2.294094324,5.105199337,0.1790471595,0.548245609,0,0,0
29065,"Dent County, Missouri",MO,14509,51410.0,16.82,4.78,5.63,73.12,0.7388,0.7569,0.1861,0.5374,0.6551,11.1,39.3,34.3,31.6,20.4,6.6,20.1,15.5,16.4,9.9,13.8,10.5,18.87612534,7.630917072,2.174325705,10.23443127,0.193785936,0.581357777,0,0,0
29067,"Douglas County, Missouri",MO,11803,47848.0,19.62,6.52,4.48,74.94,0.8702,0.8196,0.1225,0.1448,0.5969,11.3,37.9,34.6,32.0,20.8,6.6,20.5,15.7,17.0,10.1,14.3,10.8,37.64400101,19.65198517,2.819715023,14.69478226,0.1790471595,0.224820137,0,0,0
29069,"Dunklin County, Missouri",MO,28174,44868.0,21.99,5.73,8.53,85.92,0.9424,0.993,0.5778,0.8291,0.9707,13.1,46.4,38.7,40.6,23.4,7.2,21.7,17.9,23.3,12.9,18.7,13.5,11.34885597,5.396772861,3.402733326,12.94378757,0.34628436,0.657940328,0,0,0
29071,"Franklin County, Missouri",MO,104858,70111.0,8.09,4.61,4.03,88.34,0.2851,0.07,0.2536,0.0964,0.1066,9.7,39.3,31.9,27.7,16.6,5.6,18.6,13.5,12.0,7.7,11.2,8.5,10.57576084,2.988952875,2.23096633,5.201283932,0.181872129,0.689199686,0,0,0
29073,"Gasconade County, Missouri",MO,14801,62638.0,11.9,2.11,5.98,83.02,0.2024,0.4085,0.0757,0.4836,0.2488,10.0,39.2,32.8,28.0,18.2,5.9,19.6,14.1,13.4,8.3,12.0,9.1,8.860022545,2.797730207,1.814528346,3.909317732,0.343265146,0.617877245,0,0,0
29075,"Gentry County, Missouri",MO,6219,53799.0,15.2,2.88,4.99,79.85,0.5711,0.2358,0.0627,0.5129,0.4066,10.6,40.9,33.5,31.4,19.5,6.2,19.8,14.9,15.5,9.2,13.1,10.1,21.85564804,9.686831474,3.138953924,5.414624214,0.46267736,0.616903126,0,0,0
29077,"Greene County, Missouri",MO,299188,54968.0,14.59,3.88,7.12,82.41,0.5835,0.1034,0.4085,0.8272,0.5317,10.2,37.8,31.6,25.8,16.4,5.8,18.6,14.0,13.9,8.5,12.3,8.6,23.5098877,7.977344513,1.664476752,3.073028088,0.149154052,0.986450732,0,0,0
29079,"Grundy County, Missouri",MO,9878,51045.0,16.53,4.09,11.14,75.49,0.7375,0.7031,0.1409,0.6748,0.679,11.2,39.6,34.2,32.5,20.5,6.5,20.4,15.7,16.9,10.0,14.1,10.7,33.44236374,13.69270802,4.115015984,5.229737282,0.1790471595,0.729546666,0,0,0
29081,"Harrison County, Missouri",MO,8190,51809.0,16.49,2.26,6.44,82.54,0.4015,0.8113,0.0983,0.3637,0.4378,11.3,39.7,34.2,32.3,20.7,6.6,20.5,15.7,16.8,10.0,14.0,10.5,33.58274841,14.76257229,3.720323324,6.755508423,0.1790471595,0.96142292,0,0,0
29083,"Henry County, Missouri",MO,22064,54903.0,15.04,6.73,5.08,84.51,0.7674,0.8527,0.1928,0.3691,0.6526,11.0,38.6,34.2,31.5,20.3,6.5,20.3,15.4,16.4,9.8,14.0,10.4,36.85824966,15.87089252,3.642020226,10.36480904,0.135894179,0.724768996,0,0,0
29085,"Hickory County, Missouri",MO,8452,33302.0,17.57,8.8,3.34,64.01,0.9669,0.6182,0.1037,0.1298,0.6157,12.9,43.1,37.1,36.5,24.6,7.6,22.1,17.7,22.0,12.5,17.0,11.9,4.392245293,1.8345505,3.655725002,14.94243526,0.312956393,0.6513130965,0,0,0
29087,"Holt County, Missouri",MO,4274,55153.0,9.44,3.89,3.33,76.03,0.2545,0.5765,0.0627,0.084,0.1705,10.3,37.0,32.8,30.4,18.7,6.0,19.4,14.2,14.2,8.7,12.5,9.4,34.34149551,12.05870533,5.52631855,7.424957752,0.1790471595,0.6513130965,0,0,0
29089,"Howard County, Missouri",MO,10142,59023.0,12.84,4.49,3.16,84.27,0.4423,0.3458,0.3723,0.3029,0.35,10.1,36.0,32.8,28.3,17.0,5.8,18.8,13.8,13.2,8.3,12.0,8.7,15.25954056,6.318009377,1.75027144,7.020174503,0.299970001,0.6513130965,0,0,0
29091,"Howell County, Missouri",MO,39960,46401.0,22.96,5.48,7.54,80.83,0.9096,0.7149,0.1572,0.6271,0.7693,12.0,36.8,35.1,32.6,22.1,7.0,21.0,16.6,19.4,11.1,15.4,11.3,20.44738197,10.41355419,4.553797722,11.7804451,0.298047781,0.819631398,0,0,0
29093,"Iron County, Missouri",MO,9538,53401.0,19.53,3.31,5.78,78.23,0.6242,0.7331,0.1928,0.5778,0.6074,11.5,42.1,35.3,33.0,21.0,6.7,20.7,16.1,17.4,10.3,14.4,10.7,23.58337402,12.6443243,6.017372131,13.34013844,0.396118045,0.6513130965,0,0,0
29095,"Jackson County, Missouri",MO,715526,65169.0,13.88,4.86,7.92,88.25,0.6612,0.5899,0.7684,0.5829,0.6866,11.0,37.2,33.4,30.2,16.0,5.5,19.5,13.4,16.9,9.9,16.1,10.1,26.15658188,7.832182884,1.769676328,3.043404818,0.148741007,0.719623208,0,0,0
29097,"Jasper County, Missouri",MO,122788,54963.0,18.48,4.15,6.48,87.44,0.7531,0.7703,0.489,0.6344,0.7451,11.5,40.2,34.8,31.8,19.0,6.3,19.9,15.1,16.5,10.0,14.4,11.1,26.12927246,9.077047348,1.832774997,5.61025095,0.106865712,0.822043955,0,0,0
29099,"Jefferson County, Missouri",MO,226984,77217.0,8.27,3.75,3.21,90.31,0.1931,0.2151,0.2816,0.0983,0.1136,9.4,39.7,31.5,26.6,16.3,5.5,18.4,13.0,11.6,7.5,10.9,8.2,31.03054428,8.34895134,1.769235373,7.066758156,0.092697635,0.600327551,0,0,0
29101,"Johnson County, Missouri",MO,54025,62503.0,12.32,4.75,4.28,89.6,0.5142,0.0484,0.4416,0.5873,0.3815,10.3,37.5,32.0,27.2,16.9,5.8,19.0,13.8,13.3,8.5,12.2,8.7,33.38888931,11.55360603,3.282529354,6.706518173,0.073774874,0.608642697,0,0,0
29103,"Knox County, Missouri",MO,3772,49167.0,12.68,2.09,2.69,62.65,0.6583,0.3382,0.0983,0.0509,0.2679,11.6,39.8,35.1,33.0,22.2,7.0,20.9,16.4,18.5,10.8,14.8,11.4,19.30865479,7.846655846,1.641747713,7.928050518,0.1790471595,0.6513130965,0,0,0
29105,"Laclede County, Missouri",MO,36060,49202.0,17.06,5.93,6.78,75.85,0.8101,0.861,0.2444,0.503,0.7327,11.5,38.3,34.9,33.0,21.4,6.8,20.6,15.9,18.2,10.6,14.8,11.2,43.72945786,16.93310928,2.796870708,8.747750282,0.111436136,0.696475804,0,0,0
29107,"Lafayette County, Missouri",MO,32858,78397.0,9.19,2.43,3.44,83.19,0.1247,0.3754,0.2587,0.1094,0.1101,9.5,36.8,31.6,27.2,16.8,5.6,19.0,13.4,12.4,7.9,11.5,9.0,19.45915031,6.813913345,3.453572512,7.456868172,0.090892568,0.696842968,0,0,0
29109,"Lawrence County, Missouri",MO,38231,52225.0,14.65,5.2,6.0,83.74,0.8352,0.7661,0.3723,0.5027,0.7362,11.5,40.1,34.5,33.9,20.8,6.8,20.3,16.0,18.1,10.5,15.0,12.1,18.59644699,5.977294922,2.688793182,10.04811573,0.104780614,0.523903072,0,0,0
29111,"Lewis County, Missouri",MO,9987,49779.0,16.46,5.95,5.71,75.16,0.6328,0.0286,0.2109,0.7932,0.4486,10.9,38.2,33.8,31.8,20.6,6.4,20.2,15.4,16.6,9.8,13.9,10.3,40.06546021,13.00013447,5.197761059,6.831216812,0.1790471595,0.305810392,0,0,0
29113,"Lincoln County, Missouri",MO,60172,82543.0,11.51,3.38,3.96,90.15,0.2316,0.4222,0.1928,0.1925,0.1976,9.9,39.4,31.7,28.1,17.5,5.7,19.0,13.8,12.4,7.9,11.7,8.9,8.962192535,2.642448902,2.445846081,7.920968056,0.049901031,0.349307209,0,0,0
29115,"Linn County, Missouri",MO,11892,58435.0,16.74,2.79,5.41,74.9,0.2682,0.3007,0.0932,0.0687,0.1263,10.5,35.9,33.0,30.9,19.5,6.2,19.8,14.9,15.5,9.3,13.2,10.1,20.87679482,8.046162605,1.984585166,3.746408939,0.1790471595,0.422654271,0,0,0
29117,"Livingston County, Missouri",MO,14402,58772.0,10.44,3.03,6.19,72.25,0.3519,0.2854,0.2164,0.4394,0.3073,10.5,39.6,33.5,30.6,19.1,6.0,20.4,15.0,15.9,9.4,13.7,9.8,10.20503426,3.687465668,1.704722166,3.966219187,0.1790471595,0.624436259,0,0,0
29119,"McDonald County, Missouri",MO,23381,46494.0,16.91,5.86,5.57,73.33,0.9596,0.8581,0.6701,0.5854,0.8899,13.5,42.7,36.8,37.4,23.3,7.5,21.4,17.5,23.7,13.1,18.9,14.7,3.832087755,1.803789616,3.728072643,10.94699669,0.218340605,0.436681211,0,0,0
29121,"Macon County, Missouri",MO,15173,54113.0,10.96,3.78,5.57,75.68,0.3773,0.6287,0.182,0.2549,0.3388,9.9,34.6,32.2,29.2,17.6,5.8,19.2,14.0,13.4,8.3,12.0,9.0,29.14684677,12.49406719,3.943884134,7.113397598,0.264988393,0.529976785,0,0,0
29123,"Madison County, Missouri",MO,12649,54042.0,12.06,5.08,4.92,79.91,0.5612,0.7299,0.1094,0.4181,0.5097,10.6,37.5,33.2,30.4,19.6,6.1,19.7,14.8,15.0,9.0,13.0,10.1,20.46402931,10.2060461,2.925614357,8.886481285,0.1790471595,0.660447478,0,0,0
29125,"Maries County, Missouri",MO,8454,56491.0,17.44,5.64,5.91,75.62,0.7423,0.4292,0.1276,0.2835,0.4814,10.3,37.9,33.0,30.7,19.2,6.1,20.0,14.8,15.0,9.0,12.9,10.0,5.47873354,1.910765648,5.826489449,8.27423954,0.1790471595,0.6513130965,0,0,0
29127,"Marion County, Missouri",MO,28525,62492.0,14.16,2.89,7.84,86.44,0.3182,0.4865,0.2984,0.6627,0.4368,10.6,39.8,33.7,30.0,17.8,5.9,19.3,14.3,14.5,8.9,12.8,9.2,15.95082188,6.747716427,1.210499525,3.837275267,0.140731096,0.879569352,0,0,0
29129,"Mercer County, Missouri",MO,3517,55592.0,14.93,2.93,5.27,76.7,0.4728,0.6962,0.1572,0.4852,0.4878,11.8,41.4,35.4,33.2,20.8,6.7,20.4,15.8,17.9,10.5,14.8,11.4,99.76810455,37.76741409,5.241287231,5.801130772,0.1790471595,0.6513130965,0,0,0
29131,"Miller County, Missouri",MO,24855,53490.0,15.97,4.57,3.96,80.19,0.5237,0.2914,0.0932,0.4276,0.3793,10.6,37.3,33.1,29.6,19.0,6.2,19.8,14.7,15.0,9.0,12.9,9.7,7.968950272,1.689187765,1.761582255,8.526575089,0.31018573,0.465278596,0,0,0
29133,"Mississippi County, Missouri",MO,12305,40833.0,23.65,5.06,16.96,82.44,0.9586,0.8851,0.658,0.6844,0.9106,14.1,47.7,40.0,39.8,24.2,7.4,21.2,17.5,25.2,14.0,20.2,13.2,2.951439142,1.305256724,1.269346356,8.108839989,0.315183997,0.630367994,0,0,0
29135,"Moniteau County, Missouri",MO,15401,66792.0,10.88,3.03,6.59,77.02,0.3882,0.4884,0.3248,0.8288,0.5367,10.2,39.1,32.5,29.5,18.2,5.9,19.1,14.3,14.5,8.7,12.8,10.7,10.98256016,3.992112875,3.463741064,3.878549337,0.256657034,0.449149817,0,0,0
29137,"Monroe County, Missouri",MO,8668,50245.0,16.48,1.21,7.45,80.79,0.4289,0.6064,0.2164,0.6656,0.5059,11.0,38.0,33.7,31.1,20.2,6.4,20.2,15.1,16.3,9.7,13.8,10.3,14.11414623,5.791399956,3.742869377,6.695429325,0.1790471595,0.461254627,0,0,0
29139,"Montgomery County, Missouri",MO,11421,58660.0,14.81,2.95,3.79,78.79,0.4235,0.6367,0.1696,0.4104,0.4187,10.9,37.1,34.0,31.6,19.9,6.3,20.1,15.1,15.9,9.5,13.5,10.2,17.7027626,5.905835152,2.434588194,8.183265686,0.265627772,0.619798124,0,0,0
29141,"Morgan County, Missouri",MO,21169,48841.0,19.72,3.5,11.14,72.98,0.853,0.8393,0.1572,0.9481,0.8657,11.6,38.2,34.7,34.1,21.9,6.9,20.8,16.5,18.6,10.8,15.0,12.0,3.196646214,1.404429197,5.411995888,9.953177452,0.241359338,0.434446812,0,0,0
29143,"New Madrid County, Missouri",MO,16341,44092.0,17.26,3.98,8.02,81.47,0.812,0.9045,0.5915,0.4706,0.7891,12.7,43.0,37.4,36.9,21.8,6.8,21.2,16.7,22.0,12.4,17.6,11.9,4.680326939,2.534105301,4.834962845,14.62737942,0.299526751,0.838674903,0,0,0
29145,"Newton County, Missouri",MO,59019,60313.0,14.9,4.22,4.99,84.94,0.5628,0.4435,0.489,0.6354,0.5682,11.1,38.9,33.5,29.9,18.4,6.2,19.5,14.7,15.9,9.5,13.6,10.5,16.45462036,5.695248127,2.634643316,7.769147396,0.188191816,0.530358791,0,0,0
29147,"Nodaway County, Missouri",MO,21140,53917.0,19.44,2.32,7.01,84.37,0.3675,0.0102,0.1654,0.6538,0.2151,10.4,39.5,33.3,28.3,17.5,6.1,19.0,14.0,13.8,8.6,12.4,8.7,54.2928772,31.31315041,2.435464621,7.591879368,0.1790471595,0.597893596,0,0,0
29149,"Oregon County, Missouri",MO,8783,41365.0,23.0,4.49,3.93,71.53,0.8941,0.7273,0.1339,0.3112,0.6589,12.5,41.2,36.1,34.4,23.6,7.3,21.6,16.9,20.5,11.8,16.2,11.6,16.47314453,8.689508438,2.273440361,11.35292339,0.384209007,0.480261266,0,0,0
29151,"Osage County, Missouri",MO,13374,70313.0,7.65,1.0,4.67,79.0,0.0188,0.0258,0.0057,0.2517,0.0181,9.2,35.6,31.3,26.5,16.4,5.5,18.4,13.1,11.4,7.3,10.6,8.1,11.1386776,3.639646053,3.965477467,4.129914284,0.369412631,0.369412631,0,0,0
29153,"Ozark County, Missouri",MO,8688,39125.0,22.47,6.15,6.43,75.15,0.9224,0.3099,0.0821,0.3045,0.5632,12.5,42.3,36.7,35.5,24.0,7.6,22.0,17.6,20.9,12.1,16.6,12.4,36.94941711,17.74062347,4.863929749,17.63920212,0.1790471595,0.6513130965,0,0,0
29155,"Pemiscot County, Missouri",MO,15555,37426.0,29.25,9.57,9.37,80.72,0.9901,0.9415,0.7105,0.5122,0.9364,14.9,44.9,40.1,40.5,25.3,7.7,22.0,18.3,27.9,15.2,21.6,13.6,10.38738728,6.096308231,3.419819832,9.97782135,0.256410271,0.512820542,0,0,0
29157,"Perry County, Missouri",MO,18970,61486.0,11.34,5.15,5.38,84.01,0.5164,0.2284,0.0983,0.3315,0.3175,9.9,36.0,32.6,29.1,18.0,5.8,19.0,14.0,13.7,8.3,12.0,9.5,15.16512012,4.850557327,1.630185604,4.48639679,0.156298846,0.520996153,0,0,0
29159,"Pettis County, Missouri",MO,43059,57581.0,14.79,3.87,7.04,86.3,0.6188,0.84,0.4636,0.6074,0.6936,10.8,36.3,32.4,30.9,18.2,6.0,19.2,14.8,15.7,9.3,14.1,11.0,16.09342766,6.284017086,2.881898403,5.147791862,0.117674746,0.776653349,0,0,0
29161,"Phelps County, Missouri",MO,44843,53242.0,17.66,4.16,6.57,88.26,0.6309,0.3544,0.3977,0.8361,0.6402,10.9,36.2,33.9,29.1,17.9,6.2,18.7,14.3,14.5,9.0,12.4,9.1,18.9620285,9.278895378,2.67505455,6.426393986,0.135092542,0.788039804,0,0,0
29163,"Pike County, Missouri",MO,17719,53363.0,15.81,4.83,7.85,82.65,0.5122,0.7321,0.3217,0.9459,0.7216,11.3,38.3,35.6,31.9,20.7,6.6,19.8,15.3,17.2,10.1,14.6,11.1,24.67807961,9.923872948,3.104351282,5.74098587,0.1790471595,0.683682799,0,0,0
29165,"Platte County, Missouri",MO,107033,92543.0,6.96,3.62,4.02,92.76,0.104,0.3379,0.5488,0.2078,0.1632,8.8,36.7,30.9,22.1,12.1,4.8,16.1,11.3,9.7,6.6,9.8,7.2,37.58786011,6.320821762,2.188976526,2.202651978,0.084481657,0.563211083,0,0,0
29167,"Polk County, Missouri",MO,31877,54487.0,17.16,3.59,5.61,78.9,0.7289,0.3869,0.1861,0.7047,0.6077,11.2,39.5,34.2,32.1,20.0,6.5,20.1,15.3,16.5,9.8,13.8,10.2,3.662695169,1.040630102,3.069742203,10.34126854,0.092336103,0.492459208,0,0,0
29169,"Pulaski County, Missouri",MO,53726,62541.0,14.51,4.71,5.12,83.21,0.5479,0.419,0.6793,0.9049,0.6927,10.9,38.4,34.1,29.1,16.8,5.8,17.9,13.8,15.1,9.1,13.8,10.3,63.31956863,22.04982185,3.538930655,7.178715229,0.075888366,0.474302292,0,0,0
29171,"Putnam County, Missouri",MO,4698,50950.0,12.28,4.04,6.79,72.17,0.2409,0.63,0.0525,0.5151,0.3258,10.2,35.1,33.1,29.1,17.8,6.0,19.3,14.2,13.8,8.6,12.3,9.3,26.66386795,10.20979023,1.70110929,4.379786968,0.1790471595,0.6513130965,0,0,0
29173,"Ralls County, Missouri",MO,10356,62615.0,12.34,5.25,2.89,84.13,0.377,0.1489,0.1409,0.0363,0.1168,10.4,39.7,33.7,29.9,19.3,6.1,19.8,14.6,14.5,8.8,12.6,9.5,7.462122917,1.557591081,3.355311871,6.11897707,0.1790471595,0.6513130965,0,0,0
29175,"Randolph County, Missouri",MO,24652,51480.0,17.19,5.29,5.44,82.07,0.7267,0.4556,0.3649,0.6179,0.6268,11.0,37.6,34.1,30.7,19.7,6.3,19.8,15.0,16.1,9.8,13.8,10.1,15.77645111,6.016280174,2.594880581,5.36992836,0.163873985,0.491621941,0,0,0
29177,"Ray County, Missouri",MO,23122,69779.0,12.18,3.06,2.25,84.05,0.2911,0.1273,0.1572,0.0468,0.0932,10.6,39.3,33.9,31.3,18.9,6.0,19.7,14.5,14.3,8.7,12.6,9.6,6.803191662,2.13769412,2.548013449,5.260673046,0.1790471595,0.349116296,0,0,0
29179,"Reynolds County, Missouri",MO,6102,43856.0,18.11,9.96,6.11,75.75,0.8575,0.3882,0.1985,0.5301,0.6354,11.8,41.0,35.0,33.8,22.4,7.1,20.9,16.5,18.8,10.9,15.1,11.6,45.45417023,18.24560165,4.657467365,14.26076603,0.1790471595,0.6513130965,0,0,0
29181,"Ripley County, Missouri",MO,10839,42541.0,20.58,3.62,4.88,78.15,0.8231,0.4384,0.1572,0.1441,0.476,12.5,41.1,35.9,35.4,23.4,7.4,21.8,17.0,20.1,11.7,16.0,11.8,8.45126915,3.968117714,6.02848959,16.90665054,0.1790471595,0.60150373,0,0,0
29183,"St. Charles County, Missouri",MO,406262,99596.0,4.52,3.13,3.33,93.76,0.0178,0.0764,0.4308,0.118,0.034,8.8,35.5,28.4,22.2,12.2,4.6,16.1,11.1,8.8,6.0,9.0,6.7,39.23477173,4.90826416,1.069730878,1.720398426,0.103396326,0.748392463,0,0,0
29185,"St. Clair County, Missouri",MO,9330,43483.0,15.74,2.45,5.08,77.85,0.5877,0.7486,0.1696,0.6688,0.6182,11.8,37.7,35.8,33.7,21.8,6.9,20.7,16.3,17.8,10.5,14.6,11.0,9.821046829,3.581716776,3.843884706,9.055891991,0.1790471595,0.6513130965,0,0,0
29186,"Ste. Genevieve County, Missouri",MO,18494,61215.0,9.22,4.82,3.16,81.48,0.1734,0.3029,0.0881,0.2669,0.1537,9.8,37.1,33.1,28.2,17.5,5.8,18.9,13.8,12.9,8.1,11.8,8.9,31.95874596,12.42798424,2.200503349,7.923030376,0.167373359,0.446328938,0,0,0
29187,"St. Francois County, Missouri",MO,66814,53083.0,17.62,4.81,6.84,84.74,0.7426,0.4636,0.2733,0.889,0.7257,11.4,40.3,36.1,33.4,20.9,6.6,20.1,15.8,17.2,10.1,14.5,10.8,20.63009071,7.824157238,2.418017387,8.851276398,0.210573807,0.812213302,0,0,0
29189,"St. Louis County, Missouri",MO,999703,78067.0,9.62,4.29,6.39,91.45,0.2227,0.4289,0.7458,0.3767,0.3401,9.6,31.5,32.5,24.2,13.6,4.8,17.1,11.7,12.6,8.0,12.6,7.3,26.75626945,5.048877239,1.307976723,1.841972113,0.186112955,0.860143661,0,0,0
29195,"Saline County, Missouri",MO,23219,55396.0,12.99,2.74,5.48,83.85,0.3694,0.4314,0.5616,0.4928,0.44,11.2,39.2,33.0,31.5,17.6,6.0,18.7,14.4,16.2,9.6,14.2,11.2,34.04630661,14.17531586,2.283780336,7.046133995,0.218741804,0.656225383,0,0,0
29197,"Schuyler County, Missouri",MO,4066,53728.0,10.21,2.31,7.2,63.92,0.2122,0.3525,0.0379,0.468,0.2329,9.8,39.0,32.6,29.3,17.9,5.7,19.4,14.0,12.8,8.0,11.6,8.9,82.24952698,37.3383522,5.084732056,12.86527252,0.1790471595,0.6513130965,0,0,0
29199,"Scotland County, Missouri",MO,4720,58656.0,7.44,1.17,4.65,76.82,0.6395,0.2529,0.007,0.1963,0.3169,10.4,37.7,33.0,31.5,20.1,6.3,20.2,15.3,15.5,9.3,13.1,11.1,9.621943474,3.704333067,3.228316545,5.824428082,0.1790471595,0.6513130965,0,0,0
29201,"Scott County, Missouri",MO,38055,54621.0,15.57,2.85,7.41,84.83,0.615,0.6923,0.4973,0.6548,0.665,11.1,38.2,35.1,34.7,19.6,6.2,19.6,14.8,18.0,10.2,15.7,10.2,18.25972748,7.624345303,1.973978281,8.90316391,0.261178434,0.600710392,0,0,0
29203,"Shannon County, Missouri",MO,7132,46767.0,14.68,2.75,5.48,77.92,0.6052,0.266,0.1508,0.4833,0.4429,11.2,36.8,34.4,31.9,21.2,6.6,20.5,15.6,17.3,10.1,14.2,10.9,10.10774899,4.925346851,2.99240613,17.23295212,0.365719855,0.6513130965,0,0,0
29205,"Shelby County, Missouri",MO,6049,50387.0,14.85,1.05,5.59,79.04,0.4295,0.4874,0.0675,0.5014,0.3968,11.5,40.6,35.6,32.7,21.4,6.9,20.6,16.0,17.7,10.5,14.5,10.6,38.52551651,15.21346569,2.609332323,7.076460838,0.1790471595,0.6513130965,0,0,0
29207,"Stoddard County, Missouri",MO,28656,51703.0,16.46,4.25,4.74,82.69,0.6952,0.5994,0.119,0.1514,0.4359,11.3,37.6,34.4,33.2,22.2,6.7,20.7,16.1,18.0,10.3,14.4,11.3,7.041247845,3.192049265,2.738306284,8.146400452,0.275852561,0.517223537,0,0,0
29209,"Stone County, Missouri",MO,31314,58392.0,14.07,8.35,3.07,89.23,0.734,0.203,0.1037,0.3436,0.4337,10.3,41.1,33.5,29.2,18.3,6.1,19.4,14.3,14.2,8.8,12.6,9.4,14.64611721,4.715621948,3.520250797,9.163557053,0.123209611,0.431233644,0,0,0
29211,"Sullivan County, Missouri",MO,5983,53438.0,15.12,2.37,5.78,75.09,0.4244,0.4919,0.5854,0.5638,0.5068,11.9,40.4,34.5,33.4,19.3,6.5,19.5,15.6,18.7,10.5,15.9,14.1,27.24845505,10.51214504,2.37637639,7.204067707,0.497265041,0.6513130965,0,0,0
29213,"Taney County, Missouri",MO,56202,54467.0,16.41,5.13,4.87,85.99,0.7887,0.5969,0.377,0.9071,0.7941,10.6,36.4,33.5,29.4,17.9,6.1,19.2,14.6,15.1,9.1,13.2,10.1,41.3652916,17.45760536,3.900080919,11.71369076,0.178240404,1.069442511,0,0,0
29215,"Texas County, Missouri",MO,24828,42870.0,19.97,5.97,8.19,79.67,0.9675,0.5183,0.2854,0.8702,0.8575,12.7,42.2,37.9,34.5,22.3,7.2,20.9,16.6,19.8,11.6,15.9,11.8,12.56141853,5.080899239,3.721909285,14.34569073,0.19910799,0.398215979,0,0,0
29217,"Vernon County, Missouri",MO,19777,53318.0,18.14,4.0,8.36,83.81,0.6627,0.5717,0.1339,0.5934,0.5733,11.5,38.1,34.8,32.5,21.4,6.8,20.8,16.0,17.7,10.5,14.5,10.7,32.87752151,16.15602303,4.915618896,8.340196609,0.1790471595,0.441436142,0,0,0
29219,"Warren County, Missouri",MO,35729,75531.0,10.2,4.8,2.55,88.72,0.3719,0.0881,0.2781,0.1518,0.1689,10.0,38.7,32.9,29.6,17.3,5.7,19.2,13.9,13.3,8.2,12.1,9.4,12.58303738,3.882861614,2.24234128,7.309471607,0.136634424,0.519210815,0,0,0
29221,"Washington County, Missouri",MO,23580,49364.0,18.6,4.41,9.38,76.24,0.8085,0.7327,0.2109,0.8571,0.7957,12.2,41.3,36.1,33.8,22.9,7.2,21.2,16.5,19.4,11.2,15.6,11.6,12.14640617,6.932587147,3.623032808,17.97540474,0.1790471595,0.406437963,0,0,0
29223,"Wayne County, Missouri",MO,11081,42758.0,25.13,8.26,5.48,76.9,0.9233,0.2587,0.1654,0.6122,0.6675,12.6,41.3,36.4,36.0,24.7,7.5,22.0,17.7,21.4,12.1,16.7,12.4,34.69417572,17.76563263,7.119185448,19.02136421,0.234944001,0.39157334,0,0,0
29225,"Webster County, Missouri",MO,39265,65103.0,15.7,4.84,5.47,79.71,0.5555,0.5122,0.2062,0.6675,0.5437,10.6,41.5,33.9,30.1,19.5,6.4,19.8,14.9,15.2,9.2,13.1,10.0,8.868201256,3.220753431,4.85401535,9.096003532,0.100353748,0.602122486,0,0,0
29227,"Worth County, Missouri",MO,1982,43536.0,16.57,0.85,8.54,81.11,0.1731,0.7375,0.0337,0.2291,0.2237,11.2,40.7,34.8,31.9,20.4,6.5,20.2,15.2,16.2,9.6,13.5,9.9,14.01086044,5.325685978,1.582342267,4.34800148,0.1790471595,0.6513130965,0,0,0
29229,"Wright County, Missouri",MO,18475,43573.0,20.36,4.84,6.51,77.26,0.915,0.9564,0.1457,0.2329,0.749,12.5,42.1,35.6,36.3,23.5,7.2,21.6,17.1,20.6,11.7,16.2,12.1,17.95997047,10.10697556,3.406380892,13.62539959,0.327421546,0.436562061,0,0,0
29510,"St. Louis city, Missouri",MO,298018,52941.0,20.18,5.42,18.49,83.12,0.8161,0.3668,0.8941,0.8438,0.8139,12.7,37.0,36.6,26.9,16.6,5.8,18.4,13.6,19.7,11.6,18.2,9.1,6.021296501,3.58474493,1.456092954,1.729524255,0.312452763,1.038149476,0,0,0
30001,"Beaverhead County, Montana",MT,9469,55867.0,15.4,2.77,0.88,86.68,0.307,0.041,0.3166,0.4343,0.2043,8.4,29.3,28.9,19.9,14.2,5.5,18.4,13.1,12.6,8.0,10.3,10.1,20.07289505,7.137408733,0.493600965,2.141879082,0.316355586,0.949066758,0,0,0
30003,"Big Horn County, Montana",MT,13090,52463.0,25.73,14.99,6.49,76.84,0.8861,0.0977,0.9714,0.7661,0.7646,13.8,35.8,33.5,28.0,25.3,7.4,22.9,18.6,30.1,18.7,22.1,14.5,42.52916718,23.66741371,2.160062313,11.81440353,0.306208372,0.6513130965,0,0,0
30005,"Blaine County, Montana",MT,7030,58507.0,20.19,13.16,9.25,79.52,0.9055,0.8721,0.9036,0.8982,0.9443,12.3,41.6,33.1,26.6,21.6,6.7,21.1,17.2,23.7,14.6,17.5,12.3,34.0127449,18.42022896,6.113264561,13.88787079,0.913520098,0.6513130965,0,0,0
30007,"Broadwater County, Montana",MT,6977,61679.0,9.15,8.19,1.95,78.97,0.4913,0.0328,0.314,0.0076,0.0827,7.8,30.3,28.4,19.8,14.1,5.2,18.4,12.7,11.1,7.2,9.5,9.7,15.38936043,3.820747852,0.804988384,2.057499886,0.1790471595,0.6513130965,0,0,0
30009,"Carbon County, Montana",MT,10645,66780.0,10.25,4.94,2.73,83.59,0.342,0.2615,0.2109,0.0258,0.1241,8.2,32.6,30.6,19.9,13.8,5.2,18.0,12.7,11.1,7.3,9.4,9.2,14.93563938,3.341454744,1.423045874,3.786333084,0.54940021,0.54940021,0,0,0
30011,"Carter County, Montana",MT,1332,46486.0,17.0,2.36,5.69,84.95,0.5084,0.0675,0.1409,0.7681,0.4069,8.5,33.2,29.8,21.9,15.9,5.6,19.5,13.9,13.1,8.4,10.6,10.2,100.0,34.26815414,3.729386091,1.919999957,0.1790471595,0.6513130965,0,0,0
30013,"Cascade County, Montana",MT,84423,61351.0,13.6,3.26,5.73,84.98,0.3357,0.3439,0.4613,0.6761,0.4435,8.8,35.9,30.1,22.5,15.1,5.3,20.0,14.3,13.6,8.2,10.5,10.2,26.26444817,9.869156837,1.766909003,2.968959808,0.147518009,0.934280753,0,0,0
30015,"Chouteau County, Montana",MT,5897,51791.0,15.05,5.19,5.45,72.66,0.28,0.1222,0.5892,0.3726,0.2584,9.5,35.8,30.8,22.7,17.4,5.6,20.1,14.6,16.4,10.1,12.9,10.9,49.55866623,22.46379662,3.45582819,9.012625694,0.526408136,0.6513130965,0,0,0
30017,"Custer County, Montana",MT,11957,61114.0,11.11,3.33,4.36,86.41,0.196,0.2806,0.3086,0.7989,0.3589,8.5,32.7,28.9,22.2,14.8,5.3,18.4,13.1,12.3,7.8,10.0,9.5,19.52969551,4.54180336,0.640078783,1.172944665,0.1790471595,0.885582685,0,0,0
30019,"Daniels County, Montana",MT,1535,47378.0,12.19,1.51,5.88,80.11,0.153,0.1759,0.2692,0.1909,0.1228,8.2,34.0,28.4,20.3,14.2,5.3,18.5,13.0,11.8,7.7,9.9,9.6,26.80077171,5.215885162,0.696123123,0.330099523,0.1790471595,0.6513130965,0,0,0
30021,"Dawson County, Montana",MT,8915,68168.0,7.49,3.0,5.15,87.19,0.0124,0.147,0.2294,0.441,0.0764,8.2,33.0,28.2,21.1,14.1,5.1,18.4,12.9,10.9,7.3,9.4,9.5,52.46206284,11.9976387,1.174550653,3.771783829,0.1790471595,0.584453523,0,0,0
30023,"Deer Lodge County, Montana",MT,9435,46436.0,22.95,3.8,9.27,77.7,0.6144,0.6656,0.3016,0.7073,0.6417,9.5,32.2,30.5,23.1,17.5,6.1,19.6,14.8,15.3,9.4,12.0,11.5,7.248456001,2.743624687,0.633794904,1.977213144,0.1790471595,0.543242097,0,0,0
30025,"Fallon County, Montana",MT,2941,79750.0,12.75,0.0,7.22,92.18,0.035,0.1028,0.1508,0.7938,0.1508,8.3,31.4,27.9,22.0,14.7,5.3,19.2,13.2,11.8,7.6,9.8,9.5,22.43639755,5.025101185,0.289497495,0.777728021,0.1790471595,0.6513130965,0,0,0
30027,"Fergus County, Montana",MT,11496,58321.0,14.76,3.05,7.42,86.81,0.3548,0.091,0.1409,0.8772,0.3837,8.4,31.2,29.7,21.7,15.1,5.5,18.7,13.5,12.9,8.0,10.5,9.8,39.38310623,11.9230423,2.210092306,2.500701904,0.540345848,0.630403459,0,0,0
30029,"Flathead County, Montana",MT,105950,68025.0,9.27,3.17,3.65,88.96,0.3108,0.0776,0.2444,0.3929,0.2094,7.4,30.8,26.1,18.1,12.9,5.0,17.2,12.5,10.7,7.2,9.4,9.3,12.88271427,4.074743271,1.147148252,3.198783875,0.217286557,0.614070714,0,0,0
30031,"Gallatin County, Montana",MT,119685,83434.0,10.6,2.07,2.62,91.59,0.2129,0.0013,0.2984,0.4693,0.0783,7.2,24.0,25.2,14.5,10.4,4.6,16.3,11.2,8.6,6.2,7.5,8.2,16.60403252,4.366619587,0.956937671,1.705199838,0.179785281,0.924610019,0,0,0
30033,"Garfield County, Montana",MT,976,61786.0,9.42,0.0,0.73,93.45,0.1915,0.0496,0.0025,0.1648,0.0652,8.5,30.7,28.7,22.2,15.5,5.5,19.5,13.6,12.6,8.0,10.3,9.8,55.30102539,18.46598625,0.744973898,1.638942599,0.1790471595,0.6513130965,0,0,0
30035,"Glacier County, Montana",MT,13781,41078.0,29.38,7.94,5.58,80.55,0.9583,0.8403,0.9634,0.9529,0.9752,14.5,39.9,34.8,32.0,26.9,7.9,23.7,20.2,32.4,20.0,22.7,14.6,28.09794426,15.11312675,2.051776409,7.253545761,0.367809325,0.51493305,0,0,0
30037,"Golden Valley County, Montana",MT,841,54792.0,16.05,1.3,2.25,78.59,0.2886,0.0916,0.4165,0.1304,0.1451,9.5,32.8,30.9,24.3,17.4,6.0,20.4,15.1,16.2,9.8,12.5,11.9,100.0,40.33149338,0.593471825,13.05637932,0.1790471595,0.6513130965,0,0,0
30039,"Granite County, Montana",MT,3368,53917.0,13.12,5.73,3.05,83.32,0.4871,0.0792,0.1225,0.2421,0.2246,8.4,30.6,29.4,21.4,15.1,5.5,18.7,13.5,12.9,8.1,10.4,10.5,98.32987976,33.82061386,2.805474997,11.953125,0.1790471595,0.6513130965,0,0,0
30041,"Hill County, Montana",MT,16238,58427.0,16.92,3.95,5.53,81.62,0.3723,0.321,0.6923,0.5103,0.4419,10.9,39.0,33.8,24.8,18.9,6.4,21.0,16.1,19.0,11.7,14.3,11.7,53.49515533,21.40679932,2.17694521,8.095496178,0.1790471595,0.855850339,0,0,0
30043,"Jefferson County, Montana",MT,12273,73875.0,5.06,3.35,3.14,89.13,0.0757,0.1807,0.2364,0.35,0.1158,7.6,32.1,26.5,19.6,12.7,4.8,17.5,12.1,10.1,6.7,8.6,8.8,30.26221848,10.84976292,1.699190497,4.615686893,0.1790471595,0.404530734,0,0,0
30045,"Judith Basin County, Montana",MT,2039,58750.0,17.51,2.35,1.89,85.86,0.1483,0.3207,0.1753,0.0099,0.049,9.0,31.7,30.3,22.3,15.7,5.9,19.1,13.9,13.6,8.5,10.8,10.2,61.25503922,22.16499138,2.586630106,5.167545795,1.504513502,0.6513130965,0,0,0
30047,"Lake County, Montana",MT,31509,58009.0,18.99,6.48,4.04,82.66,0.8113,0.8587,0.7308,0.3223,0.7541,9.3,33.2,29.3,21.9,16.2,5.8,19.8,14.6,16.6,10.8,13.3,10.8,5.677994251,1.911222577,1.808813691,9.510846138,0.258181125,0.645452797,0,0,0
30049,"Lewis and Clark County, Montana",MT,71487,71967.0,9.37,3.45,5.25,87.39,0.1772,0.1276,0.2984,0.4496,0.1906,7.5,30.8,25.9,17.3,12.2,4.7,18.1,12.4,10.0,6.7,8.3,8.4,17.07622719,4.26664257,1.417437434,4.038117886,0.227826118,0.697717488,0,0,0
30051,"Liberty County, Montana",MT,1993,48047.0,26.2,0.25,13.88,67.6,0.4852,0.9421,0.0048,0.7751,0.6592,9.9,34.5,31.8,25.4,18.6,6.5,20.8,15.9,18.2,10.8,13.2,12.4,56.22702789,19.20860481,12.07351303,3.837471724,0.1790471595,0.6513130965,0,0,0
30053,"Lincoln County, Montana",MT,20157,44593.0,16.86,6.93,3.83,85.12,0.8489,0.4874,0.2444,0.2459,0.5628,9.4,37.6,31.7,24.0,17.4,6.1,20.4,15.1,15.6,9.6,12.2,11.8,7.497186184,2.712823153,1.721237063,8.252092361,0.442412615,0.491569579,0,0,0
30055,"McCone County, Montana",MT,1746,79022.0,2.44,2.45,0.0,84.53,0.0076,0.0725,0.2733,0.0605,0.0121,7.7,32.9,28.7,20.0,13.7,5.0,18.4,12.7,10.5,7.0,9.2,9.1,40.13272476,12.78664875,0.0,0.0,0.1790471595,0.6513130965,0,0,0
30057,"Madison County, Montana",MT,8742,61226.0,6.84,2.25,1.74,85.73,0.1454,0.0299,0.2234,0.3592,0.098,7.3,28.6,26.8,17.3,12.7,4.9,17.7,12.0,10.2,6.8,9.1,9.3,30.19206047,9.861647606,1.968996406,2.723554134,0.334858805,0.446478397,0,0,0
30059,"Meagher County, Montana",MT,1948,55753.0,12.01,1.54,0.36,79.38,0.1088,0.0379,0.1861,0.0309,0.0188,8.3,32.6,28.1,20.7,14.3,5.3,18.4,13.1,11.9,7.6,9.9,9.6,100.0,41.04686737,3.277078152,10.01335144,0.1790471595,0.6513130965,0,0,0
30061,"Mineral County, Montana",MT,4652,56098.0,14.14,3.62,1.92,79.26,0.3328,0.343,0.2816,0.1521,0.2218,8.8,35.8,29.3,22.3,15.6,5.7,19.0,13.8,14.0,8.5,11.1,10.6,27.1718235,9.089331627,2.610810041,12.46015167,0.1790471595,0.6513130965,0,0,0
30063,"Missoula County, Montana",MT,118541,66840.0,11.87,4.54,5.54,91.59,0.3481,0.0181,0.3697,0.7296,0.2762,7.9,26.9,25.4,16.5,12.1,4.8,17.8,11.8,10.1,6.9,9.0,8.5,19.56306648,4.966945171,0.920268953,3.694709063,0.14798981,0.822165608,0,0,0
30065,"Musselshell County, Montana",MT,4924,54875.0,11.85,4.91,3.28,80.58,0.3427,0.273,0.2733,0.1928,0.2278,9.0,35.3,29.8,24.3,15.9,5.7,19.2,14.1,14.4,8.7,11.3,11.3,31.89033127,12.78634644,0.869305849,6.273486137,0.1790471595,0.6513130965,0,0,0
30067,"Park County, Montana",MT,17320,67602.0,11.48,3.27,4.38,87.52,0.3287,0.021,0.1928,0.4028,0.1623,7.9,30.0,27.3,20.4,13.7,5.2,17.9,12.7,10.9,7.2,9.2,8.7,41.57567596,12.39862442,1.743976116,4.535975933,0.23866348,1.133651495,0,0,0
30069,"Petroleum County, Montana",MT,416,57981.0,6.25,0.84,0.0,89.95,0.0255,0.0045,0.0016,0.043,0.0013,8.2,32.9,28.5,20.6,14.6,5.3,18.3,12.8,11.6,7.5,9.7,9.6,100.0,29.59427261,0.534759343,2.673796892,0.1790471595,0.6513130965,0,0,0
30071,"Phillips County, Montana",MT,4233,61250.0,6.95,3.4,2.12,82.56,0.188,0.3188,0.4839,0.2262,0.2081,8.8,39.0,28.1,22.7,15.8,5.6,19.6,13.7,13.7,8.9,11.5,10.0,36.11307144,13.28401661,3.100841045,2.050489187,0.1790471595,0.76550138,0,0,0
30073,"Pondera County, Montana",MT,5987,59861.0,21.6,6.45,5.76,83.98,0.6837,0.7582,0.5444,0.8861,0.7967,10.5,37.5,31.0,27.1,19.9,6.4,21.0,16.2,19.7,11.6,14.6,12.3,25.46754456,12.92075634,1.7274822,5.421394348,0.518851638,0.6513130965,0,0,0
30075,"Powder River County, Montana",MT,1773,60313.0,12.69,0.98,5.09,80.29,0.1919,0.0789,0.2214,0.3875,0.1521,8.0,30.6,27.1,19.7,14.1,5.1,18.5,12.8,11.7,7.5,9.8,10.1,52.37716675,20.78099442,0.536767602,1.602515459,0.1790471595,0.6513130965,0,0,0
30077,"Powell County, Montana",MT,6998,60994.0,5.23,4.77,3.57,82.33,0.1807,0.0544,0.3592,0.7159,0.2319,9.2,35.6,30.2,23.7,17.1,6.0,18.3,14.0,14.0,8.8,11.2,11.6,19.2307415,5.866819382,0.31472531,3.792503595,0.1790471595,0.6513130965,0,0,0
30079,"Prairie County, Montana",MT,1283,44107.0,22.26,2.95,5.15,86.6,0.5495,0.3793,0.2984,0.1884,0.3567,10.2,34.0,30.8,26.5,19.2,6.6,20.9,15.9,18.7,11.2,14.0,13.2,100.0,34.75935745,2.222222328,1.296296239,0.1790471595,0.6513130965,0,0,0
30081,"Ravalli County, Montana",MT,44876,67424.0,9.81,4.4,3.97,87.5,0.3306,0.1607,0.2854,0.0888,0.1511,7.3,31.7,26.1,18.3,13.2,4.9,17.8,12.9,10.7,7.0,9.0,9.8,2.735879183,0.892818928,1.349311829,7.536235332,0.266654819,0.488867164,0,0,0
30083,"Richland County, Montana",MT,11366,67515.0,8.33,4.9,7.4,84.23,0.2647,0.139,0.363,0.5132,0.2644,7.7,37.6,27.6,22.3,13.8,5.1,17.8,12.6,10.5,7.0,9.2,9.6,53.84511948,11.5860548,2.581773996,2.468376637,0.271665305,1.08666122,0,0,0
30085,"Roosevelt County, Montana",MT,10799,51038.0,31.55,8.6,10.62,67.84,0.7515,0.1724,0.9504,0.9042,0.7665,13.5,41.3,35.4,29.5,23.7,7.3,22.7,18.7,28.1,17.4,20.5,13.1,26.0825386,8.327900887,1.935145497,5.399690151,0.456037939,0.638453126,0,0,0
30087,"Rosebud County, Montana",MT,8310,57656.0,20.37,9.24,7.07,74.79,0.9205,0.8839,0.8629,0.8536,0.9408,11.5,39.8,35.2,26.4,21.0,6.7,21.6,16.5,23.3,13.8,16.7,12.7,24.10190201,10.70959949,2.792104483,4.509435177,0.565866888,0.679040313,0,0,0
30089,"Sanders County, Montana",MT,12615,47110.0,16.33,5.18,5.73,84.09,0.8263,0.385,0.3217,0.3643,0.5778,9.0,34.8,29.1,23.1,17.5,6.2,19.9,14.8,15.7,9.6,12.0,11.7,31.13269615,12.96002293,1.582187772,11.30841732,0.658057094,0.24677141,0,0,0
30091,"Sheridan County, Montana",MT,3700,67457.0,9.84,1.54,3.13,84.43,0.2046,0.2304,0.3016,0.2052,0.1642,8.4,35.4,29.5,21.6,15.2,5.4,18.8,13.4,12.9,8.1,10.5,10.7,35.23910904,11.81043053,1.77230978,3.084988832,0.1790471595,0.6513130965,0,0,0
30093,"Silver Bow County, Montana",MT,35306,56297.0,15.91,4.59,6.8,84.69,0.4273,0.4403,0.2984,0.5797,0.4534,8.7,32.8,29.1,21.3,14.8,5.6,19.6,14.2,13.8,8.4,10.7,10.4,6.923048973,2.190577745,0.539252043,2.105645657,0.170551449,0.966458201,0,0,0
30095,"Stillwater County, Montana",MT,8978,78380.0,8.02,2.65,3.29,84.61,0.0379,0.2689,0.2234,0.147,0.0608,7.7,29.9,27.2,19.0,13.2,4.9,17.8,12.3,10.5,6.9,9.1,9.4,15.30505657,3.999967337,1.356614947,2.210500479,0.1790471595,0.6513130965,0,0,0
30097,"Sweet Grass County, Montana",MT,3697,64872.0,5.97,2.12,3.53,85.82,0.0678,0.1142,0.2485,0.028,0.0242,7.7,29.7,27.5,19.6,13.9,5.0,18.4,12.7,10.9,7.1,9.4,9.3,22.61458969,5.104094982,0.384706974,3.329660892,0.1790471595,0.6513130965,0,0,0
30099,"Teton County, Montana",MT,6238,65224.0,14.45,2.05,6.41,82.83,0.3633,0.1919,0.1985,0.6825,0.3662,8.3,31.3,28.1,21.9,14.9,5.4,19.2,13.3,12.6,8.0,10.3,10.1,60.16043091,18.29665565,1.817842841,5.013728142,0.1790471595,0.6513130965,0,0,0
30101,"Toole County, Montana",MT,5018,54040.0,10.6,3.93,6.8,87.13,0.6112,0.0703,0.4273,0.959,0.6023,10.3,35.4,31.4,25.9,19.4,6.5,19.6,15.1,17.3,10.4,13.0,13.4,43.64525986,7.88929081,5.530055523,1.841382742,0.1790471595,0.6513130965,0,0,0
30103,"Treasure County, Montana",MT,680,70096.0,9.85,1.09,5.11,88.59,0.0859,0.0745,0.0757,0.3143,0.0719,8.3,34.1,28.9,20.7,14.4,5.3,18.4,13.1,12.4,8.0,10.3,9.6,100.0,44.78764343,3.287671328,6.575342655,0.1790471595,0.6513130965,0,0,0
30105,"Valley County, Montana",MT,7552,59725.0,12.33,4.04,4.59,83.8,0.1998,0.3283,0.4416,0.2081,0.2027,8.6,33.2,31.4,22.3,15.1,5.5,19.5,14.1,13.6,8.7,11.2,9.9,41.89451599,14.3809042,0.787648737,3.708647966,0.40766409,0.815328181,0,0,0
30107,"Wheatland County, Montana",MT,2060,48272.0,22.67,0.24,2.51,78.86,0.3395,0.1569,0.119,0.0745,0.1273,9.6,32.3,30.9,24.6,17.9,6.2,20.3,15.2,16.8,9.8,12.7,12.3,34.48288727,16.34465027,2.777154684,3.624466419,0.1790471595,0.6513130965,0,0,0
30109,"Wibaux County, Montana",MT,1119,58750.0,17.81,0.0,2.58,80.69,0.1775,0.7471,0.3446,0.2281,0.273,8.6,33.1,29.4,21.9,15.3,5.5,19.2,13.5,13.2,8.2,10.6,10.1,100.0,44.24934006,3.018108606,6.639839172,0.1790471595,0.6513130965,0,0,0
30111,"Yellowstone County, Montana",MT,165524,72300.0,10.71,3.47,4.58,89.3,0.2094,0.2501,0.4416,0.546,0.2889,8.2,34.0,28.3,20.0,14.2,4.9,18.6,12.9,11.9,7.6,9.8,9.2,21.31267166,6.366336346,1.53811264,2.741125584,0.104300879,0.773053586,0,0,0
31001,"Adams County, Nebraska",NE,31143,61502.0,12.0,2.65,5.03,86.69,0.2157,0.8018,0.4569,0.6277,0.4769,9.9,41.9,31.4,25.8,14.3,5.6,15.0,11.7,13.2,7.1,10.2,10.2,35.02439499,12.18121243,2.295266628,4.721869469,0.159637302,0.925896347,0,0,0
31003,"Antelope County, Nebraska",NE,6302,61924.0,11.07,2.07,3.8,80.4,0.0573,0.6592,0.0881,0.0601,0.0767,9.6,43.0,30.6,26.0,15.4,5.4,15.5,11.6,12.3,6.8,9.8,9.3,12.86044216,3.864251614,1.030251265,3.750007868,0.798211992,0.638569593,0,0,0
31005,"Arthur County, Nebraska",NE,485,66667.0,7.01,0.45,3.37,83.15,0.0795,0.4486,0.1508,0.077,0.0751,9.3,42.4,30.7,24.5,14.6,5.6,15.4,11.5,11.5,6.7,9.0,7.6,100.0,34.44976044,0.0,2.590673685,0.1790471595,0.6513130965,0,0,0
31007,"Banner County, Nebraska",NE,670,62375.0,7.38,3.33,2.41,76.71,0.0372,0.4512,0.2214,0.0006,0.0124,9.0,38.1,29.1,24.6,13.0,5.2,14.8,11.1,11.7,6.5,9.5,9.6,98.53997803,27.5457592,2.508960485,5.73476696,0.1790471595,0.6513130965,0,0,0
31009,"Blaine County, Nebraska",NE,384,52083.0,11.46,1.9,1.49,84.58,0.2008,0.5043,0.0,0.0156,0.0799,9.4,38.8,30.9,26.3,15.5,5.5,15.9,11.7,12.4,7.0,9.7,8.6,100.0,25.625,4.587155819,3.211009264,0.1790471595,0.6513130965,0,0,0
31011,"Boone County, Nebraska",NE,5397,66800.0,7.35,0.99,3.62,82.95,0.022,0.2463,0.0337,0.0321,0.0162,9.4,33.4,29.4,26.8,15.5,5.5,15.2,11.6,12.7,7.0,10.0,9.8,12.25124836,3.485229492,1.749826431,2.275845051,0.784929335,0.6513130965,0,0,0
31013,"Box Butte County, Nebraska",NE,10778,67893.0,12.0,3.99,5.38,90.05,0.3716,0.5218,0.5269,0.615,0.4963,10.4,39.0,30.8,28.7,15.3,5.7,15.6,12.5,14.8,7.9,11.5,11.2,32.5735817,9.172379494,2.914456606,2.456110954,0.373971581,0.560957372,0,0,0
31015,"Boyd County, Nebraska",NE,1767,57120.0,11.62,1.82,1.36,82.28,0.126,0.3471,0.1753,0.0305,0.0601,10.0,38.7,31.6,26.9,16.3,5.8,15.8,12.1,13.5,7.4,10.3,9.3,36.2842865,12.29698086,3.217988253,4.245120049,0.1790471595,0.6513130965,0,0,0
31017,"Brown County, Nebraska",NE,2691,44267.0,8.9,0.46,2.88,85.62,0.3013,0.3255,0.2364,0.0531,0.1444,9.9,41.0,31.4,26.8,15.7,5.7,15.8,12.3,14.2,7.6,10.9,10.7,10.08354664,4.133351326,1.435174942,1.465507865,0.1790471595,0.6513130965,0,0,0
31019,"Buffalo County, Nebraska",NE,50103,70093.0,11.79,2.86,4.3,89.69,0.2924,0.4149,0.4165,0.5412,0.3828,9.1,38.9,31.1,23.7,13.3,5.3,14.9,11.5,12.3,6.7,9.6,9.4,30.71222878,9.453653336,2.254400253,3.247956514,0.119727023,0.937861681,0,0,0
31021,"Burt County, Nebraska",NE,6717,54950.0,14.2,2.65,5.48,80.5,0.2399,0.5908,0.2399,0.0703,0.1798,9.7,40.6,31.8,26.7,16.0,5.6,15.8,11.8,13.4,7.3,10.4,9.3,0.671959102,0.216470152,1.165729046,3.414749622,0.1790471595,0.6513130965,0,0,0
31023,"Butler County, Nebraska",NE,8373,75690.0,7.89,0.69,2.65,86.0,0.0557,0.5988,0.2323,0.0487,0.0738,8.8,38.6,28.8,25.6,14.5,5.2,15.0,11.1,11.6,6.5,9.4,9.4,15.52475929,4.19740057,0.858099282,2.614284754,0.1790471595,0.6513130965,0,0,0
31025,"Cass County, Nebraska",NE,26749,87673.0,5.64,2.18,3.47,88.37,0.0955,0.0605,0.2164,0.0722,0.0379,8.6,39.6,29.2,23.8,13.0,5.0,14.6,10.7,10.1,5.9,8.5,8.1,18.41707802,3.248403072,1.644443512,3.448737621,0.114364132,0.419335157,0,0,0
31027,"Cedar County, Nebraska",NE,8375,72035.0,5.43,1.96,2.83,80.95,0.0162,0.1441,0.0299,0.0165,0.0067,8.4,40.5,28.3,23.3,13.2,5.1,14.8,10.5,10.4,6.0,8.6,8.1,18.27926826,4.589776993,1.336691856,3.420933247,0.475398153,0.475398153,0,0,0
31029,"Chase County, Nebraska",NE,3704,57313.0,8.2,2.65,2.5,87.28,0.3102,0.7057,0.5778,0.056,0.272,9.7,37.3,29.4,27.7,14.5,5.5,14.9,11.7,14.0,7.4,10.9,11.9,29.42085457,8.790932655,0.948738277,1.758673668,0.78125,0.78125,0,0,0
31031,"Cherry County, Nebraska",NE,5473,62373.0,9.8,0.44,6.35,83.03,0.1947,0.1718,0.4416,0.6936,0.3016,10.1,40.9,30.5,26.3,15.9,5.8,15.8,12.2,13.5,7.7,10.5,9.0,38.75593185,10.85286427,1.711341262,4.095166683,0.518941343,0.69192183,0,0,0
31033,"Cheyenne County, Nebraska",NE,9489,54038.0,11.66,2.57,6.03,87.17,0.329,0.1215,0.3649,0.5005,0.2857,9.9,34.8,30.8,27.9,15.6,5.7,15.8,12.2,13.9,7.5,10.7,10.2,21.46989059,5.423551559,0.744789004,2.821513653,0.3292723,0.548787177,0,0,0
31035,"Clay County, Nebraska",NE,6088,73933.0,8.73,2.17,2.59,85.17,0.1069,0.6637,0.3503,0.0137,0.0942,9.3,40.1,29.6,25.9,15.2,5.4,15.1,11.6,12.6,6.9,10.1,10.1,24.67325783,8.055552483,0.842888594,4.222023487,0.482625484,0.6513130965,0,0,0
31037,"Colfax County, Nebraska",NE,10563,71205.0,10.22,1.68,1.44,86.62,0.3363,0.4862,0.8839,0.1664,0.364,11.9,39.0,29.6,31.8,14.5,5.8,14.0,12.7,19.8,9.6,15.6,20.7,31.62817764,9.317749977,1.257198334,2.06631279,0.472277313,0.377821863,0,0,0
31039,"Cuming County, Nebraska",NE,9000,68917.0,7.65,2.64,2.32,77.23,0.0964,0.5081,0.3697,0.0235,0.0795,9.5,41.2,30.9,26.5,14.2,5.4,15.1,11.6,13.3,7.0,10.6,10.8,22.15513229,5.19063139,2.657020569,2.669403553,0.454648793,0.568310976,0,0,0
31041,"Custer County, Nebraska",NE,10566,62288.0,11.32,1.57,4.47,83.4,0.1769,0.6233,0.1457,0.0684,0.1425,9.3,40.2,30.9,26.0,14.7,5.4,15.3,11.2,11.8,6.7,9.6,8.7,44.5680275,14.41157341,1.965896487,3.71009016,0.658761501,0.470543951,0,0,0
31043,"Dakota County, Nebraska",NE,21308,66112.0,11.19,3.02,6.7,80.59,0.5065,0.6214,0.8925,0.8517,0.7321,11.9,44.6,30.0,32.7,14.9,5.7,14.6,12.3,19.9,9.5,15.5,17.9,16.20956612,4.938789845,1.278164506,6.010531902,0.298953652,0.697558522,0,0,0
31045,"Dawes County, Nebraska",NE,8279,53760.0,12.97,1.51,3.53,86.19,0.2517,0.4992,0.4222,0.3713,0.3156,9.6,38.3,30.3,25.5,14.4,5.4,15.3,11.5,12.2,7.0,9.8,8.2,29.00628281,9.701321602,1.751757383,2.063845873,0.1790471595,0.478411674,0,0,0
31047,"Dawson County, Nebraska",NE,24037,67462.0,14.22,2.06,5.29,83.34,0.5138,0.8069,0.8171,0.7264,0.7311,11.9,41.4,31.8,32.0,15.3,5.9,14.4,12.7,19.9,9.5,15.3,18.5,41.33106995,14.57305717,2.875148058,4.630247116,0.127605274,0.72309655,0,0,0
31049,"Deuel County, Nebraska",NE,1858,58875.0,7.15,3.82,1.63,88.04,0.3385,0.1728,0.4356,0.0016,0.063,9.7,39.8,30.9,26.3,15.0,5.6,15.7,12.0,13.5,7.3,10.5,10.2,26.81713676,7.882511139,1.846914411,4.898346424,0.1790471595,0.6513130965,0,0,0
31051,"Dixon County, Nebraska",NE,5579,60568.0,9.44,2.91,2.57,80.63,0.3401,0.8683,0.4871,0.1142,0.3789,10.1,43.6,29.8,29.2,16.0,5.8,15.2,12.2,15.2,7.9,11.6,12.7,33.94021606,10.37470055,3.302738905,7.386602879,0.1790471595,0.6513130965,0,0,0
31053,"Dodge County, Nebraska",NE,37175,66793.0,9.06,4.1,4.84,86.78,0.3392,0.9122,0.5231,0.3541,0.5135,10.0,40.3,29.7,27.2,15.6,5.5,14.7,12.1,14.6,7.7,11.2,12.8,28.17715454,8.23925209,1.368029714,4.392149925,0.220860258,0.690188289,0,0,0
31055,"Douglas County, Nebraska",NE,582638,76083.0,11.01,3.83,6.51,90.49,0.4461,0.6236,0.6962,0.657,0.594,9.3,36.9,29.4,21.9,13.5,5.0,14.8,10.8,13.3,7.2,10.9,10.4,11.87993717,2.32883954,0.537587464,0.814222395,0.168891862,0.834012389,0,0,0
31057,"Dundy County, Nebraska",NE,1825,58977.0,12.47,0.2,2.92,79.44,0.0398,0.1451,0.0032,0.0315,0.0156,9.9,37.4,31.1,26.6,15.2,5.6,15.7,12.1,13.6,7.5,10.7,9.9,33.26264191,17.18341255,1.878424287,4.311587811,0.1790471595,0.6513130965,0,0,0
31059,"Fillmore County, Nebraska",NE,5557,72335.0,7.0,0.96,2.48,79.73,0.0067,0.0385,0.1409,0.0776,0.0083,9.2,42.0,29.4,26.2,14.4,5.2,15.0,11.3,11.3,6.4,9.2,8.8,22.18545151,7.003355026,0.876087189,4.743438721,0.543576717,0.6513130965,0,0,0
31061,"Franklin County, Nebraska",NE,2901,55625.0,14.9,2.48,3.51,80.8,0.1438,0.3589,0.0932,0.1403,0.1129,10.1,39.7,32.3,27.6,16.9,6.0,16.5,12.6,14.2,7.8,10.8,9.5,47.02106476,13.50049973,0.909803391,5.521231174,0.1790471595,0.6513130965,0,0,0
31063,"Frontier County, Nebraska",NE,2491,62928.0,12.37,4.45,2.9,71.44,0.265,0.3898,0.1928,0.5406,0.3153,9.0,38.7,29.6,24.7,14.4,5.3,15.4,11.5,11.7,6.6,9.4,8.7,37.80621719,8.384170532,1.096006155,4.05348444,1.159644365,0.6513130965,0,0,0
31065,"Furnas County, Nebraska",NE,4630,58895.0,11.15,0.98,4.54,74.29,0.2281,0.532,0.1861,0.1432,0.1931,9.9,44.9,31.3,26.6,15.9,5.8,15.8,12.1,14.1,7.4,10.5,10.1,4.063536167,1.00894177,1.741368055,2.413719177,0.859660447,0.64474535,0,0,0
31067,"Gage County, Nebraska",NE,21654,60035.0,13.35,2.03,7.71,85.25,0.1969,0.4989,0.1409,0.3271,0.2307,9.7,41.8,32.7,26.5,16.2,5.6,16.1,12.4,12.9,7.2,9.9,9.5,32.3925209,8.367928505,1.261989117,3.846583366,0.279968262,0.559936523,0,0,0
31069,"Garden County, Nebraska",NE,1778,47139.0,9.61,3.46,2.41,82.03,0.5482,0.9453,0.1276,0.0528,0.42,10.5,40.6,32.6,28.9,16.8,6.1,16.3,12.8,15.1,8.2,11.4,10.3,37.86807632,9.451702118,1.497063398,3.905737877,0.1790471595,0.6513130965,0,0,0
31071,"Garfield County, Nebraska",NE,1833,64957.0,12.16,1.14,5.94,77.81,0.042,0.1012,0.0299,0.3274,0.0557,8.6,39.7,28.7,23.7,13.6,5.1,14.9,10.8,10.4,6.1,8.4,7.7,10.10106373,2.939009905,0.366876632,2.436014175,0.1790471595,0.6513130965,0,0,0
31073,"Gosper County, Nebraska",NE,1873,76583.0,6.54,1.5,0.67,83.75,0.1435,0.0296,0.1276,0.0535,0.0293,9.0,38.3,29.3,24.1,13.5,5.3,14.9,11.0,11.4,6.5,9.4,8.8,64.07082367,11.98262119,3.520193338,3.078677416,0.1790471595,0.6513130965,0,0,0
31075,"Grant County, Nebraska",NE,649,65139.0,10.79,1.41,3.56,79.36,0.2921,0.0811,0.014,0.3748,0.168,8.8,36.6,29.5,23.5,13.8,5.2,15.0,11.0,10.5,6.2,8.5,7.8,40.98944092,19.03718567,1.076561093,2.153122187,0.1790471595,0.6513130965,0,0,0
31077,"Greeley County, Nebraska",NE,2212,52813.0,12.47,1.78,1.76,81.92,0.0636,0.6306,0.0455,0.0372,0.062,9.3,35.3,29.8,26.0,15.2,5.5,15.6,11.7,12.5,6.9,10.0,9.5,66.1456604,20.60102081,1.92215836,2.567523479,1.724881411,0.6513130965,0,0,0
31079,"Hall County, Nebraska",NE,62575,63553.0,12.76,2.92,5.35,86.99,0.6487,0.882,0.7378,0.496,0.7343,10.7,41.4,30.0,30.5,14.7,5.8,14.6,12.5,18.2,8.7,13.3,16.6,27.07136726,7.037075996,1.450950384,3.001567125,0.180245131,0.802910149,0,0,0
31081,"Hamilton County, Nebraska",NE,9400,73254.0,5.51,3.59,1.87,90.1,0.0433,0.3471,0.1276,0.0105,0.0229,8.3,40.8,28.7,23.0,12.9,5.1,14.8,10.6,10.2,5.9,8.4,7.9,17.31442833,2.736076593,0.94343406,2.422147751,0.1790471595,0.54130131,0,0,0
31083,"Harlan County, Nebraska",NE,3094,64583.0,7.35,2.04,1.88,82.56,0.1263,0.9275,0.1508,0.4066,0.3312,9.0,35.5,29.8,26.4,14.7,5.4,15.6,11.5,11.8,6.7,9.5,9.0,6.881371498,2.530721426,0.920133412,3.265435219,0.1790471595,0.6513130965,0,0,0
31085,"Hayes County, Nebraska",NE,919,59405.0,14.69,0.23,3.21,79.95,0.0617,0.616,0.1985,0.0172,0.0547,9.9,41.8,30.4,28.0,15.4,5.7,15.7,12.1,13.6,7.3,10.7,10.4,100.0,44.43266296,1.694915295,4.600484371,0.1790471595,0.6513130965,0,0,0
31087,"Hitchcock County, Nebraska",NE,2620,49456.0,12.36,1.9,3.97,75.29,0.1346,0.8791,0.1753,0.2192,0.2574,9.7,42.1,31.5,27.0,15.8,5.7,16.0,12.1,13.4,7.4,10.4,9.5,94.99758148,37.60158539,3.261561871,8.850289345,0.1790471595,0.6513130965,0,0,0
31089,"Holt County, Nebraska",NE,10149,66325.0,9.87,1.3,3.0,81.06,0.0929,0.6227,0.2062,0.0729,0.1098,9.6,38.7,29.0,27.1,15.0,5.6,15.3,11.8,12.8,7.1,9.9,9.9,29.83032417,8.532743454,1.037271976,1.532817125,0.602651656,0.602651656,0,0,0
31091,"Hooker County, Nebraska",NE,659,43333.0,8.15,3.17,5.82,79.79,0.1196,0.0172,0.314,0.4782,0.1021,9.4,40.3,30.6,26.0,15.6,5.5,16.0,11.9,12.5,6.9,9.7,8.8,100.0,32.72450638,0.313479632,4.702194214,0.1790471595,0.6513130965,0,0,0
31093,"Howard County, Nebraska",NE,6476,70766.0,4.87,4.02,6.09,79.99,0.1597,0.7849,0.2109,0.154,0.2202,8.7,38.7,30.6,25.4,14.3,5.1,15.1,11.2,10.9,6.2,8.8,8.3,20.05903435,5.123244762,1.372468233,4.193646908,0.462392122,0.6513130965,0,0,0
31095,"Jefferson County, Nebraska",NE,7185,54494.0,11.1,1.05,5.99,78.7,0.2934,0.7191,0.2164,0.1502,0.2736,9.8,37.6,29.5,26.9,15.3,5.4,15.7,11.7,12.6,6.9,9.8,9.4,29.84672928,9.886043549,0.855921865,2.277327061,0.1790471595,0.563459635,0,0,0
31097,"Johnson County, Nebraska",NE,5294,64352.0,6.13,1.37,5.52,83.1,0.0958,0.7798,0.5326,0.3509,0.2927,10.1,38.1,31.0,29.1,15.7,5.7,14.4,11.8,14.5,7.7,11.5,12.6,26.24922371,5.852185249,3.758042097,4.013243198,0.1790471595,0.6513130965,0,0,0
31099,"Kearney County, Nebraska",NE,6655,74276.0,9.46,1.56,3.28,86.51,0.0283,0.5444,0.2733,0.1836,0.1028,8.5,38.4,27.6,23.1,12.8,4.9,14.2,10.4,9.9,5.8,8.4,8.2,2.488844156,0.55294311,1.010710835,1.829765439,0.1790471595,0.450992197,0,0,0
31101,"Keith County, Nebraska",NE,8303,59511.0,11.93,2.57,5.29,85.67,0.2269,0.5412,0.3217,0.2606,0.2603,9.3,35.7,29.1,28.1,14.8,5.4,15.2,12.0,12.7,7.0,10.3,10.3,27.62597466,6.882915974,1.703616023,1.77387476,0.1790471595,1.002129555,0,0,0
31103,"Keya Paha County, Nebraska",NE,987,63977.0,8.61,0.22,0.62,86.69,0.1276,0.2797,0.021,0.0041,0.0226,9.7,38.0,30.7,26.4,15.7,5.8,15.5,11.9,12.9,7.2,10.0,9.4,99.8841095,26.48442268,0.613496959,1.533742309,0.1790471595,0.6513130965,0,0,0
31105,"Kimball County, Nebraska",NE,3395,53151.0,10.03,2.19,3.2,81.35,0.6971,0.5571,0.4569,0.0725,0.4308,10.9,42.5,31.3,30.9,17.9,6.1,16.4,13.4,17.1,8.9,12.6,12.7,6.779146194,3.144487858,1.39422822,3.203719378,0.1790471595,0.6513130965,0,0,0
31107,"Knox County, Nebraska",NE,8415,61250.0,11.96,4.07,3.58,83.14,0.1864,0.7747,0.4445,0.1683,0.2717,10.3,40.4,30.3,27.2,17.2,5.8,16.4,12.6,15.3,8.4,11.4,9.6,30.69829941,11.75769615,3.605732441,4.925020218,0.722543359,0.6513130965,0,0,0
31109,"Lancaster County, Nebraska",NE,322063,70387.0,11.8,3.16,5.05,91.53,0.2755,0.2905,0.5371,0.6647,0.4031,9.4,35.7,29.8,20.5,12.6,5.2,14.6,10.3,11.5,6.5,9.5,8.8,16.95071983,4.784907341,0.708661795,1.316964507,0.159051925,0.863870263,0,0,0
31111,"Lincoln County, Nebraska",NE,34532,63019.0,10.97,3.43,4.34,87.21,0.3748,0.7782,0.3939,0.3675,0.4617,10.2,40.1,31.5,27.5,15.5,5.9,16.0,12.4,14.5,7.8,10.9,10.6,14.35563946,3.135032177,1.667368054,4.094199181,0.203802377,0.873438716,0,0,0
31113,"Logan County, Nebraska",NE,839,69250.0,9.23,0.45,0.0,79.15,0.057,0.2192,0.3649,0.0541,0.0471,8.4,36.2,29.5,23.7,13.2,5.0,14.7,10.6,10.0,5.9,8.5,7.8,14.0432272,4.926325798,0.0,2.220613718,0.1790471595,0.6513130965,0,0,0
31115,"Loup County, Nebraska",NE,629,50000.0,7.95,0.0,1.84,75.0,0.2237,0.6567,0.4556,0.0576,0.202,8.9,36.7,29.3,23.9,13.6,5.3,14.9,10.8,10.6,6.2,8.8,7.6,39.90821075,11.80191612,0.71684587,1.075268865,0.1790471595,0.6513130965,0,0,0
31117,"McPherson County, Nebraska",NE,456,58250.0,7.68,0.0,1.04,84.46,0.0239,0.0118,0.0006,0.0223,0.0016,9.2,39.3,30.0,25.3,14.4,5.5,15.5,11.4,11.5,6.6,9.1,7.6,100.0,32.81938171,0.985221684,2.955665112,0.1790471595,0.6513130965,0,0,0
31119,"Madison County, Nebraska",NE,35538,61139.0,12.16,2.56,4.66,84.3,0.2284,0.6605,0.5501,0.6529,0.4633,10.2,40.4,31.4,26.8,14.9,5.4,14.8,11.5,14.3,7.4,10.7,11.1,29.5572567,7.819169044,1.56038034,3.673284769,0.25852412,0.804297268,0,0,0
31121,"Merrick County, Nebraska",NE,7675,57873.0,10.24,0.48,2.74,83.97,0.2405,0.5953,0.2399,0.0955,0.1947,9.2,39.2,29.9,26.9,15.4,5.4,15.8,11.9,12.6,6.9,10.1,9.9,31.59469986,10.46465111,3.230528116,4.265324593,0.1790471595,0.640286863,0,0,0
31123,"Morrill County, Nebraska",NE,4562,57325.0,9.52,5.46,3.86,82.91,0.434,0.5635,0.5161,0.0904,0.3143,10.4,41.9,30.5,30.0,16.5,5.9,15.6,12.6,16.4,8.3,12.2,12.5,50.33340836,18.03479195,2.238565445,6.640907288,0.64864862,0.864864886,0,0,0
31125,"Nance County, Nebraska",NE,3366,60054.0,13.61,4.43,1.53,81.41,0.1976,0.2183,0.1094,0.0121,0.05,9.8,40.7,31.1,26.8,16.7,5.8,16.3,12.3,14.0,7.6,10.5,9.4,4.620869637,1.320248365,0.44224146,3.610838175,0.1790471595,0.6513130965,0,0,0
31127,"Nemaha County, Nebraska",NE,7019,57196.0,15.33,6.4,5.96,79.83,0.5953,0.2342,0.2781,0.5536,0.4712,9.9,41.8,29.7,28.6,15.8,5.8,15.9,12.1,13.6,7.5,10.5,9.5,3.987722158,1.258333564,1.229452014,2.540424824,0.42589438,0.567859173,0,0,0
31129,"Nuckolls County, Nebraska",NE,4092,66000.0,6.27,1.32,2.4,81.01,0.083,0.0414,0.1572,0.0264,0.014,9.0,42.4,30.6,24.9,14.5,5.3,15.2,11.4,11.8,6.5,9.3,9.0,37.33560181,13.55556583,2.028223753,3.201802969,0.1790471595,0.6513130965,0,0,0
31131,"Otoe County, Nebraska",NE,15995,73031.0,11.45,3.17,3.82,89.62,0.0993,0.902,0.3847,0.2173,0.2698,9.4,40.7,30.8,25.6,13.7,5.2,15.1,11.5,12.0,6.6,9.6,9.5,71.81031036,19.60853767,5.458763599,7.262219906,0.187911049,0.751644194,0,0,0
31133,"Pawnee County, Nebraska",NE,2553,55833.0,13.33,2.44,7.29,72.9,0.4442,0.9249,0.0983,0.3153,0.49,9.9,38.4,31.7,29.5,17.2,5.9,16.6,12.9,15.1,8.1,11.1,10.3,18.10644913,5.423562527,5.284158707,4.344779015,0.1790471595,0.6513130965,0,0,0
31135,"Perkins County, Nebraska",NE,2860,61786.0,8.68,1.16,3.81,86.83,0.1801,0.546,0.1985,0.0764,0.14,9.0,40.7,29.8,24.6,14.3,5.3,15.1,11.3,11.8,6.6,9.3,9.4,29.57969475,7.339466095,1.476157546,1.242572904,0.1790471595,0.6513130965,0,0,0
31137,"Phelps County, Nebraska",NE,8966,65114.0,14.49,0.81,5.81,83.55,0.174,0.5094,0.2485,0.6309,0.3242,9.4,39.1,30.1,25.5,15.2,5.4,15.5,11.9,12.7,7.0,9.9,9.8,22.28773499,4.592950344,1.389752865,1.173089862,0.444148332,0.777259588,0,0,0
31139,"Pierce County, Nebraska",NE,7301,65603.0,7.94,2.37,3.37,86.86,0.0684,0.5215,0.0407,0.0169,0.0439,8.6,39.2,28.8,25.1,14.3,5.2,15.2,11.1,10.8,6.2,8.8,8.3,46.46928024,9.782258034,1.495515823,4.069179535,0.1790471595,0.556792855,0,0,0
31141,"Platte County, Nebraska",NE,34219,69943.0,8.21,1.92,5.82,86.57,0.2103,0.7493,0.6013,0.3105,0.371,10.0,42.1,30.4,26.1,13.8,5.3,14.4,11.5,13.9,7.2,10.8,13.0,19.24462509,3.791801929,1.042364955,2.4288311,0.17983456,0.839227915,0,0,0
31143,"Polk County, Nebraska",NE,5182,67695.0,7.73,1.86,2.38,86.08,0.0706,0.2813,0.2628,0.0404,0.0477,8.9,40.6,29.6,26.1,14.2,5.2,15.2,11.2,11.5,6.5,9.5,9.8,4.771343231,1.428795934,1.670229673,2.64646697,0.1790471595,0.6513130965,0,0,0
31145,"Red Willow County, Nebraska",NE,10690,58344.0,12.16,2.31,8.16,83.11,0.3353,0.3576,0.2781,0.5062,0.3522,9.6,42.5,32.7,27.8,15.0,5.6,15.7,12.1,13.4,7.2,10.3,9.4,58.20906448,19.23129654,2.444149256,4.399651051,0.1790471595,0.564599633,0,0,0
31147,"Richardson County, Nebraska",NE,7850,50321.0,10.86,4.73,6.61,81.91,0.4133,0.5784,0.2399,0.1244,0.2883,10.2,45.6,32.6,28.7,16.6,5.6,15.9,12.2,13.3,7.4,10.3,9.5,30.66542244,9.720461845,1.357047558,2.87411809,0.1790471595,0.641766131,0,0,0
31149,"Rock County, Nebraska",NE,1312,57566.0,9.1,1.2,3.64,80.76,0.041,0.3812,0.0019,0.07,0.0423,8.8,39.1,29.1,24.9,14.3,5.2,15.1,11.3,11.4,6.4,9.0,8.4,28.02030373,8.9836092,0.4849253,1.996178985,0.1790471595,0.6513130965,0,0,0
31151,"Saline County, Nebraska",NE,14275,71104.0,11.32,2.15,2.01,84.04,0.3878,0.7082,0.7003,0.3624,0.4989,10.5,41.2,29.3,28.7,14.5,5.5,14.8,12.1,16.5,8.1,13.1,15.2,32.17123032,11.3821106,0.992216885,3.238333702,0.357474804,0.428969771,0,0,0
31153,"Sarpy County, Nebraska",NE,191272,95911.0,5.49,2.56,3.03,94.27,0.0417,0.3551,0.5488,0.0748,0.0776,8.9,35.6,29.2,21.2,11.0,4.5,13.6,9.8,9.5,5.5,8.0,8.0,36.73703766,6.896500111,0.999569774,2.044946432,0.079425596,0.640699804,0,0,0
31155,"Saunders County, Nebraska",NE,22374,84474.0,6.67,2.43,3.53,89.68,0.0143,0.1527,0.0983,0.0337,0.0108,8.4,38.9,29.6,22.1,12.9,4.9,14.2,10.3,9.8,5.7,8.1,7.7,24.45220566,6.187117577,0.929427922,3.288208723,0.273635238,0.273635238,0,0,0
31157,"Scotts Bluff County, Nebraska",NE,36048,60137.0,12.47,3.47,5.96,82.49,0.5367,0.9507,0.6599,0.5733,0.7356,10.5,39.6,32.1,27.8,14.6,5.6,15.5,12.5,16.5,8.2,12.3,12.6,7.665017128,1.970254064,1.169348598,2.866634369,0.113317661,0.849882424,0,0,0
31159,"Seward County, Nebraska",NE,17644,79677.0,6.77,2.22,4.58,88.31,0.0321,0.071,0.0757,0.4095,0.0563,8.3,35.6,29.1,23.2,13.6,5.0,14.6,10.7,10.0,5.9,8.3,7.9,32.38161087,7.378973484,2.213240385,3.182678938,0.232747585,0.640055835,0,0,0
31161,"Sheridan County, Nebraska",NE,5102,53609.0,10.83,2.16,4.47,82.82,0.2825,0.4318,0.5352,0.3891,0.3462,10.0,36.7,31.5,29.1,16.2,5.7,15.8,12.4,15.2,8.3,11.7,10.6,31.9896946,10.34164524,2.779511213,5.793297291,0.776699007,0.5825243,0,0,0
31163,"Sherman County, Nebraska",NE,2970,60194.0,10.92,4.25,4.99,76.13,0.273,0.5714,0.0983,0.2774,0.2641,9.7,41.9,30.5,26.9,16.1,5.7,16.0,12.1,13.7,7.4,10.5,9.8,20.15662384,4.912653446,0.978898704,4.575986862,0.1790471595,0.6513130965,0,0,0
31165,"Sioux County, Nebraska",NE,1162,50833.0,17.38,3.92,5.33,71.11,0.3439,0.5676,0.1572,0.315,0.3204,11.2,43.5,33.5,29.3,18.2,6.6,16.7,13.5,17.0,9.1,12.4,11.0,63.73807907,20.5339241,5.881996632,5.354058743,0.1790471595,0.6513130965,0,0,0
31167,"Stanton County, Nebraska",NE,5828,76035.0,7.02,0.7,2.01,82.7,0.0057,0.0907,0.2879,0.013,0.0054,8.9,39.8,28.1,25.6,14.0,5.2,14.9,11.1,11.2,6.3,9.2,9.2,7.455537796,1.586704969,1.017859101,4.698638439,0.1790471595,0.6513130965,0,0,0
31169,"Thayer County, Nebraska",NE,5006,60305.0,9.67,3.18,4.09,83.37,0.1368,0.3554,0.1094,0.1966,0.1301,9.7,40.2,30.2,26.6,15.8,5.7,15.9,12.3,13.3,7.3,10.2,9.2,18.75260925,5.606667519,0.560587704,4.028206348,1.023122549,0.6513130965,0,0,0
31171,"Thomas County, Nebraska",NE,592,70069.0,6.59,0.85,2.61,90.85,0.0213,0.0207,0.3675,0.0038,0.0019,8.3,37.2,28.3,23.5,12.9,4.8,14.6,10.7,10.4,6.0,8.7,8.4,100.0,34.57364273,0.342465758,0.0,0.1790471595,0.6513130965,0,0,0
31173,"Thurston County, Nebraska",NE,6716,63459.0,18.98,10.04,8.63,76.12,0.7786,0.6188,0.9443,0.6831,0.798,13.1,46.3,35.5,30.2,21.9,6.6,17.8,14.6,23.8,13.0,16.9,11.1,3.297801971,1.322230935,5.968757153,14.96044827,0.1790471595,0.6513130965,0,0,0
31175,"Valley County, Nebraska",NE,4053,62321.0,8.85,0.58,4.23,78.91,0.0824,0.5842,0.0115,0.2851,0.1464,9.5,42.2,30.3,25.9,14.9,5.6,15.4,11.9,13.0,7.1,9.9,9.1,11.53827095,4.441221237,1.357044339,1.747303009,0.731172323,0.731172323,0,0,0
31177,"Washington County, Nebraska",NE,20884,89671.0,7.97,1.95,2.72,91.04,0.0302,0.1187,0.0983,0.0379,0.0143,8.5,40.8,28.8,21.7,12.3,4.8,14.2,10.4,9.5,5.6,7.8,7.4,20.37345695,4.970270157,2.425151348,4.197209358,0.1790471595,0.430601418,0,0,0
31179,"Wayne County, Nebraska",NE,9701,64951.0,16.62,3.37,4.9,85.88,0.2596,0.0601,0.3166,0.3013,0.1626,10.0,41.0,29.9,26.3,14.3,5.5,15.3,11.5,12.7,7.1,10.4,9.6,8.983746529,2.43868947,0.449788004,1.606665969,0.1790471595,1.053518772,0,0,0
31181,"Webster County, Nebraska",NE,3410,62571.0,7.91,1.83,2.77,86.76,0.0461,0.1814,0.2914,0.0493,0.0375,9.8,39.1,30.5,25.0,15.1,5.5,15.4,11.8,12.8,7.1,10.2,9.4,52.41216278,13.64057064,3.155533314,5.878733635,0.1790471595,0.6513130965,0,0,0
31183,"Wheeler County, Nebraska",NE,771,59167.0,10.25,1.36,1.73,76.3,0.105,0.1209,0.0013,0.0617,0.0385,8.9,38.3,29.9,23.5,13.5,5.2,14.5,10.7,10.4,6.1,8.6,8.0,89.08621216,31.321064,1.40056026,5.322128773,0.1790471595,0.6513130965,0,0,0
31185,"York County, Nebraska",NE,14212,72914.0,9.31,2.8,2.84,91.85,0.0407,0.1479,0.2959,0.5682,0.1359,9.3,41.8,29.6,25.6,15.0,5.4,15.5,11.5,12.8,6.9,10.1,9.5,19.72568321,5.54786396,1.865662813,2.500719547,0.1790471595,0.740137637,0,0,0
32001,"Churchill County, Nevada",NV,25409,69922.0,9.94,6.29,3.54,89.93,0.5161,0.7703,0.6516,0.5317,0.6271,9.8,37.9,31.1,25.2,16.4,5.8,20.1,14.6,16.2,9.5,13.8,11.7,18.93802071,5.777869701,1.855930448,5.833646774,0.1790471595,0.670267701,0,0,0
32003,"Clark County, Nevada",NV,2265926,69911.0,13.36,7.66,7.7,88.98,0.8969,0.6647,0.9217,0.7127,0.8635,11.1,31.2,32.0,26.5,14.8,5.5,19.4,14.3,19.6,10.9,17.5,15.7,19.02440643,5.186813831,1.025288224,1.860084057,0.093265742,0.891637743,0,0,0
32005,"Douglas County, Nevada",NV,49476,84262.0,7.48,3.08,2.51,92.83,0.2046,0.4448,0.5558,0.1231,0.2059,8.1,27.3,27.2,18.8,12.6,5.0,17.7,12.5,11.8,7.3,10.8,9.7,50.1302948,12.03882217,1.63814342,4.308830261,0.101857886,0.774119973,0,0,0
32007,"Elko County, Nevada",NV,53600,87755.0,10.4,4.75,5.69,87.99,0.4057,0.5721,0.741,0.7817,0.6185,10.4,37.6,30.8,25.6,16.9,5.9,19.1,14.7,17.5,10.1,14.9,14.2,16.1278019,4.08569479,1.816811562,2.976053953,0.226389468,0.773497343,0,0,0
32009,"Esmeralda County, Nevada",NV,980,40694.0,16.14,4.66,27.22,82.27,0.8638,0.7028,0.7436,0.9567,0.9077,12.1,36.6,33.1,28.9,19.0,7.1,20.3,16.5,23.8,13.2,18.8,16.6,97.19029236,43.74014282,6.20419836,7.487709045,0.1790471595,0.6513130965,0,0,0
32011,"Eureka County, Nevada",NV,1622,73929.0,17.64,0.0,5.96,95.96,0.147,0.8339,0.4814,0.5692,0.4254,12.3,37.7,34.4,29.4,21.3,7.5,21.9,17.1,22.7,12.7,17.2,13.3,46.80164719,6.252365112,3.687054634,2.785143375,0.1790471595,0.6513130965,0,0,0
32013,"Humboldt County, Nevada",NV,17266,75574.0,14.33,4.33,3.99,86.77,0.5056,0.6793,0.735,0.5495,0.616,10.1,36.0,29.0,26.1,15.6,5.7,19.0,14.4,17.6,9.7,14.9,14.4,15.65531445,5.184042931,1.122178197,2.731464863,0.294776559,0.707463741,0,0,0
32015,"Lander County, Nevada",NV,5728,92388.0,10.76,11.65,2.39,95.52,0.413,0.9135,0.678,0.363,0.5762,11.1,34.9,32.0,27.4,17.8,6.4,20.2,15.5,19.7,10.9,16.1,14.5,15.21286774,4.181688786,1.908473611,5.000506878,0.1790471595,0.906782746,0,0,0
32017,"Lincoln County, Nevada",NV,4507,67412.0,7.18,4.07,5.9,78.3,0.3175,0.5472,0.4569,0.9255,0.5749,8.8,31.7,29.4,22.1,15.6,5.4,19.3,13.4,13.4,8.0,11.8,10.0,52.59182739,14.59151936,3.141370535,6.060629368,0.775344074,0.6513130965,0,0,0
32019,"Lyon County, Nevada",NV,59435,70026.0,10.35,7.15,2.73,89.62,0.7229,0.6602,0.6424,0.1737,0.5593,9.8,35.0,31.6,25.9,16.0,5.7,19.4,14.5,16.5,9.5,13.9,13.0,39.28164673,9.797793388,2.589033842,9.319128036,0.120029494,0.41152969,0,0,0
32021,"Mineral County, Nevada",NV,4568,46625.0,18.47,5.81,1.38,80.06,0.7935,0.5829,0.8139,0.0738,0.5501,12.8,38.4,34.6,31.6,22.2,7.3,22.4,17.7,26.4,14.6,20.0,15.0,92.62212372,32.72359848,10.08535576,13.91598701,0.1790471595,0.664010644,0,0,0
32023,"Nye County, Nevada",NV,51698,53602.0,15.29,9.32,4.55,77.64,0.8339,0.8606,0.6503,0.469,0.7954,10.9,40.1,31.9,29.1,18.6,6.3,21.1,15.9,20.2,11.2,16.8,14.4,87.13883209,34.21216202,3.250520468,13.41448212,0.083239689,0.665917516,0,0,0
32027,"Pershing County, Nevada",NV,6587,66304.0,9.82,8.54,5.36,83.3,0.539,0.3341,0.7423,0.901,0.6761,10.3,35.3,31.4,25.2,16.8,6.0,18.6,14.3,17.2,9.7,14.8,15.6,15.33655167,4.427223206,1.404726148,7.752020836,0.1790471595,0.6513130965,0,0,0
32029,"Storey County, Nevada",NV,4095,86932.0,9.09,6.99,2.07,90.19,0.3732,0.476,0.4779,0.0108,0.1836,8.2,31.8,27.5,19.6,12.8,4.9,18.0,12.3,11.6,7.2,10.7,9.6,0.382494807,0.08832489,0.917049348,9.637046814,0.1790471595,0.6513130965,0,0,0
32031,"Washoe County, Nevada",NV,486674,81531.0,10.88,5.0,6.48,89.58,0.6322,0.3983,0.776,0.7849,0.6971,8.8,28.5,26.9,21.0,12.8,5.1,18.2,13.4,15.1,8.6,13.5,12.3,30.14311028,6.795343876,0.723420978,2.016392708,0.129956692,0.802797019,0,0,0
32033,"White Pine County, Nevada",NV,8997,71297.0,9.24,4.06,1.87,85.37,0.1279,0.2835,0.6538,0.4524,0.2498,10.2,34.4,31.1,25.3,17.8,6.1,20.1,15.0,18.0,10.3,15.0,13.8,54.53480911,12.45744896,0.789994657,3.942139864,0.422564983,0.633847475,0,0,0
32510,"Carson City, Nevada",NV,58249,67465.0,11.18,4.65,6.26,88.32,0.6771,0.6965,0.7308,0.9755,0.8508,9.9,33.1,29.5,23.6,14.7,5.5,19.0,13.9,16.4,9.4,14.2,13.5,14.26247215,2.744270325,0.256730467,0.977321982,0.142770454,0.749544919,0,0,0
33001,"Belknap County, New Hampshire",NH,63914,80719.0,8.57,2.73,4.0,89.41,0.2033,0.2342,0.1094,0.2221,0.1454,7.7,30.1,28.1,18.9,12.4,4.9,17.3,11.4,10.2,6.3,9.1,7.2,11.35223961,2.255423069,2.292631388,4.822187424,0.194960281,0.89356792,0,0,0
33003,"Carroll County, New Hampshire",NH,50679,77049.0,8.0,5.62,3.02,90.81,0.3761,0.1266,0.0579,0.1123,0.1406,7.0,30.5,25.2,18.0,11.2,4.8,16.7,11.0,9.6,5.9,8.9,6.9,1.534890771,0.45115453,4.498470783,7.015872478,0.345760375,0.752537251,0,0,0
33005,"Cheshire County, New Hampshire",NH,76610,76551.0,9.0,3.45,4.74,89.68,0.2291,0.0248,0.1457,0.5988,0.1702,7.5,30.2,27.9,19.5,12.4,4.9,17.3,11.6,10.6,6.6,9.4,7.4,19.2833519,4.231965065,2.750263453,5.463722706,0.157422468,0.590334237,0,0,0
33007,"Coos County, New Hampshire",NH,31430,55247.0,11.61,4.15,8.11,85.3,0.5377,0.3038,0.0881,0.72,0.4862,9.4,36.1,29.9,25.6,15.6,5.7,18.5,13.0,14.4,8.3,11.6,9.4,16.93179893,5.178309441,3.714901447,7.370907307,0.320780128,0.73779434,0,0,0
33009,"Grafton County, New Hampshire",NH,90836,79949.0,9.86,2.75,6.62,86.7,0.2148,0.084,0.328,0.6997,0.2619,7.5,26.5,27.0,18.7,11.4,4.8,16.3,10.7,10.2,6.4,9.0,7.1,10.48892117,2.505449057,3.834176064,4.863791466,0.341820031,0.849036813,0,0,0
33011,"Hillsborough County, New Hampshire",NH,422733,95112.0,6.86,3.69,5.07,92.03,0.224,0.097,0.4973,0.4391,0.2234,7.9,32.8,28.0,21.4,10.7,4.7,16.2,10.7,10.4,6.1,9.4,7.7,32.28143311,4.079732418,1.282478094,1.942497134,0.160005733,0.678233266,0,0,0
33013,"Merrimack County, New Hampshire",NH,153918,88806.0,7.25,3.64,5.12,90.62,0.1635,0.0815,0.2444,0.6701,0.2109,7.4,33.2,27.5,18.8,10.9,4.7,16.7,10.8,9.9,6.1,9.1,7.1,16.15127754,3.091001511,2.896355629,4.848712444,0.157251254,0.668317795,0,0,0
33015,"Rockingham County, New Hampshire",NH,315169,110225.0,4.84,3.44,2.99,94.35,0.0595,0.0175,0.2692,0.1161,0.02,7.1,30.7,28.9,17.4,9.9,4.3,15.8,10.1,8.8,5.3,7.8,6.3,43.04330063,5.206726551,1.495001912,2.184536934,0.131702796,0.963678956,0,0,0
33017,"Strafford County, New Hampshire",NH,130965,83212.0,9.12,3.7,5.14,90.16,0.2074,0.0086,0.335,0.7321,0.1833,7.8,33.3,29.3,19.1,11.3,4.7,17.9,10.8,10.5,6.2,9.4,7.0,24.24682236,5.66513586,2.355905294,4.161006451,0.15965575,0.669033647,0,0,0
33019,"Sullivan County, New Hampshire",NH,43356,70788.0,11.7,2.91,5.31,86.18,0.3847,0.0659,0.1457,0.3882,0.2186,8.4,33.2,29.1,22.7,13.3,5.2,17.7,11.9,12.2,7.2,10.3,8.4,33.86808014,8.469528198,2.898550272,5.500957012,0.138673812,0.46224606,0,0,0
34001,"Atlantic County, New Jersey",NJ,274339,73113.0,13.03,8.29,11.99,89.38,0.7712,0.679,0.8317,0.9026,0.853,10.3,30.9,31.0,26.7,13.2,5.2,17.2,12.7,17.4,9.3,15.0,12.6,30.11383247,7.823757648,3.538918495,4.892302513,0.28903383,0.764418423,0,0,0
34003,"Bergen County, New Jersey",NJ,953243,118714.0,6.77,5.46,7.99,93.25,0.3191,0.1553,0.8501,0.651,0.4372,8.0,25.4,28.1,20.6,8.4,4.1,14.6,9.6,11.3,6.1,10.8,10.4,10.25940514,0.894750595,0.387822747,0.191665903,0.25365597,0.902843297,0,0,0
34005,"Burlington County, New Jersey",NJ,461853,102615.0,6.58,5.07,4.82,93.1,0.1829,0.2004,0.7261,0.3299,0.2434,8.7,30.0,29.7,22.5,11.0,4.4,16.1,11.4,12.0,7.2,11.4,8.7,36.28916168,5.032445431,1.550917387,1.987011552,0.154502049,0.745640337,0,0,0
34007,"Camden County, New Jersey",NJ,522581,82005.0,12.41,7.24,10.53,89.84,0.665,0.784,0.8396,0.7025,0.7795,9.9,29.6,30.3,25.5,13.1,4.9,17.0,12.5,17.0,8.8,14.9,12.0,20.00115395,4.452288151,1.347040892,1.501850843,0.280184448,0.785305679,0,0,0
34009,"Cape May County, New Jersey",NJ,95456,83870.0,8.96,6.48,6.17,90.03,0.3885,0.3729,0.4445,0.3201,0.3541,8.0,33.9,29.0,20.4,12.5,4.8,17.0,11.8,11.7,6.7,10.8,9.2,32.8264122,8.743701935,2.86902833,3.551037788,0.305857152,1.92253077,0,0,0
34011,"Cumberland County, New Jersey",NJ,153588,62310.0,15.52,7.82,9.66,85.88,0.9418,0.8934,0.8976,0.9726,0.9793,12.1,40.4,36.0,32.0,16.6,6.1,18.4,15.2,24.7,12.3,20.6,18.9,35.17203903,11.68432236,3.084108829,5.832213879,0.278896391,0.571397483,0,0,0
34013,"Essex County, New Jersey",NJ,853374,73785.0,15.03,8.53,21.37,86.01,0.8982,0.7566,0.9644,0.9478,0.9415,11.0,29.4,29.8,28.4,12.3,5.1,16.5,12.4,21.5,10.9,18.8,14.9,8.099606514,0.748623192,0.302018166,0.205646023,0.449718356,0.727044702,0,0,0
34015,"Gloucester County, New Jersey",NJ,302621,99668.0,7.47,5.23,5.03,91.56,0.2141,0.2469,0.5867,0.2259,0.2173,8.9,31.5,33.2,22.7,12.1,4.6,17.2,11.4,12.2,6.8,11.7,8.8,41.32143021,6.468941689,2.346814156,3.71047473,0.14663507,0.750225902,0,0,0
34017,"Hudson County, New Jersey",NJ,712029,86854.0,14.16,5.82,32.52,90.28,0.8241,0.1785,0.9669,0.8365,0.7827,10.8,27.8,29.2,28.1,10.4,4.8,14.5,12.5,18.2,8.8,14.5,14.5,0.680313051,0.118932962,0.060851481,0.045699511,0.38709715,0.798015654,0,0,0
34019,"Hunterdon County, New Jersey",NJ,129099,133534.0,3.69,4.58,2.74,93.67,0.0388,0.0592,0.4725,0.0846,0.035,7.0,26.0,25.6,17.9,8.9,4.2,14.8,9.9,8.4,5.2,8.1,7.3,20.42158318,2.632977009,1.971568584,2.113049507,0.184299305,0.673093081,0,0,0
34021,"Mercer County, New Jersey",NJ,383732,92697.0,11.22,6.12,11.64,88.56,0.5597,0.4053,0.8864,0.9383,0.7445,9.8,25.5,28.4,23.9,10.7,4.7,15.2,11.2,15.8,8.1,14.3,11.9,27.95477104,3.669639111,1.374667287,0.852524698,0.313147575,0.776061356,0,0,0
34023,"Middlesex County, New Jersey",NJ,860147,105206.0,8.35,6.31,8.14,92.23,0.496,0.2361,0.9201,0.9198,0.6647,10.3,29.7,30.4,24.7,10.1,4.4,14.4,10.5,14.2,7.3,12.2,11.2,25.04345894,3.902510881,1.600314975,1.121346593,0.262538642,0.80220145,0,0,0
34025,"Monmouth County, New Jersey",NJ,643064,118527.0,6.38,5.44,6.85,92.61,0.202,0.1254,0.6223,0.3338,0.2138,7.8,30.3,27.7,18.4,9.8,4.4,14.9,9.9,9.8,5.8,9.3,8.3,34.07674789,4.699975491,1.675649405,1.86945188,0.242568895,0.937933087,0,0,0
34027,"Morris County, New Jersey",NJ,508816,130808.0,4.95,5.32,5.12,94.13,0.1142,0.097,0.6847,0.3614,0.1667,7.4,22.6,26.5,18.1,8.5,4.0,14.0,9.4,8.9,5.4,8.4,8.4,40.34281921,3.684001923,1.207485557,0.793549716,0.197521016,0.832846344,0,0,0
34029,"Ocean County, New Jersey",NJ,638691,82379.0,10.49,5.7,5.95,86.39,0.3668,0.609,0.4699,0.3385,0.4133,8.8,30.3,28.4,23.8,14.0,4.9,16.8,12.5,13.1,7.4,11.5,10.1,43.64505768,8.865035057,3.235405207,2.998572588,0.174199864,0.722847998,0,0,0
34031,"Passaic County, New Jersey",NJ,519986,84465.0,13.46,7.84,14.73,89.63,0.917,0.6866,0.922,0.8737,0.9112,11.2,31.1,29.7,30.5,12.5,5.3,16.5,13.8,23.1,10.3,18.9,18.9,15.21968079,1.825663447,0.757389486,0.990390599,0.425674796,0.7314412,0,0,0
34033,"Salem County, New Jersey",NJ,64840,73378.0,13.03,7.95,9.45,87.4,0.6134,0.7073,0.6402,0.5842,0.6739,9.7,33.8,32.3,26.5,14.8,5.4,18.3,13.1,16.6,8.9,14.4,11.6,20.82210159,8.42713356,4.222144604,7.468045712,0.192150652,0.640502155,0,0,0
34035,"Somerset County, New Jersey",NJ,344978,131948.0,5.29,4.97,4.51,95.14,0.1381,0.1072,0.8549,0.2969,0.1912,8.5,25.8,26.6,19.8,8.1,4.0,13.5,9.6,10.8,5.8,9.5,9.1,40.21159744,3.204227924,1.842244625,0.727245212,0.203442737,0.807698011,0,0,0
34037,"Sussex County, New Jersey",NJ,144808,111094.0,5.54,5.52,3.22,93.29,0.1339,0.0391,0.4741,0.0509,0.0458,7.6,26.5,28.3,20.1,11.1,4.6,16.1,10.8,10.3,6.1,9.9,8.9,42.72038269,5.345859051,2.186877012,2.323041677,0.19285439,0.535706639,0,0,0
34039,"Union County, New Jersey",NJ,572079,95000.0,8.86,6.23,10.62,90.96,0.7579,0.6118,0.9325,0.7665,0.8145,10.2,29.4,30.8,24.8,11.3,4.8,15.7,12.0,17.7,8.9,16.1,15.7,10.96178722,0.943538427,0.475345463,0.251117617,0.291684836,0.788629353,0,0,0
34041,"Warren County, New Jersey",NJ,109739,92620.0,7.74,5.97,6.31,89.58,0.287,0.1269,0.5558,0.3077,0.245,8.0,32.3,29.1,23.6,11.7,4.7,16.7,11.5,12.3,6.9,11.4,9.8,35.05494308,7.819100857,4.180241585,4.216682434,0.208286002,0.738468528,0,0,0
35001,"Bernalillo County, New Mexico",NM,674692,62220.0,16.41,5.39,6.97,86.84,0.7296,0.6564,0.9364,0.7168,0.7929,10.2,33.2,30.4,22.5,12.2,5.4,16.5,13.6,18.8,10.0,16.2,14.3,19.41802979,6.033350945,0.67426008,2.549718618,0.112958543,0.883130431,0,0,0
35003,"Catron County, New Mexico",NM,3635,44777.0,21.04,5.69,5.66,62.96,0.4384,0.4524,0.5406,0.4206,0.4483,10.6,32.2,31.3,23.2,16.3,6.4,18.7,14.8,19.1,10.5,15.4,11.7,100.0,44.09876251,0.0,5.503258705,0.1790471595,0.6513130965,0,0,0
35005,"Chaves County, New Mexico",NM,64701,49673.0,21.78,5.27,5.95,75.28,0.8683,0.9854,0.9389,0.8864,0.9701,12.9,40.3,34.3,30.4,15.5,6.5,18.0,16.4,26.3,13.2,21.1,20.7,28.15223312,16.33398628,1.2285707,8.491810799,0.092719942,0.664492905,0,0,0
35006,"Cibola County, New Mexico",NM,27211,49866.0,27.27,7.25,5.48,67.87,0.8435,0.9497,0.9844,0.9555,0.9663,14.6,39.2,33.5,28.7,19.7,7.0,19.6,17.3,29.6,16.1,22.5,16.4,39.30725098,21.92099762,4.934063435,18.44296646,0.151779622,0.531228662,0,0,0
35007,"Colfax County, New Mexico",NM,12370,46286.0,18.08,3.17,8.7,74.97,0.5775,0.6513,0.8874,0.9341,0.7989,11.4,32.1,30.4,25.2,14.0,6.0,16.8,14.7,21.1,11.0,17.5,16.9,28.47649574,14.63506222,5.619270802,15.07737827,0.335373521,0.586903691,0,0,0
35009,"Curry County, New Mexico",NM,48327,55427.0,19.34,7.9,4.28,87.27,0.9529,0.9555,0.8934,0.6042,0.9395,12.4,40.5,33.0,29.1,15.1,6.4,18.1,15.7,24.3,12.4,19.0,17.5,32.3706665,12.93207359,1.255422115,5.492627621,0.102473713,0.573852777,0,0,0
35011,"De Baca County, New Mexico",NM,1695,34702.0,16.26,8.53,5.53,74.9,0.7162,0.4232,0.9434,0.0897,0.5043,10.9,33.0,30.8,25.2,14.8,6.1,18.0,15.1,20.4,10.9,17.3,16.4,17.28959084,7.792908669,5.006334305,8.437797546,0.1790471595,0.6513130965,0,0,0
35013,"Doña Ana County, New Mexico",NM,219870,51232.0,22.76,6.82,5.7,83.6,0.9688,0.9071,0.9714,0.958,0.9873,13.1,37.5,31.4,27.8,13.1,6.0,16.2,15.5,25.6,12.5,20.6,20.1,32.85469437,16.50774193,2.308503628,11.6678791,0.099429637,0.619175434,0,0,0
35015,"Eddy County, New Mexico",NM,61264,77458.0,11.76,4.17,4.7,81.76,0.3888,0.8696,0.9017,0.5237,0.6382,10.7,39.8,30.5,26.4,13.4,5.8,17.1,14.3,19.7,10.4,17.0,17.2,30.46512794,10.17161083,2.872334003,7.308687687,0.068472043,0.667602479,0,0,0
35017,"Grant County, New Mexico",NM,28006,44895.0,20.46,7.67,4.03,83.5,0.6707,0.6936,0.889,0.6106,0.7404,11.4,33.9,30.0,25.9,13.7,6.1,17.0,14.8,22.2,11.4,17.9,16.8,26.57279205,10.7069273,3.579833031,10.78894615,0.148109749,0.592438996,0,0,0
35019,"Guadalupe County, New Mexico",NM,4413,38713.0,20.66,9.82,3.94,72.59,0.8221,0.7766,0.9889,0.7976,0.8791,14.3,37.5,33.1,31.7,14.6,6.5,16.3,16.2,29.1,13.9,22.8,24.7,28.48679352,14.35089302,0.693374693,8.013108253,0.1790471595,0.6513130965,0,0,0
35021,"Harding County, New Mexico",NM,671,39489.0,14.31,7.21,9.05,63.79,0.5485,0.6742,0.8988,0.5485,0.6615,12.4,36.5,32.5,27.7,15.6,6.6,18.0,15.8,24.4,12.5,19.1,17.9,100.0,48.14814758,8.056872368,3.791469336,0.1790471595,0.6513130965,0,0,0
35023,"Hidalgo County, New Mexico",NM,4160,53651.0,23.21,4.38,7.19,75.66,0.6984,0.8371,0.9354,0.9905,0.9179,12.6,34.7,32.0,28.9,15.3,6.5,17.7,16.1,26.0,12.9,20.6,20.6,34.43521118,15.9443388,1.71791029,5.681913376,0.1790471595,0.6513130965,0,0,0
35025,"Lea County, New Mexico",NM,73103,65855.0,17.77,7.42,4.53,82.7,0.9189,0.8301,0.9504,0.8766,0.9399,12.1,37.3,32.7,30.2,15.1,6.3,17.5,15.6,26.4,13.1,21.4,21.8,20.69598007,7.158844471,1.086197734,4.58699131,0.09745232,0.779618561,0,0,0
35027,"Lincoln County, New Mexico",NM,20222,47919.0,15.72,5.33,4.47,80.49,0.8116,0.9195,0.7916,0.5269,0.8346,9.9,30.6,30.1,22.9,13.3,5.7,17.1,13.9,17.9,9.8,15.4,13.7,38.3944664,15.32820129,2.417145967,9.9424963,0.150458902,0.852600455,0,0,0
35028,"Los Alamos County, New Mexico",NM,19253,135801.0,3.71,1.91,1.19,93.47,0.0003,0.0255,0.658,0.0789,0.0099,6.7,25.1,24.3,12.7,7.1,4.0,13.0,9.0,6.9,4.7,6.9,5.9,44.5509758,5.03830862,2.157567501,0.764754355,0.154146537,0.822114885,0,0,0
35029,"Luna County, New Mexico",NM,25393,38241.0,23.29,6.96,8.12,76.57,0.9577,1.0,0.9704,0.9367,0.9997,15.0,36.9,34.2,34.6,18.0,7.6,18.9,18.6,35.2,17.0,26.5,26.6,37.4185524,23.86466599,4.823515415,15.54967976,0.1790471595,0.75298053,0,0,0
35031,"McKinley County, New Mexico",NM,72073,44029.0,33.58,9.65,11.84,53.12,0.9325,0.9208,0.9968,0.8985,0.9695,17.9,41.4,36.8,31.8,27.1,8.9,23.7,21.8,43.0,24.0,30.2,15.3,54.69831085,34.09993362,8.579479218,22.60647202,0.141195074,0.762453377,0,0,0
35033,"Mora County, New Mexico",NM,4208,40231.0,21.73,7.41,7.17,53.42,0.399,0.9873,0.9831,0.1562,0.6169,12.7,33.7,29.8,27.6,11.2,5.7,15.2,14.3,23.9,11.8,20.4,21.3,99.99931335,59.96035385,6.21319294,31.20521164,0.1790471595,0.6513130965,0,0,0
35035,"Otero County, New Mexico",NM,67850,50833.0,19.36,9.56,4.89,85.92,0.8594,0.9192,0.8851,0.8686,0.9294,11.8,38.1,32.4,24.4,15.7,6.3,17.5,15.0,23.2,12.1,18.6,15.9,23.91879654,7.901750565,2.995649576,9.296919823,0.117704183,0.456103683,0,0,0
35037,"Quay County, New Mexico",NM,8641,38998.0,24.89,4.76,8.04,62.82,0.8762,0.9898,0.8832,0.2943,0.8711,12.7,38.2,33.1,29.2,16.6,6.8,18.4,16.3,26.4,13.4,20.4,18.7,38.03369141,18.20368958,0.517609358,4.304809093,0.1790471595,0.853970945,0,0,0
35039,"Rio Arriba County, New Mexico",NM,40285,52031.0,21.83,6.01,3.78,66.71,0.7152,0.9437,0.9911,0.2545,0.763,13.7,40.2,30.5,29.0,14.9,6.1,17.5,16.1,27.6,14.1,22.3,20.3,38.16836929,0.0,4.69950819,9.36051178,0.103839464,0.623036802,0,0,0
35041,"Roosevelt County, New Mexico",NM,19142,52644.0,20.57,6.63,6.23,82.37,0.9182,0.8737,0.8743,0.9106,0.951,11.7,34.7,31.5,27.6,15.0,6.3,18.0,15.4,22.5,11.6,18.2,16.5,31.61528206,14.74964714,2.523630381,11.44309998,0.1790471595,0.599455059,0,0,0
35043,"Sandoval County, New Mexico",NM,149460,76424.0,10.09,5.89,2.97,88.52,0.3201,0.6672,0.9122,0.1435,0.3933,9.7,32.6,29.3,21.1,11.4,5.0,16.6,12.8,16.6,9.2,14.5,12.8,53.10556793,18.42216682,1.635371327,7.402852535,0.08730457,0.496964484,0,0,0
35045,"San Juan County, New Mexico",NM,121798,50734.0,24.5,8.91,6.11,67.42,0.9637,0.9201,0.9389,0.8234,0.9669,12.8,35.2,31.1,25.8,20.5,7.0,20.4,17.5,27.4,15.9,21.3,13.3,39.11338425,19.21331024,3.448444843,11.68083858,0.097314127,0.875827193,0,0,0
35047,"San Miguel County, New Mexico",NM,27215,43490.0,23.54,6.94,7.35,71.61,0.8772,0.9593,0.9873,0.9866,0.9854,13.3,38.0,30.2,29.8,12.3,5.9,16.3,15.3,26.1,12.8,21.5,21.2,45.40672684,22.67533112,2.519139528,11.32188988,0.110521659,0.699970543,0,0,0
35049,"Santa Fe County, New Mexico",NM,154481,70522.0,12.33,5.38,4.25,85.88,0.6462,0.692,0.91,0.7057,0.7633,9.3,25.9,25.3,19.8,10.4,5.0,15.0,12.5,15.9,8.7,14.0,14.0,30.20224571,9.345155716,0.837413967,4.522116184,0.14478828,0.730522692,0,0,0
35051,"Sierra County, New Mexico",NM,11506,35256.0,25.2,4.74,7.44,77.6,0.5746,0.8508,0.7646,0.742,0.7677,11.9,38.1,32.3,27.2,17.3,6.8,19.0,16.3,24.0,12.6,18.8,16.4,29.21414757,14.96696663,1.437048793,11.40128994,0.1790471595,0.644152045,0,0,0
35053,"Socorro County, New Mexico",NM,16453,40699.0,30.53,4.42,4.91,54.8,0.7194,0.7948,0.9475,0.9637,0.8972,13.2,37.5,32.1,29.9,16.8,6.7,18.5,16.8,27.5,14.1,21.4,18.9,50.15951157,27.28339767,4.497401237,9.551052094,0.1790471595,0.483646691,0,0,0
35055,"Taos County, New Mexico",NM,34475,55145.0,14.85,5.91,4.5,83.22,0.6176,0.8972,0.9411,0.2895,0.6955,10.7,28.1,28.3,22.7,11.7,5.4,15.9,13.3,18.8,10.0,15.6,15.0,28.21139526,13.80236435,3.33122921,12.48568726,0.276132911,0.889761627,0,0,0
35057,"Torrance County, New Mexico",NM,15203,50727.0,21.31,10.75,4.98,74.37,0.8142,0.7776,0.881,0.4047,0.7712,13.0,34.7,33.2,29.0,17.5,7.0,19.0,16.8,26.5,13.6,20.6,18.8,40.66382599,21.64580536,3.578962803,19.77126122,0.1790471595,0.387446731,0,0,0
35059,"Union County, New Mexico",NM,4074,41714.0,17.81,5.76,7.93,79.63,0.6666,0.9901,0.8584,0.9771,0.9526,11.8,34.7,32.2,26.5,15.9,6.4,17.6,15.4,22.7,11.8,18.2,17.7,26.81342697,11.00983524,3.18244648,5.882890224,0.1790471595,1.490312934,0,0,0
35061,"Valencia County, New Mexico",NM,76613,56246.0,17.76,7.53,2.71,77.18,0.8307,0.9322,0.9561,0.6198,0.8823,12.4,35.6,31.0,28.0,13.7,6.0,17.1,15.4,24.3,12.3,20.0,19.2,58.79921341,26.91902161,2.679676771,15.32322884,0.064454585,0.567200363,0,0,0
36001,"Albany County, New York",NY,315041,78829.0,12.55,5.25,12.47,88.32,0.3115,0.1737,0.6656,0.8021,0.461,8.4,30.9,29.8,21.0,11.4,4.8,15.8,11.3,12.9,7.4,11.9,5.7,31.40259743,5.542281151,2.522656679,2.464141369,0.283217072,1.10652256,0,0,0
36003,"Allegany County, New York",NY,47222,58725.0,17.05,7.31,7.29,83.99,0.4973,0.1362,0.119,0.8155,0.4543,9.5,36.1,32.0,24.8,15.4,5.8,18.6,13.6,15.0,8.5,13.3,6.4,3.880245447,1.324866772,5.703022003,11.79974556,0.285169005,0.39484942,0,0,0
36005,"Bronx County, New York",NY,1443229,47036.0,26.91,11.2,60.18,83.78,0.9787,0.9545,0.9952,0.9806,0.9965,14.8,33.7,34.6,37.5,13.4,6.3,16.9,16.3,37.5,16.5,31.4,15.9,0.55486691,0.000549663,0.001491111,0.00141942,0.778650582,0.675163567,0,0,0
36007,"Broome County, New York",NY,198365,58317.0,19.08,6.94,12.55,87.19,0.6227,0.5224,0.5065,0.8972,0.7248,9.5,34.8,31.7,23.8,14.6,5.7,17.6,13.0,15.8,9.0,14.1,6.7,16.36899757,3.673752308,2.059225798,3.794369459,0.205891669,0.791891038,0,0,0
36009,"Cattaraugus County, New York",NY,77000,56889.0,17.42,5.4,10.44,80.3,0.6096,0.6087,0.328,0.8358,0.6809,9.6,35.9,32.3,26.8,17.1,6.0,19.2,14.3,17.3,9.5,14.4,7.0,7.871064186,2.414954424,4.579934597,8.791672707,0.224088162,0.645901144,0,0,0
36011,"Cayuga County, New York",NY,76171,63227.0,13.46,4.26,10.0,85.51,0.4524,0.2062,0.342,0.8839,0.5208,9.3,35.7,31.0,26.4,15.5,5.7,18.3,13.7,15.8,8.8,13.7,7.1,3.304559946,0.993632674,2.267737865,5.478096008,0.157834515,0.618185163,0,0,0
36013,"Chautauqua County, New York",NY,127440,54625.0,17.54,5.42,11.8,84.63,0.6147,0.7579,0.4085,0.798,0.7229,10.0,36.7,31.6,26.3,15.5,5.9,18.4,14.0,17.3,9.4,15.0,7.8,14.42107487,5.647708893,3.515075922,7.113282204,0.222165793,0.745842338,0,0,0
36015,"Chemung County, New York",NY,83584,61358.0,15.18,6.33,10.17,85.07,0.5616,0.5507,0.434,0.7156,0.6093,9.3,30.8,31.6,25.1,15.3,5.6,18.6,13.4,15.8,8.7,13.6,6.7,24.90143013,6.183996201,2.500524282,4.235170364,0.193653017,0.593062401,0,0,0
36017,"Chenango County, New York",NY,47096,61741.0,12.42,7.1,8.37,85.92,0.4604,0.4779,0.1225,0.6898,0.4833,9.3,36.1,30.2,25.7,15.7,5.8,18.9,13.6,15.9,8.6,13.4,6.9,4.061108589,1.81331861,3.704643965,10.67508221,0.213995293,0.534988225,0,0,0
36019,"Clinton County, New York",NY,79839,67097.0,13.04,4.66,9.48,85.99,0.384,0.0837,0.2984,0.9103,0.4445,9.1,33.8,30.5,25.9,15.2,5.7,18.7,13.3,14.7,8.3,12.9,6.7,9.279558182,3.226374865,3.831045866,10.1289072,0.1629522,0.68941313,0,0,0
36021,"Columbia County, New York",NY,61469,81741.0,10.27,5.93,6.21,85.91,0.3519,0.4582,0.4518,0.5192,0.427,8.5,30.7,28.6,22.3,12.9,5.2,16.6,11.8,13.0,7.4,11.7,6.2,16.74766731,7.129683971,5.907968521,9.090582848,0.302348226,0.755870581,0,0,0
36023,"Cortland County, New York",NY,46755,65029.0,12.92,5.36,8.99,84.15,0.4165,0.0305,0.265,0.8444,0.3684,8.6,32.3,30.0,23.9,14.4,5.5,18.2,13.0,13.7,7.9,12.3,6.1,17.63157845,4.311292648,2.283779383,5.554063797,0.190787107,0.805545568,0,0,0
36025,"Delaware County, New York",NY,44637,58338.0,14.8,6.11,7.44,84.53,0.5275,0.4938,0.265,0.5822,0.5142,9.2,33.4,31.8,26.3,15.4,5.8,18.3,13.6,15.8,8.6,13.4,7.1,11.44576931,3.697584867,3.867194891,9.831009865,0.204834089,0.523464859,0,0,0
36027,"Dutchess County, New York",NY,296467,94578.0,8.57,4.97,7.19,91.83,0.3058,0.1613,0.6828,0.7696,0.447,8.3,28.5,29.2,20.7,11.3,4.8,15.9,11.1,13.0,7.4,12.6,6.9,35.86144638,5.65729475,2.729544401,3.712541819,0.272764772,0.886485517,0,0,0
36029,"Erie County, New York",NY,951232,68014.0,13.75,4.95,12.05,87.86,0.3602,0.4235,0.6233,0.6395,0.4913,9.1,33.0,29.0,23.7,12.8,5.2,17.0,12.2,14.2,8.1,13.2,6.1,20.90292358,5.754789352,2.355763197,2.953188896,0.300902367,0.829662025,0,0,0
36031,"Essex County, New York",NY,37314,68090.0,10.43,5.07,9.43,87.67,0.3096,0.279,0.2164,0.6424,0.3516,8.5,34.7,29.5,23.4,14.0,5.4,17.5,12.7,13.1,7.5,11.7,6.3,2.862895489,0.657721639,5.455912113,8.330189705,0.433710128,0.758992732,0,0,0
36033,"Franklin County, New York",NY,47459,60270.0,17.88,5.15,11.03,83.0,0.5539,0.1425,0.4683,0.8626,0.5597,10.0,40.8,31.6,27.5,16.7,6.0,18.7,14.1,17.3,9.5,14.6,7.3,20.72543526,7.580832958,5.023666859,10.5889349,0.260182142,0.640448332,0,0,0
36035,"Fulton County, New York",NY,53280,60557.0,13.92,4.31,10.03,84.77,0.4566,0.2603,0.3016,0.5189,0.3977,9.5,35.5,32.3,26.7,16.2,5.9,19.1,14.1,16.7,8.9,14.0,7.2,12.5445919,3.805250406,2.141961813,5.152746201,0.208286002,0.738468528,0,0,0
36037,"Genesee County, New York",NY,58204,68178.0,10.45,4.73,9.81,87.98,0.2234,0.1139,0.2959,0.5501,0.2335,8.5,30.1,29.8,23.3,13.9,5.3,17.9,12.6,13.4,7.7,12.3,6.2,9.766950607,1.545612216,2.934351683,4.7477808,0.15791136,0.614099741,0,0,0
36039,"Greene County, New York",NY,48067,70294.0,10.41,2.8,8.61,80.32,0.2899,0.1597,0.4569,0.7961,0.4076,8.9,34.5,29.7,24.2,13.9,5.4,17.4,13.0,14.6,8.1,13.0,7.1,11.70697117,1.965435028,6.303285599,6.474390507,0.275557995,0.657099843,0,0,0
36041,"Hamilton County, New York",NY,5090,66891.0,10.72,4.91,2.38,86.26,0.3474,0.2122,0.2062,0.1012,0.1654,8.5,30.8,29.5,23.7,14.2,5.5,18.0,12.8,13.4,7.7,12.1,6.2,53.34661102,12.1992979,4.495077133,7.534887314,0.690448821,1.150748014,0,0,0
36043,"Herkimer County, New York",NY,60293,68104.0,12.05,4.16,10.06,86.11,0.2071,0.2596,0.182,0.6357,0.2755,8.8,37.0,30.1,26.2,15.1,5.5,18.4,13.3,14.1,8.0,12.8,6.3,12.39382076,4.176801682,3.079213381,7.422146797,0.164082363,0.623512983,0,0,0
36045,"Jefferson County, New York",NY,117445,62782.0,12.79,6.41,8.49,88.97,0.5453,0.3796,0.5237,0.9252,0.6653,9.7,38.8,30.3,25.5,14.8,5.6,17.6,12.8,14.8,8.4,13.5,7.1,15.23918629,5.86739254,3.117326736,7.533452511,0.259031415,0.730838597,0,0,0
36047,"Kings County, New York",NY,2679620,74692.0,18.97,7.27,55.32,86.4,0.8775,0.5352,0.9395,0.9249,0.8874,11.1,25.0,28.8,25.7,12.2,5.1,15.6,12.4,23.7,11.1,19.2,8.9,0.014900838,0.00164707,0.001055073,0.000916144,0.795215607,0.849963009,0,0,0
36049,"Lewis County, New York",NY,26690,64401.0,13.09,5.16,5.58,83.92,0.3023,0.2106,0.0675,0.2676,0.1925,9.2,40.7,30.2,26.0,15.4,5.7,18.6,13.7,14.6,8.2,12.9,6.6,13.56959057,4.488314152,3.825249434,12.66269207,0.152747542,0.420055747,0,0,0
36051,"Livingston County, New York",NY,61980,70443.0,11.71,4.67,5.99,87.51,0.2453,0.0471,0.3016,0.6328,0.2294,8.5,31.9,29.9,22.4,13.3,5.3,17.3,12.3,13.1,7.5,12.0,6.1,17.98459435,3.909716368,4.287624359,7.959926605,0.176287696,0.737203121,0,0,0
36053,"Madison County, New York",NY,68020,68869.0,9.53,4.06,6.08,87.08,0.1689,0.0452,0.2536,0.6207,0.1801,8.3,37.2,29.1,21.6,13.4,5.1,17.7,12.3,12.4,7.3,11.6,5.7,16.78334618,5.784473419,3.803923368,8.660600662,0.156077072,0.624308288,0,0,0
36055,"Monroe County, New York",NY,756406,71450.0,13.45,5.27,10.93,88.59,0.4136,0.6093,0.6806,0.7162,0.5943,9.6,31.8,30.1,24.5,12.1,5.1,16.2,12.4,14.0,8.1,13.2,6.3,33.90509796,6.860401154,2.229092121,2.725782156,0.256444871,0.767984867,0,0,0
36057,"Montgomery County, New York",NY,49624,58033.0,15.11,5.91,12.84,80.4,0.6895,0.8867,0.5501,0.7232,0.7881,9.5,38.9,30.5,26.4,15.5,5.8,18.1,13.8,18.5,9.5,15.7,8.8,37.94712067,18.37029076,11.36700726,17.06442642,0.162700832,0.69147855,0,0,0
36059,"Nassau County, New York",NY,1389160,137709.0,5.38,4.65,6.55,92.96,0.1324,0.1696,0.8129,0.5584,0.2778,8.3,28.3,27.4,22.0,8.7,4.2,14.2,10.3,11.9,6.5,11.6,6.4,5.554959297,0.48446238,0.182874501,0.128406003,0.356684566,1.024913192,0,0,0
36061,"New York County, New York",NY,1645867,99880.0,15.79,6.77,77.87,89.62,0.6268,0.0996,0.8896,0.9784,0.7283,8.4,19.5,25.8,20.0,8.5,4.4,14.8,10.9,15.0,7.7,13.0,6.7,0.000126114,0.0,0.0,0.0,0.633999348,1.630284071,0,0,0
36063,"Niagara County, New York",NY,212230,65882.0,12.97,5.78,10.67,87.02,0.3595,0.489,0.4604,0.5383,0.4454,8.9,39.4,31.4,24.8,14.0,5.3,17.8,13.1,14.3,8.2,13.2,6.1,19.84074402,5.264255047,2.301586151,3.890724421,0.172748044,0.748574853,0,0,0
36065,"Oneida County, New York",NY,231055,66402.0,14.43,4.43,10.6,86.82,0.3907,0.7401,0.5237,0.9259,0.6828,9.5,36.4,31.8,26.8,14.7,5.6,18.0,13.0,15.8,8.8,13.9,7.0,18.24695396,5.597000599,2.978991032,5.251781464,0.228726253,0.690577328,0,0,0
36067,"Onondaga County, New York",NY,472637,71479.0,13.91,5.65,12.24,87.3,0.4146,0.4881,0.6045,0.804,0.588,9.3,37.4,31.9,22.3,12.4,5.3,17.5,12.4,14.3,8.1,13.2,6.1,26.73101807,6.07886076,2.820817232,3.288980246,0.228651568,0.857987761,0,0,0
36069,"Ontario County, New York",NY,112288,76603.0,9.0,3.96,6.51,89.67,0.1327,0.3242,0.3484,0.6367,0.2682,8.1,30.8,28.2,20.4,11.9,5.0,16.8,11.6,11.7,6.9,11.2,5.8,9.89011097,3.046792984,3.453788757,5.440070629,0.136250913,0.753921747,0,0,0
36071,"Orange County, New York",NY,401237,91806.0,13.01,5.35,8.6,87.55,0.5097,0.6246,0.776,0.882,0.7299,10.1,32.4,29.6,25.6,12.2,5.2,16.5,12.6,16.9,9.1,15.9,9.0,33.80535889,5.970878124,2.243069649,2.858850002,0.25958249,0.789130747,0,0,0
36073,"Orleans County, New York",NY,40148,61069.0,12.58,6.08,7.63,86.03,0.6427,0.3958,0.42,0.6201,0.58,9.3,32.8,30.3,26.8,15.9,5.7,18.7,13.7,16.9,9.0,14.5,7.7,9.242123604,3.825790405,5.201228142,10.13663197,0.150082543,0.350192606,0,0,0
36075,"Oswego County, New York",NY,118037,65054.0,17.13,7.35,8.46,89.44,0.6137,0.2094,0.1985,0.9227,0.5962,9.4,36.7,31.3,27.6,16.2,5.9,19.1,13.9,15.2,8.7,13.5,6.8,7.887203217,2.469590425,3.224243402,9.528508186,0.171901047,0.653223991,0,0,0
36077,"Otsego County, New York",NY,59678,65778.0,12.98,4.96,6.98,85.34,0.3417,0.0986,0.3086,0.6796,0.3287,9.0,32.1,29.5,23.8,14.0,5.5,18.1,13.1,13.9,8.1,12.5,6.3,34.20439911,10.63275528,5.318503857,9.29800415,0.255532265,0.562170982,0,0,0
36079,"Putnam County, New York",NY,97942,120970.0,6.34,4.42,4.09,94.24,0.1209,0.062,0.6115,0.2326,0.1187,7.7,27.3,25.5,20.4,9.6,4.4,14.9,10.5,11.2,6.3,11.1,6.9,53.55994415,6.696394444,2.076292276,2.091476917,0.263873667,0.751025021,0,0,0
36081,"Queens County, New York",NY,2360826,82431.0,11.69,7.02,36.74,89.29,0.8282,0.1899,0.9765,0.8772,0.8024,12.2,23.8,29.8,29.7,11.0,4.9,14.4,12.0,22.7,10.3,18.6,10.9,0.570364594,0.074554645,0.056804571,0.028910929,0.591691792,0.927747548,0,0,0
36083,"Rensselaer County, New York",NY,160943,83734.0,11.47,5.59,10.29,89.92,0.2727,0.2396,0.5183,0.7302,0.4047,8.5,31.7,28.8,22.5,12.2,5.0,16.9,11.9,12.9,7.3,11.9,5.9,23.62350082,4.096446514,2.192795515,3.136325598,0.221367672,0.765299678,0,0,0
36085,"Richmond County, New York",NY,492925,96185.0,10.36,5.43,15.23,88.42,0.4413,0.3328,0.8021,0.811,0.5956,10.1,30.0,30.3,25.5,12.1,4.8,15.5,12.0,16.4,8.4,14.5,7.9,0.999840617,0.156763524,0.054732054,0.049100369,0.410243899,0.698466539,0,0,0
36087,"Rockland County, New York",NY,337326,106173.0,15.07,6.22,9.87,87.43,0.6087,0.5062,0.7607,0.8915,0.7471,9.9,30.9,29.1,26.3,11.8,5.2,15.8,11.8,16.8,8.7,15.3,8.5,27.64845657,4.358373642,1.587687612,1.710869074,0.306536913,0.827649653,0,0,0
36089,"St. Lawrence County, New York",NY,108670,58339.0,17.04,6.27,10.4,83.95,0.6701,0.2854,0.2265,0.9815,0.7108,10.2,42.9,33.2,27.4,16.4,6.0,19.2,14.1,15.8,9.1,13.8,6.9,16.42942238,7.289181709,4.575943947,9.093643188,0.167933941,0.494472176,0,0,0
36091,"Saratoga County, New York",NY,236328,97038.0,6.55,3.54,4.76,91.59,0.0519,0.035,0.335,0.3611,0.0649,7.6,32.8,27.3,18.5,10.7,4.6,16.1,10.7,9.6,5.9,9.7,4.9,24.36357689,3.573747873,1.841451883,3.431304216,0.117239401,0.703436434,0,0,0
36093,"Schenectady County, New York",NY,159447,75056.0,11.59,5.98,12.25,87.45,0.4012,0.1744,0.6634,0.7388,0.4874,8.9,34.6,29.8,21.9,12.5,5.1,16.6,11.9,14.7,8.2,13.3,6.4,18.82271385,2.981472254,1.28890121,1.512651086,0.30252707,0.740225792,0,0,0
36095,"Schoharie County, New York",NY,29970,71479.0,10.14,5.29,6.26,84.5,0.2704,0.1044,0.2914,0.7576,0.3172,8.7,33.0,30.4,23.6,14.3,5.4,17.9,12.6,13.4,7.7,12.1,6.4,6.876482964,1.266501784,3.558207989,10.8081522,0.128485158,0.353334188,0,0,0
36097,"Schuyler County, New York",NY,17855,61316.0,15.75,5.67,5.91,84.07,0.4267,0.1343,0.119,0.5507,0.3159,9.1,31.2,30.2,24.1,15.3,5.8,18.3,13.4,15.0,8.4,13.0,6.5,0.816811085,0.355540305,4.674413204,11.7019701,0.1790471595,0.508905828,0,0,0
36099,"Seneca County, New York",NY,33651,64050.0,13.14,4.51,8.74,83.91,0.6564,0.2902,0.3535,0.707,0.5737,9.1,34.8,30.6,26.7,15.7,5.8,18.5,13.7,16.2,8.8,13.9,7.6,6.570611,2.060899496,5.136878967,6.746052742,0.176517308,0.706069231,0,0,0
36101,"Steuben County, New York",NY,93584,62506.0,13.43,6.31,9.44,85.21,0.4349,0.4378,0.1861,0.6764,0.4683,9.0,34.7,29.8,24.5,15.0,5.6,18.1,13.0,14.4,8.2,12.6,6.3,14.14418221,4.400601387,3.527131796,6.761196613,0.221853644,0.570480764,0,0,0
36103,"Suffolk County, New York",NY,1524486,122498.0,6.49,4.76,5.22,91.87,0.223,0.1114,0.7226,0.4321,0.2596,8.3,29.7,27.6,23.1,9.7,4.6,15.4,11.0,13.2,7.0,12.5,7.7,28.50735474,4.040906429,1.276767492,1.548387051,0.296417296,0.944194198,0,0,0
36105,"Sullivan County, New York",NY,78725,67841.0,14.84,7.2,9.87,85.73,0.7499,0.7652,0.6901,0.9475,0.8654,10.0,31.8,31.0,27.4,13.8,5.6,16.9,13.2,17.7,9.4,15.4,9.0,4.648905754,2.845617533,5.581665993,8.651579857,0.435344726,0.804728091,0,0,0
36107,"Tioga County, New York",NY,48344,70427.0,10.16,5.59,6.53,88.32,0.2584,0.0939,0.119,0.279,0.1505,8.6,30.5,30.2,24.2,14.3,5.4,17.9,12.9,13.7,7.8,12.3,6.2,8.309746742,1.060449362,2.816928625,9.530830383,0.208750829,0.459251851,0,0,0
36109,"Tompkins County, New York",NY,102555,69995.0,16.04,4.69,13.28,88.83,0.3312,0.0197,0.5829,0.9131,0.3907,8.2,27.6,27.9,19.0,10.8,4.8,15.8,11.2,11.2,6.7,10.4,4.9,15.15502834,5.448311329,3.846415043,5.428074837,0.197906151,0.692671537,0,0,0
36111,"Ulster County, New York",NY,182153,77197.0,14.71,5.05,7.19,90.77,0.5043,0.2125,0.6115,0.7811,0.5511,8.8,30.6,31.7,22.8,12.1,5.2,16.6,12.2,13.7,8.0,13.1,6.9,23.35189056,6.136865616,3.812235355,6.88612318,0.253212988,0.821535468,0,0,0
36113,"Warren County, New York",NY,65684,74531.0,8.63,4.2,8.54,87.67,0.2319,0.1279,0.1985,0.4171,0.1954,8.3,30.9,28.7,21.5,12.6,5.0,17.3,12.2,11.9,7.1,11.0,5.7,31.80028915,5.33446312,2.902832747,4.928277493,0.329380751,0.988142312,0,0,0
36115,"Washington County, New York",NY,61310,68703.0,11.38,5.13,8.83,85.15,0.4505,0.2523,0.2485,0.6087,0.4127,8.6,31.2,30.0,24.8,14.9,5.4,18.1,13.1,13.9,7.9,12.5,6.7,7.454498291,2.364860296,3.100852251,7.45388937,0.16500017,0.610500634,0,0,0
36117,"Wayne County, New York",NY,91324,71007.0,11.01,4.29,7.29,87.15,0.3226,0.342,0.3446,0.5294,0.3633,8.6,37.1,28.0,24.2,14.2,5.4,17.8,12.8,14.0,7.9,12.7,6.6,6.118927479,1.94234848,3.109819889,6.31877327,0.179093122,0.749952435,0,0,0
36119,"Westchester County, New York",NY,997904,114651.0,8.54,6.04,14.18,91.27,0.4216,0.3821,0.8641,0.9373,0.6685,8.8,25.9,25.7,21.0,9.3,4.4,14.3,10.3,13.1,7.1,12.8,8.0,14.04479885,1.358505607,0.5390203,0.341424406,0.436942548,0.824185491,0,0,0
36121,"Wyoming County, New York",NY,40338,65066.0,10.7,4.08,7.7,83.55,0.2606,0.0636,0.3322,0.5686,0.2399,9.0,35.4,31.4,24.6,15.2,5.6,18.0,13.1,15.1,8.4,13.4,7.4,21.70919418,4.26445055,3.444721937,7.138546467,0.202711269,0.608133793,0,0,0
36123,"Yates County, New York",NY,24713,63974.0,14.22,3.23,13.05,77.57,0.6522,0.1581,0.0675,0.9173,0.5724,8.9,34.5,29.7,25.0,15.8,5.7,18.5,13.5,15.7,8.6,13.3,7.3,0.594209492,0.179223657,6.716108322,6.558466911,0.403551251,0.403551251,0,0,0
37001,"Alamance County, North Carolina",NC,171779,60866.0,14.22,4.99,4.96,86.12,0.6643,0.5266,0.7668,0.7076,0.7136,10.7,38.9,33.4,23.7,14.3,5.7,18.0,12.6,17.2,9.3,14.2,12.2,24.99435997,11.11197567,2.116954803,7.312874317,0.151739761,0.747026503,0,0,0
37003,"Alexander County, North Carolina",NC,36505,62764.0,12.25,5.58,2.81,83.61,0.4922,0.2924,0.4018,0.5466,0.4559,10.1,36.2,33.5,24.7,17.1,6.1,19.1,13.4,15.8,8.7,12.5,11.7,20.40504646,7.593864441,2.504802465,9.91931057,0.1790471595,0.400630325,0,0,0
37005,"Alleghany County, North Carolina",NC,10989,42115.0,19.55,5.32,5.63,79.77,0.8613,0.4998,0.3977,0.5807,0.7168,11.2,36.6,34.7,26.8,17.9,6.7,19.3,14.4,18.5,10.0,14.0,13.7,4.276329994,1.990655303,2.678043127,15.182477,0.268000722,0.625334978,0,0,0
37007,"Anson County, North Carolina",NC,22200,42000.0,19.35,6.42,7.11,84.12,0.9736,0.8034,0.8969,0.8256,0.9529,14.6,43.4,42.0,31.7,20.2,7.0,20.2,15.1,28.2,14.5,21.6,14.5,8.414905548,4.626757622,6.935573578,15.49555683,0.1790471595,0.705482006,0,0,0
37009,"Ashe County, North Carolina",NC,26759,49176.0,14.12,5.1,4.19,80.01,0.5632,0.6382,0.2164,0.2695,0.4518,9.9,36.3,33.5,23.8,16.2,6.1,18.9,13.2,14.6,8.3,11.5,11.2,22.15604019,10.58077335,5.057139874,12.29942226,0.220864311,0.625782251,0,0,0
37011,"Avery County, North Carolina",NC,17679,53513.0,11.22,5.01,4.47,81.82,0.6624,0.4986,0.3675,0.909,0.7191,10.2,37.4,33.8,23.8,16.5,6.3,18.4,13.2,15.1,8.5,12.0,11.5,0.301313251,0.193396091,3.215387344,12.64223957,0.170735866,0.682943463,0,0,0
37013,"Beaufort County, North Carolina",NC,44711,56081.0,17.05,5.6,5.81,81.05,0.8654,0.8451,0.7156,0.447,0.8066,11.4,37.0,36.2,26.0,16.8,6.2,18.9,13.4,19.3,10.3,15.4,11.8,20.74079895,9.189439774,3.871186018,11.01876926,0.169948801,0.807256818,0,0,0
37015,"Bertie County, North Carolina",NC,17818,41652.0,21.41,6.4,11.31,64.63,0.9784,0.658,0.9446,0.9138,0.9586,14.9,43.4,42.7,31.8,19.2,6.8,19.6,14.6,28.7,14.6,22.2,13.8,45.94849014,24.48535538,8.900052071,24.41266632,0.1790471595,0.42753312,0,0,0
37017,"Bladen County, North Carolina",NC,29807,40476.0,24.42,5.48,7.87,80.36,0.86,0.7709,0.8352,0.5848,0.8326,12.7,41.3,38.9,29.1,17.5,6.5,19.5,14.1,22.5,12.0,17.8,12.8,14.38751698,7.251146317,7.072844505,21.05590439,0.182309866,0.729239464,0,0,0
37019,"Brunswick County, North Carolina",NC,139721,71193.0,9.08,5.0,2.35,92.77,0.3535,0.1244,0.504,0.2004,0.2275,8.9,32.9,30.1,19.9,13.0,5.2,17.2,11.2,11.9,7.0,10.4,8.9,28.02647972,8.61262989,3.05479002,9.662409782,0.154322028,0.751481175,0,0,0
37021,"Buncombe County, North Carolina",NC,269449,66531.0,11.24,3.64,5.41,85.89,0.5094,0.3691,0.4839,0.8409,0.5994,8.9,31.2,31.2,19.2,12.5,5.2,16.6,11.3,12.1,7.1,10.1,9.3,29.42600441,9.815886497,1.925950885,4.876755238,0.242905453,1.001984954,0,0,0
37023,"Burke County, North Carolina",NC,87799,53732.0,16.95,5.99,4.61,79.86,0.7149,0.6793,0.5148,0.6249,0.7079,10.9,36.7,34.1,26.7,17.4,6.4,19.0,13.7,17.4,9.4,13.4,12.4,24.90929031,10.00510883,3.110591412,11.32079697,0.154836431,0.696763933,0,0,0
37025,"Cabarrus County, North Carolina",NC,226396,83828.0,8.41,4.88,3.73,90.61,0.3614,0.4817,0.7706,0.3376,0.4321,9.9,32.7,32.7,21.3,12.1,5.1,16.6,11.1,13.7,7.7,11.8,10.2,31.66428757,8.268493652,1.497792721,4.631932735,0.167058721,0.835293651,0,0,0
37027,"Caldwell County, North Carolina",NC,80716,52362.0,13.25,5.78,4.8,83.24,0.7257,0.6981,0.4018,0.4808,0.6503,10.3,33.2,33.5,25.5,17.3,6.2,19.3,13.8,16.6,9.0,12.8,12.1,35.098526,15.36831379,3.055941105,11.57953453,0.14616321,0.730816066,0,0,0
37029,"Camden County, North Carolina",NC,10547,79120.0,5.87,5.72,1.29,92.95,0.2561,0.6032,0.546,0.1021,0.2523,8.8,34.4,31.0,20.1,12.8,5.0,17.2,11.1,11.0,6.6,9.8,8.6,3.623453617,1.049647093,1.903942227,10.43954182,0.1790471595,0.273124546,0,0,0
37031,"Carteret County, North Carolina",NC,68353,66965.0,9.67,4.87,3.94,91.26,0.4547,0.2558,0.4057,0.4432,0.3888,8.7,33.7,31.3,19.9,13.1,5.3,17.2,11.5,11.4,6.9,9.8,8.8,33.18582916,7.703338146,2.284053326,6.58713007,0.21564737,0.948848426,0,0,0
37033,"Caswell County, North Carolina",NC,22747,56999.0,15.44,5.95,4.75,77.15,0.7442,0.7646,0.7881,0.4384,0.7302,12.0,39.1,37.2,26.9,17.4,6.2,19.1,13.6,20.3,10.8,16.2,12.6,8.656970024,3.013116837,8.017910004,15.32280922,0.133671969,0.356458575,0,0,0
37035,"Catawba County, North Carolina",NC,161011,62070.0,13.04,5.14,4.91,86.49,0.6055,0.6312,0.6249,0.7016,0.6818,10.1,37.2,32.7,23.2,15.0,5.7,17.9,12.4,15.2,8.4,12.3,11.5,28.24795151,9.787833214,2.44688797,7.44423914,0.180902898,0.854610205,0,0,0
37037,"Chatham County, North Carolina",NC,76754,84222.0,10.38,2.76,3.09,84.93,0.2997,0.469,0.6516,0.167,0.2949,9.4,30.2,31.3,20.4,11.9,5.1,15.9,10.9,12.7,7.2,10.8,10.2,11.23697281,4.550671101,2.958063841,6.91869545,0.224428371,0.58087343,0,0,0
37039,"Cherokee County, North Carolina",NC,28868,49254.0,16.74,4.92,4.29,79.75,0.7213,0.2482,0.2854,0.1333,0.3729,10.1,34.8,33.3,23.9,16.6,6.2,19.1,13.3,14.9,8.5,11.7,10.2,8.741196632,3.182451487,4.125847816,12.01906109,0.171980873,0.756715834,0,0,0
37041,"Chowan County, North Carolina",NC,13835,51188.0,20.87,4.31,10.25,81.08,0.6806,0.8769,0.7814,0.4594,0.7394,12.5,40.6,38.3,27.7,17.6,6.4,19.3,14.0,21.4,11.4,16.7,12.0,35.099823,16.28189468,5.909653664,14.75961399,0.1790471595,0.796235979,0,0,0
37043,"Clay County, North Carolina",NC,11186,57065.0,13.48,3.96,7.34,79.39,0.678,0.133,0.2234,0.4155,0.4232,9.3,35.5,32.1,22.2,14.9,5.8,18.2,12.4,12.8,7.5,10.5,9.6,3.236461878,1.099764585,6.061369896,12.25645256,0.1790471595,0.260756195,0,0,0
37045,"Cleveland County, North Carolina",NC,99527,50723.0,18.38,6.42,6.51,76.57,0.8699,0.7044,0.6481,0.8085,0.8524,11.2,38.6,36.3,26.2,16.9,6.2,19.1,13.6,18.5,10.1,14.7,11.4,13.78273106,6.053944588,3.480397701,10.83568382,0.171656489,0.76740545,0,0,0
37047,"Columbus County, North Carolina",NC,50827,43206.0,21.09,5.78,6.18,77.28,0.952,0.8116,0.7951,0.846,0.937,12.8,41.2,39.2,29.5,19.0,6.6,19.8,14.6,22.7,12.1,17.8,12.9,8.215513229,3.672687054,4.843695641,17.55879021,0.237425581,0.785330772,0,0,0
37049,"Craven County, North Carolina",NC,101098,61676.0,14.05,5.09,5.92,82.52,0.6373,0.8081,0.7261,0.8597,0.8126,10.5,37.5,34.9,23.6,14.8,5.7,18.0,12.5,15.9,8.9,13.1,10.5,34.35746002,8.695244789,2.731799364,7.088832855,0.207442239,0.898916364,0,0,0
37051,"Cumberland County, North Carolina",NC,335207,55551.0,17.55,7.93,6.91,88.6,0.833,0.8718,0.9141,0.9558,0.943,12.6,41.1,38.9,25.9,15.6,5.8,18.2,13.1,20.5,10.9,16.9,11.7,29.24068069,13.56077862,2.472889662,6.940957069,0.169459283,0.894863904,0,0,0
37053,"Currituck County, North Carolina",NC,28616,82793.0,8.47,3.19,1.72,89.58,0.2409,0.196,0.4248,0.0134,0.0862,8.6,33.6,30.1,20.4,12.9,5.1,17.1,11.1,10.7,6.4,9.5,8.6,1.516551495,0.464772761,2.244853973,7.304592609,0.30978933,0.860525966,0,0,0
37055,"Dare County, North Carolina",NC,37160,79742.0,6.48,5.1,1.79,92.92,0.3805,0.1384,0.4117,0.1422,0.2071,8.1,31.0,29.7,18.4,11.4,4.9,16.3,10.4,9.6,5.9,8.5,8.1,35.63447189,8.50600338,1.98523283,5.412591457,0.452765852,1.811063409,0,0,0
37057,"Davidson County, North Carolina",NC,169498,58473.0,13.93,4.33,4.18,85.14,0.6249,0.6812,0.5558,0.2752,0.553,10.3,36.0,33.4,25.1,16.0,6.0,18.9,13.1,16.5,9.0,13.0,11.7,25.24644661,9.544876099,2.756707668,8.813542366,0.17726934,0.531808019,0,0,0
37059,"Davie County, North Carolina",NC,43030,69105.0,11.61,4.56,4.99,91.73,0.3665,0.5523,0.4658,0.3668,0.4057,9.2,33.3,32.1,21.8,14.0,5.4,17.6,11.9,12.8,7.3,10.8,10.2,31.47609138,8.385403633,2.537444592,8.428003311,0.115510792,0.554451764,0,0,0
37061,"Duplin County, North Carolina",NC,49312,49376.0,18.52,5.44,5.22,76.33,0.9058,0.9749,0.8683,0.5549,0.9144,12.7,39.6,37.3,28.5,16.8,6.4,18.8,14.2,22.8,11.9,18.2,16.6,11.00034714,6.319470882,4.834517002,14.85115337,0.238119543,0.629315913,0,0,0
37063,"Durham County, North Carolina",NC,325101,74927.0,12.27,4.28,6.98,91.71,0.5873,0.238,0.9065,0.8661,0.686,10.4,36.5,32.8,21.7,11.0,4.9,15.2,10.7,14.3,8.2,12.3,9.6,32.98355103,8.070446968,1.860309243,3.358261347,0.155817494,0.922683954,0,0,0
37065,"Edgecombe County, North Carolina",NC,49067,46370.0,22.04,8.62,10.42,75.87,0.966,0.901,0.9418,0.7773,0.9605,14.3,43.8,41.5,31.7,18.4,6.6,19.9,14.7,27.8,14.3,22.0,13.7,17.57352066,9.558917046,4.819088459,14.52375412,0.236085698,0.49184522,0,0,0
37067,"Forsyth County, North Carolina",NC,383739,61229.0,15.2,5.58,6.64,86.99,0.7652,0.6825,0.8291,0.7436,0.8126,11.0,41.5,33.7,24.5,13.8,5.5,17.1,12.1,16.7,9.2,14.0,11.3,40.88824844,14.23260403,2.450135231,4.953390598,0.234470859,0.765938163,0,0,0
37069,"Franklin County, North Carolina",NC,69680,70493.0,9.7,5.88,3.2,86.88,0.5819,0.7019,0.756,0.5107,0.6491,10.7,38.3,34.4,24.0,14.8,5.7,17.9,12.4,17.0,9.3,14.2,11.7,4.240715027,2.16857934,3.790881157,12.43876362,0.139161408,0.500981092,0,0,0
37071,"Gaston County, North Carolina",NC,228972,62628.0,12.43,4.95,5.36,86.0,0.6984,0.6163,0.6726,0.4578,0.65,10.7,35.9,33.7,24.4,15.0,5.7,18.3,12.7,16.7,9.1,14.0,11.4,33.18917847,11.90486717,2.298357487,7.537813663,0.158892691,0.759153962,0,0,0
37073,"Gates County, North Carolina",NC,10509,55750.0,14.31,9.27,3.38,73.89,0.5765,0.5199,0.7464,0.0633,0.4053,11.7,38.5,36.5,26.7,17.1,6.1,19.5,13.4,19.1,10.4,15.6,10.9,25.92558861,7.889174938,4.155171871,12.64554501,0.1790471595,0.6513130965,0,0,0
37075,"Graham County, North Carolina",NC,8047,46010.0,11.3,7.66,6.45,72.88,0.7684,0.7792,0.42,0.4591,0.6933,9.8,35.5,32.8,23.6,16.6,5.9,19.2,13.2,14.6,8.4,11.8,10.6,2.652107239,1.015317678,4.517858505,9.723482132,0.1790471595,0.354024082,0,0,0
37077,"Granville County, North Carolina",NC,61161,68079.0,14.36,4.65,4.12,87.29,0.6745,0.5778,0.8164,0.4811,0.6612,11.3,35.9,36.1,25.4,15.5,5.9,18.1,12.7,18.9,10.1,15.4,12.3,23.05311394,8.457735062,3.440445185,10.0246067,0.099196509,0.512515306,0,0,0
37079,"Greene County, North Carolina",NC,20407,50320.0,22.57,5.49,5.48,78.93,0.9745,0.8272,0.8883,0.985,0.9863,14.3,42.7,40.3,31.6,19.7,7.1,19.3,15.0,26.7,13.7,20.6,17.2,0.125812262,0.071203321,5.776509762,21.00487709,0.191131502,0.286697239,0,0,0
37081,"Guilford County, North Carolina",NC,539557,62880.0,15.08,5.2,6.33,87.34,0.6962,0.5469,0.8797,0.84,0.7865,11.2,38.6,35.1,23.5,13.5,5.5,17.3,12.0,17.5,9.6,15.1,10.6,24.20009041,7.288156033,1.419686913,3.914570332,0.216457829,0.830680013,0,0,0
37083,"Halifax County, North Carolina",NC,48772,41629.0,23.86,9.28,9.22,66.85,0.9844,0.9007,0.9332,0.936,0.987,15.2,42.6,42.9,33.1,20.5,7.1,20.4,15.6,30.9,15.8,23.5,14.5,10.80055714,6.394242764,6.102114677,17.14716911,0.343580097,0.949897945,0,0,0
37085,"Harnett County, North Carolina",NC,134718,64992.0,14.38,5.25,4.27,81.58,0.7432,0.8107,0.7836,0.4302,0.7372,11.1,36.7,36.5,25.7,15.2,5.9,18.3,12.9,17.4,9.5,14.3,12.3,17.92393875,6.566129208,3.307559729,9.705618858,0.131331265,0.612879217,0,0,0
37087,"Haywood County, North Carolina",NC,62152,56596.0,12.12,3.52,4.33,80.17,0.5266,0.5441,0.2323,0.1702,0.3646,9.2,33.2,32.2,21.8,14.4,5.7,18.1,12.4,12.8,7.4,10.5,9.6,9.498391151,3.278923988,2.5560987,8.391049385,0.142920658,0.746363461,0,0,0
37089,"Henderson County, North Carolina",NC,116469,65508.0,11.38,3.53,3.68,87.71,0.4365,0.5959,0.4913,0.2806,0.4286,9.1,30.4,30.4,21.0,13.2,5.4,17.2,11.8,12.8,7.4,10.7,10.6,25.74621773,8.118027687,2.215502501,4.510927677,0.177297473,0.565663397,0,0,0
37091,"Hertford County, North Carolina",NC,21633,46196.0,20.29,7.19,8.99,76.1,0.9656,0.735,0.9513,0.8279,0.9427,15.2,43.3,42.2,31.6,18.8,6.8,19.9,14.8,28.7,14.8,22.5,13.9,22.41112137,11.39818001,5.611326218,18.89484215,0.216375276,0.908776164,0,0,0
37093,"Hoke County, North Carolina",NC,52612,57141.0,17.28,6.36,5.2,86.78,0.8384,0.9345,0.931,0.6535,0.8909,13.2,38.1,38.2,28.1,16.2,6.2,18.9,13.8,22.4,11.9,18.2,12.9,18.18270111,7.858263016,3.767824411,14.9161272,0.107469104,0.286584288,0,0,0
37095,"Hyde County, North Carolina",NC,4636,43724.0,29.91,8.74,2.2,70.53,0.9949,0.8966,0.8101,0.1989,0.874,13.3,40.8,39.7,29.4,19.4,7.0,19.0,14.6,23.3,12.3,17.9,14.4,60.47061157,30.08714485,1.015188813,20.46961784,0.1790471595,0.6513130965,0,0,0
37097,"Iredell County, North Carolina",NC,187839,73103.0,9.42,4.62,3.32,92.07,0.3487,0.4041,0.615,0.3398,0.3773,9.0,32.3,32.4,20.7,12.9,5.2,16.9,11.3,12.6,7.2,10.7,9.6,22.22760391,5.755198956,1.532353759,4.434049606,0.161490008,0.775152087,0,0,0
37099,"Jackson County, North Carolina",NC,42388,51482.0,19.35,5.95,4.78,76.15,0.8174,0.2899,0.5352,0.9386,0.7862,10.9,36.7,33.5,24.2,16.1,6.2,19.0,13.3,15.7,9.1,12.6,10.6,6.02341938,1.85890317,4.403205395,9.495117188,0.181681916,0.658596933,0,0,0
37101,"Johnston County, North Carolina",NC,219042,75288.0,10.71,3.73,4.13,83.52,0.4683,0.6102,0.7261,0.4152,0.5294,10.5,34.5,32.9,23.1,13.9,5.4,17.4,12.2,15.4,8.5,13.0,11.8,12.45061779,2.878332138,1.921586633,9.289311409,0.161852702,0.596542835,0,0,0
37103,"Jones County, North Carolina",NC,9263,53053.0,17.71,4.76,7.79,75.57,0.7973,0.2654,0.7598,0.5695,0.6736,12.7,39.6,38.2,28.6,18.6,6.7,19.9,14.5,22.3,11.8,17.1,12.8,0.175716534,0.084646732,5.525581837,17.69894409,0.32432431,0.6513130965,0,0,0
37105,"Lee County, North Carolina",NC,63560,60941.0,15.99,5.17,3.95,75.05,0.8571,0.9666,0.8072,0.6112,0.8953,11.7,37.7,34.6,26.5,15.6,6.0,18.5,13.4,19.1,10.3,15.8,14.4,22.99479675,8.144859314,2.190186501,8.268439293,0.224528089,0.753772855,0,0,0
37107,"Lenoir County, North Carolina",NC,55071,43063.0,22.42,7.15,8.57,78.55,0.971,0.9975,0.8794,0.9774,0.9984,14.1,42.5,40.5,32.3,20.0,7.0,20.3,15.4,27.1,14.1,21.0,14.6,31.29149437,13.31175995,3.849526882,13.2335825,0.233309403,0.879396975,0,0,0
37109,"Lincoln County, North Carolina",NC,87933,75672.0,9.27,4.39,3.44,89.47,0.2746,0.2685,0.4658,0.2666,0.2517,9.1,34.4,31.9,21.5,14.0,5.4,17.6,11.8,12.6,7.3,10.8,10.1,25.27218056,6.880373001,2.108492136,9.8215065,0.14756462,0.681067467,0,0,0
37111,"McDowell County, North Carolina",NC,44629,53532.0,14.94,5.52,6.42,79.93,0.6421,0.7502,0.3847,0.861,0.7518,10.3,35.0,33.6,24.6,17.3,6.2,19.1,13.6,16.0,8.8,12.4,11.8,2.787841797,1.279426455,4.129405499,13.5669241,0.15289852,0.698964655,0,0,0
37113,"Macon County, North Carolina",NC,37088,51042.0,15.43,3.46,6.44,79.74,0.6195,0.6351,0.3592,0.2288,0.4906,10.0,35.6,33.6,24.3,15.7,6.1,18.6,13.1,15.1,8.4,12.0,11.4,8.00935173,3.416111946,3.283641338,9.111215591,0.222259268,0.69456023,0,0,0
37115,"Madison County, North Carolina",NC,21414,56664.0,12.5,1.72,4.46,79.28,0.3573,0.118,0.1654,0.7483,0.35,9.1,34.9,32.3,21.6,14.6,5.6,18.0,12.2,12.3,7.3,10.1,9.3,13.1020155,6.260361195,3.87458849,14.36890221,0.229990795,0.643974245,0,0,0
37117,"Martin County, North Carolina",NC,21992,44799.0,20.51,9.65,9.29,78.4,0.9275,0.959,0.8641,0.6586,0.9306,13.1,40.4,38.8,28.6,18.2,6.4,20.1,14.4,23.9,12.4,18.9,12.6,9.465067863,3.983355761,4.575955868,12.50614929,0.13526918,0.946884274,0,0,0
37119,"Mecklenburg County, North Carolina",NC,1115403,79265.0,10.54,4.52,5.6,92.43,0.5787,0.4747,0.8915,0.5135,0.6115,10.1,29.5,31.3,21.1,10.7,4.9,15.6,10.7,14.5,7.9,12.5,10.1,21.30596161,5.474473476,0.808939815,1.755190492,0.191329077,0.828206837,0,0,0
37121,"Mitchell County, North Carolina",NC,14989,55534.0,13.4,6.35,8.38,79.6,0.5437,0.629,0.2444,0.658,0.5689,9.4,37.0,32.1,22.7,15.1,5.7,18.4,12.5,12.8,7.5,10.6,10.0,6.514845371,1.73342669,4.982188225,12.6331377,0.1790471595,0.671997845,0,0,0
37123,"Montgomery County, North Carolina",NC,25839,55523.0,16.18,3.1,4.43,76.23,0.5705,0.9628,0.7537,0.5816,0.7741,11.8,38.9,36.0,27.3,16.9,6.4,18.9,14.1,20.5,10.8,16.2,14.5,16.95298958,6.864855289,3.333466768,12.02805519,0.220280483,0.770981729,0,0,0
37125,"Moore County, North Carolina",NC,100759,77981.0,9.47,4.57,4.21,88.29,0.2778,0.6074,0.5867,0.2157,0.3306,8.9,32.8,31.3,19.2,11.8,5.1,16.6,11.0,11.4,6.8,9.9,8.8,26.81064034,6.82932663,2.824289799,7.196234703,0.164486408,0.715999663,0,0,0
37127,"Nash County, North Carolina",NC,95015,56770.0,14.54,6.44,6.87,81.96,0.8403,0.741,0.881,0.8804,0.8902,12.3,38.3,37.4,27.5,15.9,5.9,18.6,13.1,21.2,11.2,17.7,12.3,17.74091148,5.461042404,3.638547421,9.10941124,0.221381202,0.737937331,0,0,0
37129,"New Hanover County, North Carolina",NC,228134,67515.0,12.7,4.76,6.31,91.0,0.5638,0.0824,0.5797,0.4989,0.4289,9.2,31.8,31.7,20.3,12.2,5.3,17.1,11.2,11.8,7.2,10.2,8.7,28.69141388,8.830683708,1.400609612,3.034542799,0.207089216,0.94669354,0,0,0
37131,"Northampton County, North Carolina",NC,17528,45698.0,18.68,7.62,8.07,63.51,0.9548,0.5157,0.9233,0.7786,0.8906,14.2,43.1,41.1,30.2,18.4,6.5,19.8,14.3,26.7,13.8,21.2,12.8,1.159337044,0.464163512,9.473320007,20.49223518,0.1790471595,0.314333618,0,0,0
37133,"Onslow County, North Carolina",NC,203686,59976.0,12.75,6.42,3.84,91.4,0.7585,0.6793,0.7213,0.7499,0.7948,10.7,36.0,34.1,22.9,15.1,5.8,17.8,12.5,15.8,8.8,13.1,11.3,38.93157959,14.51007271,2.423182726,7.119909286,0.112776607,0.794339597,0,0,0
37135,"Orange County, North Carolina",NC,145919,85785.0,12.28,3.9,4.7,92.62,0.2857,0.0474,0.686,0.8454,0.3945,9.0,29.5,29.8,18.4,10.3,4.8,15.3,10.0,10.4,6.3,9.0,7.9,8.682192802,2.177718163,1.442543387,3.22700572,0.174406514,0.650670469,0,0,0
37137,"Pamlico County, North Carolina",NC,12317,55867.0,13.82,4.65,4.81,83.37,0.5972,0.5603,0.6211,0.4146,0.5616,10.4,36.3,35.0,23.5,15.1,5.8,18.0,12.5,15.6,8.8,13.0,10.7,5.911385536,3.47159338,6.437119007,11.86704826,0.314589053,0.707825422,0,0,0
37139,"Pasquotank County, North Carolina",NC,40454,61411.0,11.59,5.78,6.17,87.3,0.7324,0.6001,0.8473,0.6774,0.7626,11.3,38.7,35.9,24.4,14.5,5.6,18.0,12.3,17.3,9.6,14.8,10.4,17.78544807,10.01658535,5.217023849,9.907818794,0.222926781,0.94124639,0,0,0
37141,"Pender County, North Carolina",NC,61592,74538.0,11.7,6.42,3.09,86.59,0.5294,0.4671,0.6204,0.573,0.5606,9.7,35.6,32.4,21.0,14.1,5.5,17.8,12.0,13.4,7.7,11.5,10.2,23.55072975,5.703541756,3.383606434,11.52354145,0.170091689,0.587589502,0,0,0
37143,"Perquimans County, North Carolina",NC,13053,59401.0,13.32,5.04,4.01,81.41,0.7175,0.7451,0.6567,0.1858,0.5921,10.7,37.5,34.9,24.6,15.9,5.9,18.8,12.9,16.9,9.3,13.8,10.8,5.430092812,2.306684494,5.687488079,14.28000927,0.1790471595,0.365844727,0,0,0
37145,"Person County, North Carolina",NC,39131,60688.0,17.21,3.74,5.22,84.91,0.5558,0.6532,0.7165,0.2787,0.5393,11.6,38.5,36.7,26.5,16.5,6.1,19.0,13.4,18.9,10.2,15.2,11.5,10.85702133,5.086305141,4.910015583,12.43836212,0.125234812,0.651221037,0,0,0
37147,"Pitt County, North Carolina",NC,171196,54915.0,20.03,7.48,9.15,85.61,0.8721,0.5282,0.8524,0.9679,0.9001,12.0,40.8,35.5,25.9,15.0,5.8,18.0,12.6,18.9,10.4,16.0,10.5,21.70211029,8.472951889,2.723803759,6.474333286,0.136668786,0.891080439,0,0,0
37149,"Polk County, North Carolina",NC,19538,60465.0,11.01,4.26,3.66,81.02,0.3121,0.4578,0.4165,0.413,0.3583,9.4,35.7,32.1,21.8,14.1,5.6,17.8,12.1,12.9,7.5,10.7,9.8,5.682321072,1.613174796,4.167457581,7.607721329,0.1790471595,0.665715635,0,0,0
37151,"Randolph County, North Carolina",NC,144403,56423.0,14.73,3.92,3.68,85.64,0.6736,0.7681,0.5679,0.4108,0.6475,10.9,39.7,34.3,26.5,16.9,6.3,19.1,13.8,17.9,9.6,14.3,13.8,23.32804298,10.25508881,3.206774235,10.27972698,0.166024476,0.629509449,0,0,0
37153,"Richmond County, North Carolina",NC,43149,42354.0,23.01,9.62,10.73,80.01,0.9761,0.882,0.825,0.9739,0.986,13.8,43.0,39.5,30.9,20.0,7.1,20.3,15.3,26.0,13.7,20.0,14.0,22.72092438,11.19245243,3.569798708,12.88144207,0.315798968,0.631597936,0,0,0
37155,"Robeson County, North Carolina",NC,117573,39393.0,27.12,6.35,8.03,70.43,0.9828,0.9523,0.9758,0.9784,0.9962,16.4,48.1,42.9,34.9,23.1,8.1,20.9,17.3,31.2,17.6,23.0,16.7,8.484329224,5.414218426,5.960780621,19.19859314,0.223078638,0.58461988,0,0,0
37157,"Rockingham County, North Carolina",NC,91209,50737.0,18.82,6.48,7.03,77.34,0.875,0.825,0.6516,0.6997,0.8514,11.3,37.1,35.9,26.8,17.6,6.2,19.7,13.9,19.0,10.3,15.1,12.5,17.65070724,9.845550537,4.031579971,11.40364838,0.219094053,0.701100945,0,0,0
37159,"Rowan County, North Carolina",NC,147067,59717.0,16.42,6.29,5.93,87.48,0.7725,0.742,0.6599,0.8832,0.8435,10.8,37.4,33.8,26.4,16.2,6.0,18.6,13.4,17.4,9.6,14.2,12.2,22.68913078,8.808392525,2.606330633,8.38998127,0.133338019,0.60352993,0,0,0
37161,"Rutherford County, North Carolina",NC,64680,50512.0,18.38,5.98,6.04,80.7,0.7897,0.8584,0.4973,0.6958,0.8072,11.1,38.0,34.8,26.8,17.8,6.5,19.7,14.1,18.1,9.8,14.0,12.0,14.51753044,5.25468874,3.954165936,12.62801743,0.163993075,0.506887734,0,0,0
37163,"Sampson County, North Carolina",NC,59317,49963.0,22.27,5.74,5.14,77.81,0.93,0.8702,0.8721,0.867,0.9459,13.0,41.7,38.0,29.4,17.5,6.6,19.3,14.5,23.3,12.1,18.2,16.2,7.17832756,2.742182016,5.277777195,15.40093327,0.189328194,0.552207232,0,0,0
37165,"Scotland County, North Carolina",NC,34222,41948.0,26.14,10.76,11.46,79.6,0.9857,0.8225,0.9135,0.9981,0.9959,15.2,45.5,42.6,32.7,22.0,7.5,20.7,16.1,29.4,15.7,22.4,14.6,20.77415276,9.512931824,5.998159409,15.35301495,0.173225164,0.692900658,0,0,0
37167,"Stanly County, North Carolina",NC,62723,60634.0,13.77,4.34,5.38,86.22,0.6169,0.769,0.5352,0.5549,0.6631,10.5,36.3,33.9,24.2,16.3,6.0,18.8,13.2,16.2,9.0,13.0,11.2,5.20566082,2.183082581,2.20246768,8.033173561,0.205569342,0.72739923,0,0,0
37169,"Stokes County, North Carolina",NC,44696,57539.0,12.01,5.34,2.77,81.56,0.5584,0.4893,0.2959,0.2816,0.4324,9.9,36.8,33.5,24.1,16.5,6.0,19.0,13.1,14.5,8.3,11.7,10.5,13.61723804,4.256863594,2.536417007,10.93993855,0.174890146,0.480947912,0,0,0
37171,"Surry County, North Carolina",NC,71429,52743.0,17.94,4.85,5.12,78.33,0.8024,0.8797,0.4814,0.622,0.8005,10.8,40.8,34.1,27.1,17.5,6.4,19.4,14.1,18.0,9.6,13.8,13.3,9.341554642,2.9814291,3.463479042,10.4015913,0.195304319,0.68356514,0,0,0
37173,"Swain County, North Carolina",NC,14130,52818.0,19.8,7.51,8.87,74.54,0.8581,0.832,0.7894,0.8788,0.901,12.5,40.8,36.5,26.5,20.4,6.8,20.7,15.4,21.9,12.4,16.3,11.9,2.897196293,1.511634231,3.783654928,11.03201199,0.2115805,1.198956251,0,0,0
37175,"Transylvania County, North Carolina",NC,33131,62056.0,13.38,3.98,4.56,86.17,0.3764,0.4661,0.2959,0.7098,0.4773,8.9,34.4,32.0,19.7,13.1,5.4,17.4,11.6,11.4,6.9,9.7,8.6,8.31539917,2.951413393,2.500026941,7.721837997,0.231897503,0.550756574,0,0,0
37177,"Tyrrell County, North Carolina",NC,3389,55341.0,15.99,3.91,7.62,75.43,0.819,0.7945,0.8075,0.7531,0.854,13.3,41.3,38.3,29.5,18.8,6.8,19.2,14.6,23.6,12.3,18.1,15.0,10.50700188,4.214679241,3.637151718,14.30051708,0.1790471595,0.6513130965,0,0,0
37179,"Union County, North Carolina",NC,240109,95533.0,6.8,4.26,2.75,93.15,0.2221,0.3786,0.6701,0.0932,0.2008,9.3,33.0,31.0,21.1,11.8,5.0,16.4,11.0,12.3,6.9,10.5,9.9,39.32279968,7.568018436,1.429979205,4.958653927,0.1717356,0.54791832,0,0,0
37181,"Vance County, North Carolina",NC,42492,48340.0,18.73,6.96,7.8,80.34,0.9532,0.9745,0.929,0.7283,0.9672,13.9,42.8,40.0,30.0,17.8,6.4,19.5,14.3,26.3,13.6,20.9,13.8,6.13735342,2.99398756,3.488935709,10.82156754,0.223623604,0.64850843,0,0,0
37183,"Wake County, North Carolina",NC,1132103,96734.0,8.19,4.18,3.95,94.24,0.2526,0.3229,0.7989,0.4257,0.3621,9.0,28.9,31.2,17.9,9.5,4.5,14.9,9.2,10.4,6.2,9.1,8.0,25.36093903,5.386165142,0.660690725,1.796741009,0.193416595,0.846970379,0,0,0
37185,"Warren County, North Carolina",NC,18803,42282.0,21.23,9.86,10.36,74.49,0.9707,0.9605,0.931,0.923,0.9879,14.8,44.3,41.5,31.0,19.5,7.0,19.8,14.8,28.3,14.7,21.6,13.7,2.4759655,1.357036352,10.0340147,18.41251564,0.204897046,0.409794092,0,0,0
37187,"Washington County, North Carolina",NC,11051,38927.0,21.61,12.69,18.19,66.39,0.9475,0.8511,0.9036,0.3716,0.8603,14.8,44.1,42.0,32.0,20.2,7.1,20.7,15.4,28.9,15.0,22.5,13.8,1.350218773,0.278930187,8.538098335,18.52936554,0.261210263,0.783630848,0,0,0
37189,"Watauga County, North Carolina",NC,54540,50034.0,24.92,9.33,3.38,89.19,0.8619,0.0048,0.2444,0.5969,0.4238,10.5,37.0,33.8,23.0,15.1,6.3,18.3,12.9,14.1,8.3,11.3,9.5,8.307226181,2.551446438,2.75835228,4.88999939,0.194893777,0.584681332,0,0,0
37191,"Wayne County, North Carolina",NC,117480,54323.0,17.94,5.0,7.04,86.92,0.8788,0.8991,0.8616,0.9545,0.9564,12.5,39.9,38.0,27.6,16.8,6.3,18.7,13.8,21.7,11.4,17.1,13.4,23.0530529,10.38685703,3.937990665,11.26420784,0.169399917,0.75826633,0,0,0
37193,"Wilkes County, North Carolina",NC,66125,49119.0,17.15,5.97,5.73,84.53,0.8164,0.6491,0.3917,0.5272,0.707,10.7,38.2,34.4,25.9,17.8,6.4,19.5,14.1,17.5,9.4,13.4,12.6,6.924359322,3.518247128,4.263976574,13.3324461,0.146965891,0.617256761,0,0,0
37195,"Wilson County, North Carolina",NC,78667,49827.0,20.35,6.6,9.2,80.0,0.9599,0.8543,0.8909,0.8136,0.952,14.0,38.5,39.8,30.6,18.4,6.8,19.4,14.8,26.2,13.4,20.2,14.5,9.285118103,2.703768253,2.072539806,6.448393822,0.25616315,0.792885959,0,0,0
37197,"Yadkin County, North Carolina",NC,37280,57486.0,13.82,5.24,4.6,81.12,0.7206,0.5113,0.4741,0.5202,0.6233,10.4,36.3,34.1,25.3,16.7,6.2,19.0,13.7,16.4,9.0,13.1,12.8,12.16784286,5.280970573,3.807572842,11.24195385,0.186046511,0.372093022,0,0,0
37199,"Yancey County, North Carolina",NC,18538,53103.0,15.28,7.58,4.17,79.77,0.7089,0.6971,0.2109,0.2533,0.5307,10.0,35.6,32.9,24.0,16.6,6.1,19.0,13.4,14.9,8.3,11.6,11.1,1.184018135,0.568052948,3.679965496,13.10344219,0.165755019,0.442013383,0,0,0
38001,"Adams County, North Dakota",ND,2190,57950.0,13.43,0.66,7.12,81.54,0.1495,0.1648,0.2062,0.5708,0.2052,9.8,35.7,31.0,25.6,16.7,5.9,16.0,12.5,13.9,7.8,11.1,8.7,22.63745499,5.661676884,0.680092037,1.423519254,0.1790471595,0.6513130965,0,0,0
38003,"Barnes County, North Dakota",ND,10826,64447.0,12.97,3.34,5.62,82.67,0.1355,0.0885,0.2879,0.5838,0.1842,9.0,38.5,30.1,22.2,14.3,5.4,15.1,11.2,10.9,6.6,9.3,7.2,30.15914726,6.271630764,1.319865704,2.352377653,0.384541422,0.769082844,0,0,0
38005,"Benson County, North Dakota",ND,5960,63220.0,27.2,2.24,9.2,77.9,0.4117,0.8565,0.9211,0.8107,0.7426,13.4,43.8,36.6,30.5,23.1,7.4,18.3,16.0,24.8,14.1,18.3,10.2,42.70840454,15.11406803,8.101307869,20.88102722,0.1790471595,0.6513130965,0,0,0
38007,"Billings County, North Dakota",ND,839,74000.0,11.11,2.09,3.75,82.81,0.0127,0.015,0.0003,0.2113,0.0095,9.2,36.4,30.8,22.7,14.0,5.6,14.6,11.1,11.2,6.4,9.2,7.6,100.0,18.18181801,1.55844152,1.038961053,0.1790471595,0.6513130965,0,0,0
38009,"Bottineau County, North Dakota",ND,6411,80113.0,8.2,3.48,2.18,88.25,0.0907,0.1333,0.2854,0.3073,0.111,8.7,38.1,30.6,22.2,14.2,5.3,15.0,11.2,10.9,6.5,9.3,7.3,45.4178772,10.46165276,0.895942688,4.01886797,0.1790471595,0.636233509,0,0,0
38011,"Bowman County, North Dakota",ND,2975,79709.0,10.72,4.15,1.6,87.04,0.251,0.5896,0.2164,0.1899,0.2421,8.5,36.7,29.0,22.2,14.5,5.2,15.1,11.4,11.1,6.5,9.4,8.3,29.76260376,2.932140589,0.302607,1.225077033,0.1790471595,1.339584708,0,0,0
38013,"Burke County, North Dakota",ND,2184,94583.0,6.52,2.04,1.26,88.74,0.0159,0.3194,0.1572,0.0815,0.0363,8.2,37.2,29.7,20.6,13.5,5.0,14.7,10.9,9.6,5.9,8.7,7.4,68.78623962,16.24396706,3.856603622,3.752156019,0.1790471595,0.6513130965,0,0,0
38015,"Burleigh County, North Dakota",ND,98443,82141.0,7.94,2.75,5.7,88.12,0.0382,0.1556,0.3939,0.7655,0.1963,8.1,35.5,27.6,17.7,12.1,4.9,13.8,10.1,8.9,5.7,8.0,6.5,27.15967751,4.604923248,0.976563811,1.377289534,0.114330851,0.706772566,0,0,0
38017,"Cass County, North Dakota",ND,186328,73249.0,10.83,2.84,6.05,88.55,0.1511,0.0649,0.4636,0.7477,0.2485,8.5,35.1,29.3,18.3,12.0,5.2,13.5,10.0,9.5,5.8,8.3,6.2,21.0301342,3.261730433,0.50314486,0.744710982,0.184879065,0.793892443,0,0,0
38019,"Cavalier County, North Dakota",ND,3691,61174.0,10.0,0.88,4.61,81.7,0.0563,0.3882,0.1457,0.1992,0.0955,8.2,40.1,30.0,21.0,13.4,5.2,14.8,10.9,9.8,6.0,8.8,7.1,36.29232788,8.248739243,0.616638899,0.78694737,0.807972014,0.6513130965,0,0,0
38021,"Dickey County, North Dakota",ND,5003,60250.0,9.18,3.11,1.62,79.96,0.1855,0.2036,0.3217,0.1922,0.146,9.2,39.6,30.5,23.1,14.8,5.6,15.4,11.8,11.4,6.7,9.6,7.9,14.24509048,2.835213184,1.092021942,1.123297453,0.637619555,0.6513130965,0,0,0
38023,"Divide County, North Dakota",ND,2195,95938.0,6.62,3.24,4.64,75.03,0.1858,0.2619,0.413,0.5587,0.2768,9.0,37.8,29.9,23.1,14.9,5.6,15.6,11.8,11.7,6.9,10.1,8.2,33.03077698,7.941665173,0.961551189,1.225948334,0.1790471595,0.6513130965,0,0,0
38025,"Dunn County, North Dakota",ND,4049,91758.0,6.79,2.4,1.94,83.92,0.2036,0.5819,0.552,0.5927,0.4104,9.4,36.5,30.3,22.7,15.0,5.6,15.4,11.6,11.9,7.1,10.2,8.1,52.77820969,13.29522133,0.945751011,3.33507061,0.1790471595,0.6513130965,0,0,0
38027,"Eddy County, North Dakota",ND,2345,50375.0,12.33,2.3,7.43,84.12,0.2078,0.5628,0.2733,0.7327,0.4082,10.2,38.8,31.6,25.3,16.8,6.1,16.0,12.8,14.6,8.3,11.6,8.8,28.86808777,8.183038712,0.840897024,5.518390656,0.1790471595,0.6513130965,0,0,0
38029,"Emmons County, North Dakota",ND,3297,63750.0,6.71,1.44,3.29,75.03,0.1664,0.028,0.0407,0.1705,0.0506,9.2,38.8,30.5,23.0,16.0,5.8,15.8,12.1,12.4,7.1,10.1,8.2,45.72673798,13.40716743,0.360449314,4.007671356,1.25509882,0.6513130965,0,0,0
38031,"Foster County, North Dakota",ND,3388,78426.0,8.35,0.17,4.56,86.46,0.007,0.0716,0.0675,0.1149,0.0127,8.7,35.9,30.0,22.1,13.9,5.3,15.1,11.3,10.3,6.3,9.0,7.0,18.32585907,5.905482769,0.426769376,1.389913082,0.1790471595,1.263823032,0,0,0
38033,"Golden Valley County, North Dakota",ND,1734,84750.0,12.57,5.37,5.65,82.91,0.1024,0.5164,0.4117,0.2711,0.1982,9.8,37.8,31.7,25.7,16.5,6.0,16.4,12.5,12.8,7.5,10.7,8.0,100.0,33.25375748,5.253159046,3.97196269,0.1790471595,0.6513130965,0,0,0
38035,"Grand Forks County, North Dakota",ND,72927,64698.0,14.17,3.39,5.7,85.88,0.2867,0.0191,0.4839,0.8654,0.3198,9.8,37.9,30.3,22.6,12.9,5.5,14.8,11.6,11.1,6.7,9.6,7.1,24.96489334,9.963152885,1.488176346,2.103854656,0.158316657,0.69083637,0,0,0
38037,"Grant County, North Dakota",ND,2320,57069.0,15.36,2.88,3.77,78.68,0.1973,0.3124,0.2109,0.3535,0.2097,10.3,41.8,32.9,27.0,17.8,6.4,16.5,13.3,14.6,8.3,11.4,8.7,52.32372665,15.74140263,1.970830321,2.84549737,1.805869102,0.6513130965,0,0,0
38039,"Griggs County, North Dakota",ND,2309,66688.0,6.51,1.22,3.88,81.01,0.0258,0.1534,0.021,0.202,0.0407,8.3,37.9,30.1,20.7,13.8,5.2,14.7,11.0,10.2,6.1,8.8,6.9,32.8230896,5.934307098,1.681621313,3.041010141,0.1790471595,1.359311223,0,0,0
38041,"Hettinger County, North Dakota",ND,2477,66797.0,10.21,4.19,2.09,80.28,0.3268,0.2218,0.1985,0.0853,0.1495,8.9,37.9,29.9,23.0,15.3,5.5,15.9,11.7,11.8,7.0,10.1,7.7,99.97951508,29.17976761,1.476736307,6.098173141,1.230516791,0.6513130965,0,0,0
38043,"Kidder County, North Dakota",ND,2391,57240.0,12.77,0.96,0.27,71.56,0.1031,0.0843,0.2444,0.0312,0.0321,9.1,40.2,30.3,24.1,15.3,5.7,15.7,12.0,11.5,6.8,9.8,7.9,100.0,37.97413254,1.727368474,6.540284157,0.1790471595,0.6513130965,0,0,0
38045,"LaMoure County, North Dakota",ND,4135,70227.0,12.17,1.68,3.36,84.57,0.0894,0.0843,0.0229,0.0687,0.0305,8.8,35.2,29.0,23.1,15.0,5.6,15.3,11.6,11.2,6.6,9.5,7.9,74.72528839,19.42334366,3.210509062,3.014718771,0.1790471595,0.6513130965,0,0,0
38047,"Logan County, North Dakota",ND,1849,59750.0,8.18,1.27,1.3,80.0,0.0856,0.3761,0.1037,0.1053,0.0754,9.5,40.9,31.4,25.0,16.3,6.0,16.1,12.6,13.3,7.6,10.8,8.8,95.83237457,26.13368797,2.951355696,3.057757616,0.1790471595,0.6513130965,0,0,0
38049,"McHenry County, North Dakota",ND,5326,78071.0,10.28,4.37,5.02,79.41,0.1709,0.1588,0.0627,0.1416,0.0907,8.9,41.7,31.1,24.2,15.5,5.6,15.5,12.0,11.5,6.8,9.8,8.1,69.00283051,16.99106026,2.528742075,6.958165169,0.702370524,0.6513130965,0,0,0
38051,"McIntosh County, North Dakota",ND,2529,64375.0,13.63,0.54,7.12,78.96,0.1674,0.1578,0.1572,0.2867,0.1368,9.8,36.7,31.2,25.4,17.1,5.9,16.4,12.9,14.1,7.9,11.3,9.4,19.89786148,5.340380669,0.76817584,1.519448996,0.1790471595,0.6513130965,0,0,0
38053,"McKenzie County, North Dakota",ND,14081,83813.0,13.39,1.71,2.47,88.88,0.3369,0.1145,0.6029,0.874,0.468,9.9,40.9,31.3,24.2,15.0,5.7,15.1,12.0,13.0,7.6,11.0,9.2,44.79772186,15.72569656,1.55183506,2.168182373,0.1790471595,0.590473711,0,0,0
38055,"McLean County, North Dakota",ND,9781,80556.0,6.86,1.4,3.28,83.29,0.0156,0.2959,0.363,0.1915,0.0662,8.6,40.2,29.9,22.7,14.3,5.2,15.2,11.2,10.3,6.4,9.1,7.1,55.16633224,13.20208549,2.061438322,2.906931162,0.1790471595,0.42480883,0,0,0
38057,"Mercer County, North Dakota",ND,8366,82155.0,9.61,2.72,2.29,86.34,0.2577,0.4652,0.2587,0.5056,0.3296,9.1,39.6,30.7,23.3,15.4,5.7,15.6,12.1,12.3,7.2,10.2,8.0,23.35392189,4.21951437,0.896256268,2.196325779,0.367017359,0.734034717,0,0,0
38059,"Morton County, North Dakota",ND,33192,79555.0,8.14,2.0,2.49,89.13,0.0589,0.0274,0.3592,0.2746,0.0519,8.3,38.4,29.3,21.7,13.6,5.2,14.8,10.7,10.3,6.2,9.2,7.2,30.69410515,5.204028606,1.134914279,1.684526682,0.158715039,0.571374178,0,0,0
38061,"Mountrail County, North Dakota",ND,9648,81886.0,12.38,3.46,4.83,81.86,0.4333,0.7868,0.8088,0.8142,0.7156,11.6,41.8,32.7,29.4,19.0,6.4,16.7,13.6,18.2,10.3,14.7,10.3,12.15344334,2.504038095,1.992994785,0.8580845,0.380879819,0.666539729,0,0,0
38063,"Nelson County, North Dakota",ND,3025,62219.0,10.85,1.23,2.39,78.26,0.0274,0.4047,0.2214,0.0646,0.0468,8.6,39.8,30.2,21.2,13.9,5.3,14.7,11.0,10.6,6.3,9.3,7.6,100.0,26.45898438,2.235477924,6.355645657,0.1790471595,0.6513130965,0,0,0
38065,"Oliver County, North Dakota",ND,1832,69722.0,11.52,2.86,4.15,81.81,0.0242,0.5256,0.2164,0.1584,0.0808,8.3,34.6,28.6,21.7,13.7,5.2,15.0,10.9,9.5,5.9,8.6,7.0,83.82313538,19.62665558,2.663888693,3.332268715,0.1790471595,0.6513130965,0,0,0
38067,"Pembina County, North Dakota",ND,6853,64243.0,9.19,4.26,2.33,80.82,0.1934,0.14,0.3016,0.1429,0.1206,9.3,42.1,30.3,24.0,15.3,5.8,15.6,12.1,12.2,7.1,10.3,8.5,45.94187927,8.286565781,3.26713109,3.735675812,0.600781024,0.6513130965,0,0,0
38069,"Pierce County, North Dakota",ND,3999,59583.0,11.2,1.01,3.2,85.61,0.111,0.4776,0.1654,0.1199,0.1155,9.0,40.9,29.3,23.6,14.9,5.4,15.4,11.6,11.9,6.9,9.8,7.5,19.29914474,6.627188206,0.197922006,3.744000435,0.1790471595,0.6513130965,0,0,0
38071,"Ramsey County, North Dakota",ND,11613,61490.0,15.78,0.76,8.0,81.5,0.2186,0.5848,0.4973,0.7658,0.4747,9.8,41.4,30.9,24.4,16.3,5.9,15.9,12.4,13.5,8.1,11.3,8.1,27.61503029,5.24174881,0.337635279,1.782216787,0.1790471595,0.790305614,0,0,0
38073,"Ransom County, North Dakota",ND,5663,71462.0,9.92,2.9,4.13,81.04,0.0805,0.0515,0.2914,0.4015,0.0935,9.4,38.2,30.4,23.0,15.4,5.6,15.5,11.7,11.8,6.8,9.8,8.1,12.21264648,1.77588594,0.776874661,2.291529417,0.1790471595,0.6513130965,0,0,0
38075,"Renville County, North Dakota",ND,2282,77067.0,6.42,2.35,3.38,93.6,0.0363,0.0375,0.0264,0.195,0.0245,8.5,38.7,29.8,22.7,14.4,5.3,15.3,11.2,10.6,6.2,9.1,7.5,57.53666306,13.51378059,0.798597336,4.562867641,0.1790471595,0.6513130965,0,0,0
38077,"Richland County, North Dakota",ND,16548,67089.0,11.17,2.51,7.23,86.39,0.1091,0.1448,0.2984,0.7821,0.2459,9.0,37.6,31.1,22.9,14.5,5.5,15.2,11.6,11.1,6.7,9.8,7.4,29.8524437,5.360377789,0.605527163,1.479996562,0.1790471595,0.557068586,0,0,0
38079,"Rolette County, North Dakota",ND,12292,53806.0,24.85,6.4,8.45,82.28,0.8358,0.6847,0.985,0.8947,0.8934,16.5,50.2,38.3,34.3,26.2,7.8,19.7,17.7,31.1,17.7,22.5,11.2,9.603563309,4.988746166,4.40640974,20.08368492,0.3529827,0.3529827,0,0,0
38081,"Sargent County, North Dakota",ND,3828,75648.0,6.21,1.47,2.48,87.41,0.0022,0.2253,0.2536,0.1059,0.0251,9.0,41.3,29.9,22.6,14.4,5.4,15.1,11.5,10.9,6.5,9.5,7.9,9.675611496,1.56821692,0.535244584,2.30249238,0.766675174,0.6513130965,0,0,0
38083,"Sheridan County, North Dakota",ND,1338,68684.0,6.93,0.79,2.17,78.88,0.071,0.0325,0.0264,0.0207,0.0073,9.0,37.6,30.8,23.6,15.7,5.6,15.8,12.0,12.0,7.1,10.1,8.2,90.69168854,28.92470741,4.789550304,11.17561722,0.1790471595,0.6513130965,0,0,0
38085,"Sioux County, North Dakota",ND,3896,41201.0,39.74,20.7,13.37,72.87,0.9551,0.6166,0.9908,0.8104,0.9176,20.1,49.7,41.8,39.7,33.6,10.1,22.0,21.4,42.6,24.0,29.2,13.9,40.33055115,24.34899902,5.803164482,19.34277534,0.1790471595,0.6513130965,0,0,0
38087,"Slope County, North Dakota",ND,837,70625.0,4.66,4.55,1.14,80.91,0.0977,0.1378,0.0299,0.006,0.0134,9.4,38.6,31.8,23.2,16.2,5.9,15.6,12.1,12.4,7.3,10.2,7.9,95.23780823,20.5627079,0.911854088,3.951367855,0.1790471595,0.6513130965,0,0,0
38089,"Stark County, North Dakota",ND,32989,78734.0,10.15,2.86,5.19,86.67,0.1944,0.0865,0.3977,0.8425,0.3112,8.9,37.5,30.4,23.2,14.3,5.6,14.9,11.5,11.5,6.7,10.0,8.5,26.8044796,6.424864769,0.606194198,1.998545885,0.124583423,0.654062986,0,0,0
38091,"Steele County, North Dakota",ND,1774,85750.0,13.02,2.22,0.7,73.04,0.028,0.0783,0.015,0.1906,0.0299,9.0,34.9,29.9,22.4,14.8,5.7,15.3,11.6,11.4,6.7,9.5,7.7,84.51081085,12.45407677,1.420777559,0.897487164,0.1790471595,0.6513130965,0,0,0
38093,"Stutsman County, North Dakota",ND,21609,59167.0,13.13,4.66,5.19,81.15,0.4792,0.2164,0.2399,0.6723,0.4419,9.0,40.3,29.3,23.5,16.1,5.7,15.9,12.1,12.2,7.2,10.2,8.3,27.74855423,6.370378494,1.487515211,2.163239717,0.1790471595,0.439067215,0,0,0
38095,"Towner County, North Dakota",ND,2152,61250.0,13.71,1.58,3.32,78.63,0.4311,0.5784,0.4222,0.02,0.2297,10.4,43.9,32.8,27.3,17.6,6.3,16.8,13.2,15.3,8.7,12.3,9.5,34.79986572,8.028974533,1.170824885,2.659311771,0.1790471595,0.6513130965,0,0,0
38097,"Traill County, North Dakota",ND,8004,81157.0,6.56,2.04,5.78,77.9,0.0293,0.0576,0.2692,0.4493,0.0697,8.5,38.8,29.1,21.1,13.0,5.1,14.6,10.9,9.6,6.0,8.7,7.2,17.78193665,2.146103621,1.070884705,2.700531244,0.879507482,0.502575696,0,0,0
38099,"Walsh County, North Dakota",ND,10553,68082.0,9.68,2.25,4.81,77.95,0.23,0.4521,0.4683,0.4843,0.3385,9.4,36.0,30.1,24.6,15.3,5.7,15.2,12.0,13.6,7.6,11.3,10.6,19.52493858,5.346599102,1.485593915,2.511518955,0.287438929,0.383251905,0,0,0
38101,"Ward County, North Dakota",ND,69532,78143.0,9.03,3.74,4.32,88.67,0.1499,0.0671,0.5065,0.756,0.2571,8.8,34.7,31.4,22.7,13.3,5.1,14.5,11.0,10.4,6.3,9.3,7.6,24.18597412,7.403217316,0.824975252,1.58350563,0.102240525,0.77410686,0,0,0
38103,"Wells County, North Dakota",ND,3990,59732.0,10.77,1.77,6.22,81.44,0.1508,0.3557,0.0525,0.6217,0.2437,9.4,38.2,30.1,23.7,15.9,5.7,16.1,12.3,12.5,7.3,10.3,8.1,44.7921524,9.993580818,0.575882554,1.002670646,1.34807229,0.808843374,0,0,0
38105,"Williams County, North Dakota",ND,39076,86139.0,7.41,2.48,6.48,83.57,0.2262,0.4766,0.5778,0.8762,0.5062,9.4,40.2,31.6,24.5,15.4,5.5,15.6,11.5,12.9,7.2,10.8,9.3,30.60493851,5.056465626,1.668143272,0.908145308,0.129198968,0.671834648,0,0,0
39001,"Adams County, Ohio",OH,27509,46234.0,19.64,5.78,7.77,79.8,0.8349,0.7181,0.0229,0.4508,0.6516,12.7,39.9,35.1,33.6,22.2,7.3,21.5,16.0,18.9,10.0,14.2,10.2,22.00570488,11.18458748,7.277998447,20.3591671,0.1790471595,0.762776494,0,0,0
39003,"Allen County, Ohio",OH,102087,58976.0,12.33,6.08,7.53,87.16,0.4152,0.672,0.5326,0.6659,0.5673,12.2,40.0,34.3,28.1,17.6,6.3,19.5,13.7,15.7,8.7,13.4,8.7,17.44320869,4.002373695,2.100042343,4.078589916,0.186311036,0.921749353,0,0,0
39005,"Ashland County, Ohio",OH,52522,62254.0,11.74,3.73,6.88,84.92,0.3194,0.2081,0.0675,0.6522,0.3096,11.2,38.5,34.9,29.0,18.4,6.3,19.6,14.4,14.6,8.1,11.7,8.6,4.980051041,1.513346076,3.077235699,5.395332813,0.224879131,0.618417621,0,0,0
39007,"Ashtabula County, Ohio",OH,97666,53663.0,18.01,7.59,8.49,84.75,0.8995,0.6704,0.3675,0.7906,0.8247,13.0,45.7,35.9,32.7,20.5,7.1,21.2,15.5,18.7,9.9,14.5,10.6,21.93755722,9.956500053,6.356370449,11.68369865,0.165780783,0.828903854,0,0,0
39009,"Athens County, Ohio",OH,61276,48750.0,24.45,5.7,6.73,83.14,0.7165,0.0363,0.3086,0.9332,0.5772,12.6,37.9,36.6,26.5,18.0,6.6,20.1,14.1,15.6,8.8,12.6,8.3,16.95980453,10.9797039,4.434513092,13.85189915,0.137444451,1.05374074,0,0,0
39011,"Auglaize County, Ohio",OH,46263,75231.0,6.6,2.86,3.64,87.59,0.0229,0.1915,0.0579,0.092,0.0261,9.8,39.5,32.2,25.0,15.7,5.7,18.8,12.6,11.4,6.7,10.1,7.5,9.873385429,2.170478344,1.85661757,3.085085392,0.131348506,0.744308233,0,0,0
39013,"Belmont County, Ohio",OH,66554,56943.0,14.01,6.04,6.94,81.99,0.3503,0.1505,0.2234,0.5609,0.3067,11.5,40.9,35.4,30.2,18.6,6.5,19.8,14.8,14.9,8.3,12.4,8.6,22.25018501,6.908688068,3.000379086,6.321175098,0.212339982,0.834192812,0,0,0
39015,"Brown County, Ohio",OH,43715,66677.0,15.9,4.38,5.87,81.69,0.504,0.4006,0.021,0.392,0.3691,11.6,41.2,36.3,32.3,20.0,6.7,20.6,14.7,16.4,8.7,12.7,9.1,6.829142094,2.761825323,4.346421242,10.89776039,0.115170218,0.506748974,0,0,0
39017,"Butler County, Ohio",OH,388327,77062.0,11.85,5.06,4.87,90.4,0.3649,0.5145,0.5597,0.4254,0.4346,11.3,39.6,33.2,27.5,15.2,5.8,18.4,12.9,14.1,7.8,11.9,8.3,42.65906143,9.429896355,1.84960258,4.486752033,0.134837985,0.816807032,0,0,0
39019,"Carroll County, Ohio",OH,26761,59872.0,12.19,3.92,6.98,76.72,0.3729,0.6137,0.0525,0.3032,0.3255,11.2,38.7,33.6,30.0,19.4,6.5,20.6,14.6,15.1,8.2,12.0,9.0,6.431942463,1.902416348,3.543926716,6.551935673,0.1790471595,0.557682991,0,0,0
39021,"Champaign County, Ohio",OH,38715,70486.0,9.25,4.52,4.89,87.76,0.1705,0.1559,0.1861,0.181,0.1123,10.2,43.0,32.7,25.9,16.8,5.8,19.2,13.3,12.6,7.2,10.7,8.0,3.377480984,1.214528918,2.249361753,5.691471577,0.154004112,0.48767966,0,0,0
39023,"Clark County, Ohio",OH,135877,58954.0,15.59,6.79,7.12,88.74,0.6287,0.8387,0.4699,0.4998,0.6627,12.2,42.4,36.1,31.7,18.5,6.4,20.4,14.6,16.7,9.1,13.5,9.4,20.34616089,8.031350136,2.478865147,6.35748291,0.134737596,0.793454766,0,0,0
39025,"Clermont County, Ohio",OH,208851,79573.0,8.38,4.12,4.75,90.81,0.1896,0.1575,0.2109,0.2634,0.1479,10.4,34.4,31.7,24.1,15.7,5.6,18.5,12.4,11.7,6.8,10.2,7.5,45.37541199,9.661105156,2.49648881,5.841608047,0.106050164,0.69896698,0,0,0
39027,"Clinton County, Ohio",OH,42077,64210.0,14.46,4.75,4.03,87.33,0.3299,0.4979,0.1753,0.3303,0.3038,11.2,39.9,33.5,29.0,18.3,6.3,19.8,14.0,14.9,8.3,12.2,8.6,29.29204178,12.32618809,3.202116489,9.596045494,0.119271964,0.572505414,0,0,0
39029,"Columbiana County, Ohio",OH,101723,55473.0,13.18,4.91,7.2,84.27,0.4225,0.3621,0.1654,0.6058,0.4162,11.8,41.0,35.4,29.8,19.0,6.5,19.9,14.9,15.7,8.5,12.7,9.1,17.760849,6.127709866,3.052983046,7.963368893,0.187899292,0.801044345,0,0,0
39031,"Coshocton County, Ohio",OH,36629,52048.0,18.86,6.12,9.68,78.63,0.7623,0.7213,0.0579,0.5262,0.6351,12.2,41.4,35.3,30.4,20.6,6.9,20.7,15.4,17.3,9.4,13.4,9.9,8.09031868,2.782994986,6.277263641,10.74131966,0.164613575,0.658454299,0,0,0
39033,"Crawford County, Ohio",OH,41861,52486.0,14.06,5.53,5.53,86.21,0.5291,0.7576,0.0757,0.1489,0.3856,11.5,39.5,33.9,30.2,19.0,6.6,20.5,14.4,15.6,8.6,12.4,9.1,31.5239296,13.62624454,4.23747921,8.718443871,0.120954089,0.749915361,0,0,0
39035,"Cuyahoga County, Ohio",OH,1256620,60074.0,16.5,7.18,12.34,85.9,0.6554,0.6946,0.8043,0.6281,0.7305,11.3,35.4,34.2,23.6,15.2,5.5,17.2,12.6,17.5,9.3,14.5,8.6,16.83550072,3.313197136,0.955152571,1.212048173,0.245137364,0.955302715,0,0,0
39037,"Darke County, Ohio",OH,51751,60237.0,11.05,2.64,5.03,84.23,0.2148,0.2755,0.0407,0.0649,0.0961,11.3,36.6,33.6,28.1,18.4,6.3,20.1,14.2,14.5,8.1,11.8,8.8,9.756703377,3.493969202,1.932977915,4.022108555,0.175764084,0.527292252,0,0,0
39039,"Defiance County, Ohio",OH,38300,69302.0,10.52,4.85,5.09,86.0,0.2144,0.6239,0.4222,0.1747,0.2529,10.9,35.5,32.3,26.4,16.4,5.9,18.6,13.3,13.8,7.6,11.8,9.6,17.27102852,5.733531475,2.556456566,4.966611385,0.132352158,0.847053826,0,0,0
39041,"Delaware County, Ohio",OH,216074,123995.0,4.53,3.05,2.56,95.99,0.0054,0.1651,0.4998,0.0445,0.0239,8.7,30.9,28.2,17.1,9.9,4.4,14.2,9.3,7.8,4.8,7.2,5.3,44.06491089,4.716788769,1.469717264,2.167686701,0.093653128,0.941213906,0,0,0
39043,"Erie County, Ohio",OH,75299,65171.0,11.47,6.07,5.93,84.56,0.3462,0.5962,0.5081,0.3283,0.4015,11.0,40.3,34.4,26.0,15.6,5.8,18.9,12.9,14.0,7.8,12.1,8.2,22.21696091,6.89552784,2.378662348,4.359022141,0.149215266,1.030941844,0,0,0
39045,"Fairfield County, Ohio",OH,159371,82969.0,8.71,3.67,3.99,89.35,0.1594,0.4543,0.4699,0.182,0.196,10.4,35.3,32.7,23.5,14.5,5.5,17.6,12.1,12.2,7.1,10.7,7.4,24.64043617,5.990095139,2.082466364,6.253595352,0.08139804,0.669968486,0,0,0
39047,"Fayette County, Ohio",OH,28901,56773.0,15.81,4.33,6.64,85.02,0.5807,0.5943,0.2364,0.1454,0.3913,11.9,41.0,36.8,30.8,20.1,6.6,20.6,15.0,16.9,9.1,13.3,9.8,10.56671047,3.871974468,1.907165051,6.97743082,0.139962912,1.154693961,0,0,0
39049,"Franklin County, Ohio",OH,1318149,71070.0,14.53,4.66,7.11,92.15,0.5409,0.5297,0.776,0.6977,0.6497,11.8,33.7,33.0,23.9,14.0,5.6,18.0,12.8,15.4,8.5,12.6,8.3,24.39048195,6.543619156,1.278820276,2.525036335,0.188732803,0.916486502,0,0,0
39051,"Fulton County, Ohio",OH,42602,71453.0,8.49,3.49,2.5,88.32,0.0675,0.4467,0.3563,0.0255,0.0585,10.7,36.8,32.3,25.7,15.4,5.7,18.6,12.7,12.8,7.2,11.2,9.0,17.75691032,5.924140453,2.409108639,5.756978035,0.21485354,0.740051091,0,0,0
39053,"Gallia County, Ohio",OH,29276,55533.0,17.16,4.1,9.09,75.9,0.6535,0.3385,0.1753,0.8193,0.601,12.3,36.7,35.9,33.4,21.4,7.0,21.3,15.9,17.5,9.5,13.8,9.8,14.02512264,6.703314781,5.215260029,16.63649178,0.167773977,0.973089039,0,0,0
39055,"Geauga County, Ohio",OH,95455,97162.0,5.85,3.1,8.85,86.38,0.1139,0.1129,0.1152,0.2918,0.0961,9.3,32.7,30.3,21.2,13.3,5.2,17.2,11.4,9.9,5.9,8.9,6.9,24.44158363,4.048755646,7.738593102,3.39914155,0.192986026,0.611122429,0,0,0
39057,"Greene County, Ohio",OH,167567,81243.0,10.6,4.61,4.49,91.57,0.1715,0.0799,0.489,0.3471,0.1658,9.8,38.5,32.2,21.9,12.9,5.3,17.1,11.6,10.8,6.5,9.8,6.7,29.36239624,6.217336178,1.958538055,3.963003397,0.09992829,0.864085793,0,0,0
39059,"Guernsey County, Ohio",OH,38409,53901.0,16.98,4.56,6.92,82.96,0.6844,0.538,0.1339,0.4636,0.5352,11.9,38.1,34.5,30.8,19.4,6.9,20.8,14.8,16.4,8.9,13.0,9.5,28.99843979,12.51073933,5.106873035,10.55461502,0.309445828,0.928337514,0,0,0
39061,"Hamilton County, Ohio",OH,827671,68249.0,14.88,5.03,10.35,89.72,0.462,0.5243,0.7366,0.6713,0.5908,11.9,35.8,33.9,23.8,14.3,5.7,17.9,11.8,15.0,8.3,13.0,7.8,31.14102936,7.920987606,2.66652441,3.364649057,0.193157583,0.858206451,0,0,0
39063,"Hancock County, Ohio",OH,75072,67006.0,10.54,3.66,4.91,89.27,0.1177,0.2246,0.3563,0.349,0.1604,10.7,39.6,32.4,25.7,15.0,5.6,18.5,12.5,11.9,7.0,10.4,7.8,13.01658058,3.82783246,2.388259649,2.999507904,0.132613689,0.87525028,0,0,0
39065,"Hardin County, Ohio",OH,30622,55876.0,18.16,4.67,8.18,84.15,0.5533,0.1775,0.119,0.8575,0.5177,11.9,41.8,36.7,30.4,19.3,6.7,20.4,14.9,16.1,8.8,12.7,9.1,9.144113541,3.297940969,3.255489111,6.43490839,0.190663829,0.667323411,0,0,0
39067,"Harrison County, Ohio",OH,14528,54056.0,15.43,4.5,7.35,80.58,0.6182,0.4598,0.1037,0.5985,0.5262,11.8,41.1,35.5,29.3,19.5,6.5,21.0,14.6,15.6,8.6,12.6,9.2,15.1536026,4.588251591,6.148544312,11.14787579,0.1998135,0.66604501,0,0,0
39069,"Henry County, Ohio",OH,27601,71616.0,9.51,4.49,3.7,88.22,0.1289,0.3093,0.342,0.0719,0.0977,10.5,38.5,32.6,26.4,16.1,5.8,18.8,13.2,13.1,7.4,11.4,8.9,8.821240425,1.779265523,2.136862516,4.912263393,0.148676783,0.817722261,0,0,0
39071,"Highland County, Ohio",OH,43285,60522.0,14.85,4.37,8.76,79.18,0.5912,0.357,0.0675,0.5724,0.4763,11.8,41.1,34.7,30.9,20.0,6.6,20.8,15.0,16.1,8.8,12.9,9.4,6.103389263,2.365546227,4.520942211,13.05795288,0.138555333,0.623498976,0,0,0
39073,"Hocking County, Ohio",OH,28104,59007.0,16.6,4.71,4.1,84.9,0.545,0.812,0.0675,0.3528,0.4976,12.3,35.8,36.0,31.4,20.8,6.9,21.2,15.2,16.8,9.0,13.1,9.3,14.12870312,5.71492815,4.016372681,15.6011343,0.142374083,0.569496334,0,0,0
39075,"Holmes County, Ohio",OH,44273,72987.0,8.95,1.98,31.31,61.77,0.4887,0.1037,0.0022,0.7646,0.3923,11.7,38.8,33.5,33.4,22.3,7.0,22.1,16.6,19.0,9.7,14.1,12.6,5.186865807,2.199514389,26.03779602,3.532140732,0.363603294,0.29542768,0,0,0
39077,"Huron County, Ohio",OH,58518,64144.0,10.99,4.37,4.52,86.1,0.3118,0.6809,0.328,0.1744,0.301,11.1,34.9,32.9,28.9,17.6,6.1,19.3,13.9,14.4,7.9,12.0,9.5,13.28030777,4.686367035,2.655148745,6.273669243,0.103485748,0.724400222,0,0,0
39079,"Jackson County, Ohio",OH,32563,56549.0,17.4,5.91,6.96,81.33,0.6713,0.525,0.0337,0.6443,0.5663,12.4,44.5,38.0,32.3,20.3,6.8,21.4,15.7,16.9,9.1,12.9,9.5,5.712972164,2.582561255,3.469292641,11.55973339,0.24620688,0.861724079,0,0,0
39081,"Jefferson County, Ohio",OH,65280,53124.0,18.16,5.55,8.59,83.37,0.3856,0.3853,0.3058,0.6141,0.433,12.0,43.1,35.9,29.5,18.6,6.5,20.5,14.8,15.5,8.6,12.5,8.5,23.11209869,10.12225819,3.669496536,8.721318245,0.184788808,0.66215986,0,0,0
39083,"Knox County, Ohio",OH,62657,71246.0,12.89,3.31,6.05,87.07,0.322,0.3576,0.1094,0.4111,0.2822,10.5,37.8,33.1,26.5,16.4,5.9,19.0,12.9,13.0,7.3,10.8,8.1,20.31363869,5.950648785,3.689871311,6.239268303,0.144177631,0.865065753,0,0,0
39085,"Lake County, Ohio",OH,232236,76835.0,7.63,4.37,4.4,90.81,0.1432,0.335,0.4018,0.1483,0.1438,10.2,36.8,31.9,23.7,14.8,5.4,17.9,12.6,11.6,6.7,10.3,7.5,38.26296997,7.844172955,1.249930382,2.791496277,0.1960195,0.836349845,0,0,0
39087,"Lawrence County, Ohio",OH,57994,51846.0,17.93,3.79,5.54,82.78,0.4623,0.6503,0.0932,0.2447,0.3672,12.2,41.2,37.3,30.6,19.8,6.7,21.2,15.0,16.9,9.0,13.3,9.1,12.11939621,4.459947586,3.17702198,13.46343994,0.169230506,0.710768163,0,0,0
39089,"Licking County, Ohio",OH,178844,78505.0,9.81,3.27,5.23,91.35,0.1308,0.4906,0.3748,0.3443,0.2256,10.9,37.3,31.6,23.2,15.6,5.6,18.1,12.5,12.2,7.0,10.6,7.5,35.14570999,8.199547768,1.778115988,5.409936905,0.106681637,0.696238041,0,0,0
39091,"Logan County, Ohio",OH,46098,69125.0,10.92,3.48,5.37,88.27,0.1254,0.2676,0.1861,0.3773,0.1578,11.1,38.9,33.3,27.6,17.7,6.1,19.6,13.7,13.8,7.8,11.5,8.3,5.731298447,2.643226862,2.571837902,4.413462639,0.264748722,0.728058934,0,0,0
39093,"Lorain County, Ohio",OH,313101,67272.0,13.5,4.39,5.66,84.79,0.3589,0.595,0.5819,0.4209,0.4499,11.5,36.7,33.4,27.5,15.3,5.8,18.9,13.3,14.6,8.0,12.4,9.1,27.86970901,6.749530315,1.768499732,3.507834435,0.185795009,0.679112792,0,0,0
39095,"Lucas County, Ohio",OH,430014,57265.0,17.84,6.76,8.6,87.6,0.6545,0.6252,0.7019,0.5794,0.678,12.2,36.2,33.8,28.9,16.8,6.2,19.3,13.8,17.7,9.6,14.9,9.3,18.27772903,6.846264839,1.453427792,3.303996325,0.170443669,0.919928849,0,0,0
39097,"Madison County, Ohio",OH,43961,77062.0,10.22,3.37,3.02,89.3,0.1963,0.2988,0.377,0.2319,0.195,10.8,36.8,34.3,26.0,16.3,5.9,18.4,12.8,13.3,7.5,11.3,8.7,36.30168915,8.235741615,4.170450687,10.31184196,0.067326464,0.516169548,0,0,0
39099,"Mahoning County, Ohio",OH,227979,54279.0,17.59,7.21,8.14,85.76,0.559,0.7216,0.6128,0.5043,0.6179,11.8,38.9,34.1,26.5,17.6,6.2,19.4,14.0,17.2,9.4,14.1,9.6,35.5404892,15.37773705,4.204702377,9.432764053,0.150392562,0.911202013,0,0,0
39101,"Marion County, Ohio",OH,65366,55106.0,16.08,5.7,7.56,86.98,0.6007,0.6242,0.3802,0.7222,0.6443,12.5,44.1,37.0,32.5,19.9,6.8,19.9,15.0,16.8,9.2,13.5,9.8,32.19493103,13.51471424,4.021429062,10.21337318,0.169700712,0.725084841,0,0,0
39103,"Medina County, Ohio",OH,182347,89968.0,5.95,2.97,3.53,90.43,0.0207,0.0888,0.1861,0.0388,0.0111,9.4,35.9,31.3,22.6,13.2,5.1,17.4,11.5,9.6,5.9,8.9,6.7,23.22322083,3.870434761,1.164398789,2.550628662,0.116078533,0.690943658,0,0,0
39105,"Meigs County, Ohio",OH,22242,46255.0,19.59,6.37,6.63,73.75,0.7795,0.7149,0.015,0.3831,0.5848,13.5,44.0,38.2,36.9,22.8,7.7,22.5,16.8,19.8,10.5,14.7,10.3,33.91938019,14.90832615,5.565367222,20.02178383,0.1790471595,0.749625206,0,0,0
39107,"Mercer County, Ohio",OH,42321,73278.0,6.36,2.0,4.35,88.82,0.0223,0.104,0.0627,0.1257,0.0223,9.7,36.4,32.4,26.0,15.5,5.6,18.6,12.4,11.5,6.6,10.0,7.6,12.96682167,2.606130362,1.295093775,2.702041864,0.169598296,0.775306463,0,0,0
39109,"Miami County, Ohio",OH,108818,71440.0,8.46,3.38,4.68,89.56,0.1034,0.2752,0.2444,0.0579,0.0643,10.3,33.3,32.0,24.6,15.5,5.6,18.4,12.7,12.0,6.9,10.4,7.5,15.97285175,3.942681313,1.057729244,2.818979263,0.093009412,0.799880922,0,0,0
39111,"Monroe County, Ohio",OH,13401,55381.0,13.9,5.46,9.02,77.86,0.483,0.4429,0.0299,0.5437,0.4263,12.0,40.4,35.3,31.4,20.7,6.9,21.0,15.1,16.9,9.2,13.3,9.4,6.351624012,2.561995506,5.233325005,11.05840874,0.1790471595,0.662446618,0,0,0
39113,"Montgomery County, Ohio",OH,536121,61942.0,15.12,5.89,8.99,88.48,0.5803,0.6952,0.6752,0.686,0.6904,12.5,37.4,33.4,28.2,15.7,5.9,19.0,13.2,15.8,9.0,13.7,8.1,28.76849937,10.13499641,2.758332253,4.895036697,0.154248416,0.944301248,0,0,0
39115,"Morgan County, Ohio",OH,13851,51056.0,16.57,4.93,5.75,76.08,0.7101,0.483,0.2485,0.4372,0.5425,12.3,41.0,35.9,31.2,20.0,6.8,20.7,15.0,16.7,9.2,13.4,9.4,14.93042469,7.864572525,4.548089981,15.23536015,0.209716886,0.349528134,0,0,0
39117,"Morrow County, Ohio",OH,35049,70412.0,10.58,2.59,4.47,87.89,0.195,0.3366,0.0474,0.2011,0.1486,11.0,39.4,32.6,28.1,17.8,6.1,19.7,13.8,13.4,7.6,11.2,8.5,2.164244652,0.376345903,4.528624058,8.957167625,0.084719434,0.423597187,0,0,0
39119,"Muskingum County, Ohio",OH,86393,56810.0,15.62,4.62,6.89,86.76,0.4989,0.4795,0.2587,0.636,0.511,12.0,43.9,35.3,28.5,18.5,6.4,20.2,14.3,15.0,8.5,12.3,8.5,23.66942406,10.6559391,3.70679903,12.04172707,0.151127651,0.918391049,0,0,0
39121,"Noble County, Ohio",OH,14216,51547.0,16.63,4.53,10.17,76.5,0.5282,0.5307,0.119,0.8508,0.5902,11.8,41.6,35.3,30.0,19.7,7.0,20.3,14.7,15.6,8.5,12.5,9.8,42.92465591,14.30613613,3.991405487,9.150998116,0.208855465,0.696184933,0,0,0
39123,"Ottawa County, Ohio",OH,40367,69515.0,8.77,3.37,3.9,84.35,0.0659,0.3306,0.2485,0.2027,0.105,9.6,37.9,32.2,25.6,14.6,5.4,18.2,12.4,11.0,6.5,9.9,7.8,30.97589111,8.957107544,2.989237785,6.630246639,0.173900083,0.919186175,0,0,0
39125,"Paulding County, Ohio",OH,18827,65331.0,9.42,3.94,4.35,79.22,0.1658,0.7187,0.2399,0.0356,0.1387,11.2,41.1,34.0,29.1,17.5,6.1,19.5,13.7,14.3,7.8,11.7,9.3,19.50806999,6.226408958,4.580452442,7.692051411,0.160875157,0.536250532,0,0,0
39127,"Perry County, Ohio",OH,35451,62899.0,15.34,4.9,7.32,83.81,0.441,0.2803,0.0229,0.5889,0.3688,11.6,38.1,35.2,30.5,19.4,6.6,20.3,14.7,15.5,8.5,12.2,9.2,3.619321823,1.78102529,3.459889889,14.04534435,0.248515815,0.414193004,0,0,0
39129,"Pickaway County, Ohio",OH,58809,67600.0,12.49,4.14,5.99,86.12,0.3681,0.2488,0.2164,0.5867,0.3592,11.1,39.6,35.8,28.5,18.0,6.2,19.2,13.7,14.1,7.8,11.7,8.8,15.62946796,3.032953739,1.395755172,6.020788193,0.119335808,0.681918919,0,0,0
39131,"Pike County, Ohio",OH,27151,50832.0,19.84,5.16,6.12,77.33,0.7617,0.7229,0.0735,0.629,0.6701,13.2,43.0,38.4,34.9,23.3,7.6,22.6,16.7,20.3,10.8,15.0,10.7,4.896713734,1.398214579,5.654302597,16.84317398,0.180537999,0.577721596,0,0,0
39133,"Portage County, Ohio",OH,161217,69796.0,11.3,5.55,7.14,87.34,0.4006,0.029,0.3649,0.7337,0.3293,10.5,34.0,32.3,24.7,15.7,5.9,18.5,12.7,12.6,7.4,10.8,7.5,34.72175598,9.635993958,2.466202736,6.71994257,0.116863385,0.781139493,0,0,0
39135,"Preble County, Ohio",OH,40929,66355.0,10.33,3.39,4.06,85.79,0.1079,0.2313,0.0337,0.0153,0.0328,10.5,39.4,32.9,28.4,17.3,6.0,19.6,13.5,12.9,7.3,10.8,8.0,13.51635265,2.982076883,2.48095274,6.438673973,0.073464587,0.563228548,0,0,0
39137,"Putnam County, Ohio",OH,34400,79453.0,6.56,2.18,2.55,85.94,0.0025,0.1422,0.2364,0.0407,0.0102,9.8,43.5,31.1,23.2,14.2,5.4,17.9,12.3,10.7,6.3,9.7,7.7,23.92667007,4.870535374,2.186637163,5.730395317,0.089142449,0.772567868,0,0,0
39139,"Richland County, Ohio",OH,125008,56557.0,13.87,4.77,7.57,85.59,0.5208,0.3455,0.4407,0.679,0.5329,12.1,39.2,34.3,28.8,18.6,6.5,20.2,14.6,16.4,9.1,13.6,9.5,36.38857651,13.63021851,4.748871803,7.953203201,0.157166377,0.744472265,0,0,0
39141,"Ross County, Ohio",OH,76957,58048.0,16.11,5.73,6.54,85.09,0.6408,0.363,0.3322,0.7257,0.5931,12.6,43.9,36.3,29.4,19.9,6.7,20.5,14.6,16.9,9.1,13.4,9.7,13.44465351,5.622649193,3.3848207,12.17572594,0.196283698,0.706621289,0,0,0
39143,"Sandusky County, Ohio",OH,58885,60814.0,12.96,4.76,4.56,86.81,0.2466,0.4537,0.4779,0.2208,0.2622,11.6,40.6,34.1,27.7,16.9,6.2,19.2,13.8,14.8,8.3,12.5,9.7,10.71753025,3.26615262,1.855742455,3.780080318,0.205651999,0.754057348,0,0,0
39145,"Scioto County, Ohio",OH,73716,46360.0,23.79,7.51,7.2,83.58,0.8008,0.4575,0.1861,0.9049,0.7474,12.9,44.7,39.3,34.5,21.4,7.3,22.4,16.5,19.2,10.2,14.2,9.8,7.331828117,3.222729921,4.075908661,15.33230209,0.147954866,0.780125618,0,0,0
39147,"Seneca County, Ohio",OH,55062,62476.0,11.63,4.19,5.74,85.58,0.1607,0.2975,0.3322,0.4416,0.2265,11.1,36.3,32.0,28.3,17.2,5.9,19.2,13.7,13.6,7.7,11.5,8.6,24.11486053,8.388567924,2.998890162,6.376953602,0.163821042,0.47326076,0,0,0
39149,"Shelby County, Ohio",OH,48145,73502.0,10.92,4.9,3.97,89.77,0.1874,0.2778,0.2164,0.1855,0.1467,10.9,39.5,33.5,28.0,17.4,6.2,19.5,13.7,13.8,7.8,11.4,8.4,14.75920105,4.154876232,2.279698849,4.822753906,0.124128513,0.641330659,0,0,0
39151,"Stark County, Ohio",OH,374199,63130.0,13.17,4.32,6.83,84.93,0.2835,0.4088,0.4248,0.3742,0.3147,11.1,40.5,33.2,27.5,17.6,6.0,19.3,13.5,14.0,8.0,12.0,8.1,28.92909241,8.576045036,2.274194479,4.838506222,0.173079625,0.916781127,0,0,0
39153,"Summit County, Ohio",OH,539361,68360.0,12.41,5.27,7.77,89.54,0.3815,0.5237,0.6096,0.3843,0.4407,11.4,37.5,32.9,24.9,14.9,5.5,18.5,12.9,14.4,8.0,12.3,7.6,31.07135582,7.609336853,1.763670683,3.159719467,0.170728907,0.909316957,0,0,0
39155,"Trumbull County, Ohio",OH,201749,53537.0,17.14,4.82,7.99,81.96,0.56,0.6023,0.413,0.5183,0.5533,12.1,39.8,33.8,29.3,19.1,6.5,20.4,14.3,17.3,9.2,13.7,9.1,29.85401726,11.29064178,3.631538153,6.016661644,0.203252032,0.772357702,0,0,0
39157,"Tuscarawas County, Ohio",OH,92840,61953.0,12.47,5.49,7.13,82.97,0.5822,0.3723,0.1225,0.3898,0.4216,11.0,43.4,34.3,28.3,18.0,6.2,20.0,13.9,15.2,8.2,12.3,9.5,11.54372883,3.036015272,3.214201927,6.390606403,0.185233608,0.806311011,0,0,0
39159,"Union County, Ohio",OH,63411,104496.0,5.17,2.93,2.94,93.47,0.0089,0.0455,0.3723,0.1066,0.0172,9.3,39.0,30.2,22.8,12.2,4.9,16.6,11.0,9.5,5.7,8.7,6.5,38.26631165,8.379693031,3.291521788,5.256414413,0.099965014,0.483164221,0,0,0
39161,"Van Wert County, Ohio",OH,28833,64841.0,8.37,3.8,4.16,85.5,0.0608,0.4015,0.1753,0.0299,0.0449,10.6,37.4,33.3,27.6,17.0,5.9,19.4,13.3,13.0,7.4,11.1,8.5,20.23229218,6.840034485,2.318298101,5.760826111,0.142050505,0.781277716,0,0,0
39163,"Vinton County, Ohio",OH,12790,50967.0,19.07,3.61,4.49,75.76,0.4979,0.5291,0.0169,0.2765,0.3595,12.3,39.7,35.4,31.3,21.3,7.0,21.3,15.6,17.9,9.5,13.6,10.1,4.97219038,2.409393072,6.336856842,22.99067879,0.1790471595,0.462534696,0,0,0
39165,"Warren County, Ohio",OH,243189,103128.0,5.14,2.97,2.6,94.15,0.0102,0.1339,0.4569,0.1689,0.0461,9.4,32.1,28.8,19.6,12.1,4.9,16.1,10.6,9.3,5.5,8.4,6.3,45.73768234,6.104115009,1.697833896,2.702508688,0.125832587,0.629162967,0,0,0
39167,"Washington County, Ohio",OH,59639,59053.0,14.15,5.24,5.19,83.18,0.454,0.2628,0.0881,0.4388,0.3274,10.8,43.9,34.8,27.9,17.8,6.3,19.5,13.7,13.6,8.0,11.6,8.2,11.16706753,4.066606522,3.194016218,7.655522346,0.167638972,0.871722639,0,0,0
39169,"Wayne County, Ohio",OH,116680,70320.0,8.79,3.35,10.02,83.03,0.392,0.244,0.1457,0.7413,0.4123,10.8,38.0,32.8,26.1,17.1,6.0,19.1,13.6,13.8,7.6,11.1,8.8,16.47765541,4.841095448,5.607161045,5.574971199,0.250661224,0.648261786,0,0,0
39171,"Williams County, Ohio",OH,36973,60632.0,11.19,3.51,4.47,85.69,0.1903,0.4585,0.2323,0.1635,0.1785,11.6,40.7,34.4,29.9,18.3,6.3,19.8,14.1,14.8,8.2,12.2,9.5,29.77626228,10.47954273,3.649498463,9.153635979,0.136742786,0.793108165,0,0,0
39173,"Wood County, Ohio",OH,131564,70537.0,12.92,4.93,4.3,90.74,0.2164,0.022,0.3818,0.4741,0.1562,10.2,38.9,32.3,23.0,13.9,5.6,17.5,12.2,11.7,6.7,10.0,7.4,30.8134346,8.041117668,2.232743979,4.467692375,0.129659146,0.84659797,0,0,0
39175,"Wyandot County, Ohio",OH,21818,68552.0,6.9,2.78,4.62,84.17,0.021,0.4263,0.0821,0.1177,0.0487,10.2,35.5,32.9,25.3,15.9,5.6,18.7,12.7,11.9,6.8,10.2,7.8,6.652029514,1.694714069,2.423198223,3.847698927,0.184238404,0.783013225,0,0,0
40001,"Adair County, Oklahoma",OK,19726,44955.0,22.32,6.36,10.15,55.05,0.9348,0.9039,0.9284,0.7967,0.9472,15.2,46.1,40.5,39.7,26.2,8.2,22.3,18.2,31.4,16.4,22.1,14.1,9.651418686,5.164924622,4.060345173,16.3115654,0.18219085,0.546572506,0,0,0
40003,"Alfalfa County, Oklahoma",OK,5683,75028.0,11.79,4.04,1.91,85.62,0.2953,0.377,0.5119,0.3051,0.3048,11.1,39.6,37.0,29.9,17.4,6.6,17.7,13.3,16.4,8.7,13.0,11.6,58.50933456,14.83579826,1.710552096,4.756617546,0.1790471595,0.6513130965,0,0,0
40005,"Atoka County, Oklahoma",OK,14117,49181.0,18.2,5.64,6.99,74.34,0.8199,0.7076,0.6949,0.8718,0.8556,12.7,40.4,38.9,33.3,21.8,7.3,19.9,15.6,23.0,12.0,16.8,12.9,34.67367935,14.98558712,3.900779724,13.36981964,0.1790471595,0.503162742,0,0,0
40007,"Beaver County, Oklahoma",OK,5071,62981.0,7.07,1.87,2.55,87.49,0.3309,0.9332,0.6936,0.0595,0.4034,11.3,39.0,35.6,32.4,15.8,6.3,17.5,13.9,19.3,9.5,15.4,16.1,38.18638611,11.87733555,3.204204321,3.702464342,0.1790471595,0.6513130965,0,0,0
40009,"Beckham County, Oklahoma",OK,22295,51499.0,21.94,6.16,5.57,87.0,0.8473,0.3045,0.6287,0.9698,0.8403,12.4,40.1,39.1,34.6,20.2,7.2,19.2,15.2,22.7,11.2,16.8,14.9,26.51234818,7.84834671,3.316458702,4.822824478,0.186323836,1.071362019,0,0,0
40011,"Blaine County, Oklahoma",OK,8661,56843.0,13.67,6.83,2.16,83.62,0.7009,0.9621,0.6701,0.3656,0.7553,11.4,38.4,37.0,31.5,18.1,6.4,19.1,14.3,19.3,9.9,14.9,12.8,61.38960266,23.50807381,2.116343737,8.551514626,0.1790471595,0.63512224,0,0,0
40013,"Bryan County, Oklahoma",OK,46528,54289.0,16.31,4.75,5.23,77.66,0.8209,0.7506,0.6764,0.7747,0.8416,12.0,40.4,37.6,33.3,19.6,6.9,19.7,15.4,21.1,11.1,15.7,11.7,26.43148994,10.79182339,3.242822409,8.485888481,0.081635982,0.59186089,0,0,0
40015,"Caddo County, Oklahoma",OK,26910,52443.0,18.62,5.97,8.08,81.28,0.7601,0.8801,0.8304,0.8171,0.8705,13.9,40.3,39.9,36.9,21.8,7.4,19.5,16.1,25.2,12.8,18.6,15.8,22.88853455,9.854884148,3.469332218,9.193533897,0.174313203,0.522939622,0,0,0
40017,"Canadian County, Oklahoma",OK,156681,82364.0,7.97,4.07,3.34,92.37,0.245,0.5253,0.6316,0.3248,0.3433,9.9,38.6,34.6,26.6,13.2,5.3,17.5,12.0,13.7,7.3,11.3,9.5,34.24821091,7.557499886,1.298244119,3.031069279,0.065277562,0.613609076,0,0,0
40019,"Carter County, Oklahoma",OK,48202,56390.0,15.33,4.16,5.06,78.9,0.6532,0.9707,0.6971,0.4652,0.7751,11.9,39.7,37.8,33.6,18.2,6.5,19.4,14.3,20.2,10.4,15.4,11.4,18.06987381,7.637731552,2.411429405,6.278990746,0.186131164,0.744524658,0,0,0
40021,"Cherokee County, Oklahoma",OK,47412,52410.0,20.77,5.61,6.45,79.24,0.847,0.7241,0.8899,0.9669,0.9236,13.1,44.4,38.8,31.3,20.4,7.0,20.2,15.8,23.2,12.7,17.6,11.2,27.90363884,14.03971767,4.236453056,9.75122261,0.081601009,0.489606082,0,0,0
40023,"Choctaw County, Oklahoma",OK,14285,43252.0,22.77,6.88,8.34,71.51,0.9367,0.9567,0.797,0.7588,0.9485,13.8,45.5,39.8,36.6,22.3,7.4,21.2,16.5,26.2,13.5,19.4,12.6,37.17069626,21.08263969,5.898831367,21.39125252,0.1790471595,0.614502251,0,0,0
40025,"Cimarron County, Oklahoma",OK,2272,57100.0,10.92,0.18,3.19,67.69,0.2587,0.9647,0.6656,0.015,0.3134,10.1,38.4,33.0,29.1,13.9,5.6,16.7,12.5,16.0,8.0,13.0,13.7,40.42378235,15.06956482,0.558748603,2.886892319,0.1790471595,0.6513130965,0,0,0
40027,"Cleveland County, Oklahoma",OK,295060,71757.0,12.84,4.66,4.13,91.11,0.4954,0.3404,0.6752,0.6694,0.5527,10.7,37.6,34.3,26.9,14.1,5.7,17.5,12.4,15.6,8.1,12.4,9.6,22.53600121,5.598686218,0.752280056,3.159640074,0.114956141,0.794242442,0,0,0
40029,"Coal County, Oklahoma",OK,5287,47117.0,22.94,5.64,6.39,78.49,0.8314,0.9373,0.7226,0.4753,0.8358,13.9,42.9,39.5,37.4,24.1,7.9,22.0,17.4,27.0,14.0,19.0,13.2,27.38805389,11.28592014,4.693264961,11.2052145,0.1790471595,0.536960781,0,0,0
40031,"Comanche County, Oklahoma",OK,121777,57150.0,16.58,6.63,8.29,88.11,0.8129,0.8899,0.8346,0.9345,0.9211,12.7,43.7,37.7,33.4,18.3,6.4,18.8,14.4,21.4,10.7,16.6,12.1,27.92495155,11.2044754,2.122446775,4.541601181,0.115607888,0.73493588,0,0,0
40033,"Cotton County, Oklahoma",OK,5537,60208.0,21.78,2.22,7.07,81.45,0.4976,0.3274,0.6233,0.21,0.3859,12.1,42.9,37.7,33.0,19.6,6.9,19.8,15.2,20.8,10.7,15.4,12.0,23.48892784,6.936432838,2.363171577,9.20566082,0.1790471595,0.6513130965,0,0,0
40035,"Craig County, Oklahoma",OK,14144,48018.0,19.26,4.62,5.18,72.35,0.8333,0.936,0.7798,0.91,0.9316,13.2,41.9,39.6,34.4,22.8,7.5,21.2,16.4,25.0,13.1,18.2,12.6,26.772995,13.76635265,2.515563488,6.630628586,0.1790471595,0.563618422,0,0,0
40037,"Creek County, Oklahoma",OK,72076,61657.0,13.55,3.65,4.61,85.27,0.4076,0.5358,0.6185,0.5714,0.5205,11.2,39.7,34.8,29.9,18.7,6.4,19.3,14.1,18.1,9.6,14.1,10.6,15.85748482,5.326915264,2.257124901,8.687363625,0.097922638,0.489613205,0,0,0
40039,"Custer County, Oklahoma",OK,28391,58669.0,16.04,2.88,4.01,89.26,0.6332,0.756,0.7089,0.7528,0.7607,11.8,43.1,35.6,32.1,17.0,6.6,18.4,14.0,19.4,10.0,15.1,12.3,42.10711288,16.33553886,1.172360539,3.768766403,0.139625803,0.767941892,0,0,0
40041,"Delaware County, Oklahoma",OK,40791,53290.0,19.05,5.24,4.28,79.37,0.8326,0.7222,0.7474,0.5326,0.7878,12.5,38.0,38.6,33.4,21.6,7.1,21.2,16.0,23.5,12.6,17.4,11.6,21.14766121,9.260803223,3.289625406,12.66083622,0.069547474,0.301372409,0,0,0
40043,"Dewey County, Oklahoma",OK,4504,61310.0,14.24,5.2,2.48,83.93,0.4318,0.3649,0.5326,0.1982,0.3347,11.0,38.4,36.3,30.8,18.1,6.4,19.1,14.0,17.7,9.3,13.5,10.7,64.11483002,25.08831215,1.603719354,4.456864834,0.623052955,0.6513130965,0,0,0
40045,"Ellis County, Oklahoma",OK,3755,57768.0,14.69,8.8,5.17,82.51,0.671,0.8218,0.4273,0.1413,0.5323,10.6,40.1,35.8,30.7,17.3,6.2,18.8,13.7,16.7,8.7,13.1,11.3,42.67454529,13.64768028,2.487352371,5.826627254,0.1790471595,0.6513130965,0,0,0
40047,"Garfield County, Oklahoma",OK,62456,64165.0,14.0,4.58,4.12,85.14,0.6783,0.9303,0.6402,0.5517,0.7706,11.3,42.1,36.1,31.3,17.3,6.2,17.6,13.3,18.5,9.4,14.5,12.5,19.05841255,4.965848923,0.531871796,2.693522215,0.147858515,0.788578749,0,0,0
40049,"Garvin County, Oklahoma",OK,25806,53600.0,14.7,2.79,3.96,84.59,0.5336,0.8689,0.6328,0.1931,0.546,11.9,38.5,37.4,33.1,19.5,6.7,20.0,14.7,20.7,10.5,15.4,12.5,12.94130898,4.986544132,1.932894588,5.406826973,0.216676906,0.866707623,0,0,0
40051,"Grady County, Oklahoma",OK,55314,74349.0,11.01,5.03,3.99,84.87,0.3637,0.4368,0.5326,0.4983,0.434,10.3,38.3,35.6,28.4,16.4,6.0,18.7,13.1,15.9,8.4,12.5,10.5,27.88529587,7.112019539,1.704579949,6.057741165,0.107323006,0.482953519,0,0,0
40053,"Grant County, Oklahoma",OK,4152,58980.0,13.25,3.44,2.96,73.78,0.2714,0.4413,0.4273,0.1225,0.2208,10.4,36.5,35.3,30.2,17.6,6.2,18.9,13.6,16.3,8.7,12.8,10.2,65.34024048,19.15140343,0.406585604,6.634987831,0.1790471595,0.6513130965,0,0,0
40055,"Greer County, Oklahoma",OK,5531,55204.0,16.57,5.79,8.05,77.77,0.7353,0.5177,0.6287,0.7162,0.727,11.6,42.2,37.8,32.1,18.2,6.5,18.3,14.1,18.9,9.7,14.9,13.3,16.99923325,7.066794872,2.379514456,8.671167374,0.1790471595,0.6513130965,0,0,0
40057,"Harmon County, Oklahoma",OK,2499,55729.0,17.59,7.44,5.24,80.5,0.8807,0.7779,0.8508,0.2428,0.7572,13.8,42.7,38.5,37.7,18.3,7.0,18.8,15.7,25.9,12.5,19.6,17.7,8.287625313,2.050893068,0.476366967,4.24809885,0.1790471595,0.6513130965,0,0,0
40059,"Harper County, Oklahoma",OK,3272,59934.0,14.09,2.61,1.73,80.41,0.3089,0.8489,0.6487,0.146,0.4028,11.2,39.3,35.6,31.6,16.1,6.4,17.8,13.9,18.8,9.4,14.7,14.8,51.22367096,20.20410728,2.250283957,4.161715984,0.1790471595,0.6513130965,0,0,0
40061,"Haskell County, Oklahoma",OK,11651,46239.0,21.44,7.71,5.42,76.94,0.916,0.9166,0.686,0.3866,0.8387,12.4,42.3,38.2,34.4,21.3,7.2,20.6,15.9,22.7,11.9,16.7,12.1,38.16976166,17.73762321,2.666867733,14.41290951,0.237116665,0.316155553,0,0,0
40063,"Hughes County, Oklahoma",OK,13409,44799.0,20.84,6.28,4.66,73.81,0.7999,0.727,0.776,0.6096,0.7945,13.4,42.2,39.9,35.4,22.5,7.5,20.2,16.1,25.1,13.0,18.4,13.5,18.78614235,7.441515923,2.536194801,8.700778008,0.22855401,0.457108021,0,0,0
40065,"Jackson County, Oklahoma",OK,24776,60954.0,14.54,4.23,6.41,88.28,0.6831,0.7646,0.7706,0.4451,0.6981,12.2,41.1,37.3,34.0,16.7,6.5,18.0,14.3,20.5,10.1,15.9,14.1,31.70923424,10.08620739,1.845590472,4.918804169,0.1790471595,0.617156982,0,0,0
40067,"Jefferson County, Oklahoma",OK,5420,48346.0,23.14,4.3,8.41,70.93,0.7232,0.992,0.5978,0.398,0.8056,12.8,41.2,38.8,36.1,21.4,7.5,20.4,16.1,23.4,11.7,16.8,13.7,26.06135559,13.59055519,2.536024332,13.43567848,0.1790471595,0.6513130965,0,0,0
40069,"Johnston County, Oklahoma",OK,10410,48476.0,22.84,5.48,6.76,74.42,0.7611,0.9154,0.7016,0.8556,0.875,13.2,40.2,38.5,35.8,22.1,7.6,21.0,16.6,23.8,12.6,17.4,12.2,33.73973465,13.61333942,2.897058964,12.44440651,0.1790471595,0.277161866,0,0,0
40071,"Kay County, Oklahoma",OK,43859,53746.0,16.37,6.25,6.53,78.98,0.8053,0.957,0.6449,0.6341,0.8549,11.9,43.1,36.9,30.7,19.6,6.8,19.9,14.9,20.1,10.5,15.2,11.6,38.18689728,15.26196003,3.281888247,8.433174133,0.138651386,0.808799744,0,0,0
40073,"Kingfisher County, Oklahoma",OK,15290,65167.0,12.22,2.53,3.15,86.14,0.3153,0.7117,0.6166,0.2297,0.398,10.3,37.2,34.5,32.5,15.8,6.0,17.9,13.2,16.5,8.5,13.3,12.5,18.861866,4.116712093,1.461492658,3.397524118,0.189801335,0.506136894,0,0,0
40075,"Kiowa County, Oklahoma",OK,8446,42679.0,23.16,4.42,2.76,80.24,0.7763,0.9475,0.6373,0.2577,0.741,13.1,42.8,38.7,34.4,20.5,7.4,20.3,15.9,23.5,12.0,17.3,13.7,41.75582886,19.27781105,3.515285254,11.38924026,0.343210161,0.6513130965,0,0,0
40077,"Latimer County, Oklahoma",OK,9537,42735.0,16.66,7.82,3.87,77.0,0.8816,0.6672,0.7655,0.7038,0.8396,13.8,43.1,39.2,36.0,23.8,7.8,21.9,17.3,26.9,14.0,19.3,12.8,19.52877998,7.434202194,4.13304472,12.59492397,0.1790471595,0.6513130965,0,0,0
40079,"Le Flore County, Oklahoma",OK,48525,46750.0,20.4,5.18,5.86,75.34,0.8899,0.972,0.6742,0.7566,0.924,13.0,40.4,38.4,36.6,22.4,7.5,21.0,16.3,23.6,12.2,17.2,13.1,18.03305054,9.155388832,3.973057508,14.25648022,0.080104135,0.42054671,0,0,0
40081,"Lincoln County, Oklahoma",OK,33734,57656.0,14.28,3.02,2.87,76.98,0.4362,0.651,0.5183,0.196,0.4101,11.4,43.9,37.7,31.6,19.2,6.7,19.6,14.7,19.2,10.0,14.5,10.8,27.3223114,11.0987196,2.925374508,9.113728523,0.142673701,0.570694804,0,0,0
40083,"Logan County, Oklahoma",OK,49919,80565.0,13.57,2.91,3.22,88.72,0.2418,0.2374,0.5829,0.4699,0.3003,10.3,40.2,36.0,28.0,15.5,5.8,17.9,12.5,15.5,8.4,12.7,9.9,53.40716171,15.25222206,2.310642719,7.359317303,0.082005866,0.26651907,0,0,0
40085,"Love County, Oklahoma",OK,10158,60758.0,14.21,5.42,3.61,79.98,0.7019,0.9367,0.686,0.5752,0.7961,12.2,38.8,37.0,33.7,18.8,6.7,19.3,14.9,21.0,10.5,16.0,14.2,19.37078094,5.825269222,2.291065931,5.901551247,0.1790471595,0.488758564,0,0,0
40087,"McClain County, Oklahoma",OK,42393,80150.0,7.09,4.08,1.31,90.08,0.3061,0.5479,0.574,0.1619,0.2991,9.8,38.1,35.5,27.8,15.2,5.8,17.9,12.8,14.7,7.9,12.0,10.1,9.290120125,3.390714884,1.950246692,5.998579979,0.072554901,0.749733984,0,0,0
40089,"McCurtain County, Oklahoma",OK,31003,47046.0,21.1,4.86,7.77,74.02,0.7906,0.9819,0.7859,0.6971,0.8976,13.3,42.7,38.6,35.3,21.7,7.4,20.7,16.0,25.0,12.9,18.5,12.8,28.40285683,13.78370857,4.363506794,13.47639656,0.122055411,0.457707793,0,0,0
40091,"McIntosh County, Oklahoma",OK,19159,43467.0,22.14,3.99,5.21,71.78,0.7986,0.6694,0.706,0.5418,0.7528,13.2,44.9,40.5,37.0,22.9,7.6,21.6,16.7,25.0,13.2,18.3,12.1,14.20057964,6.644692421,2.348998308,13.55907631,0.203717858,0.560224116,0,0,0
40093,"Major County, Oklahoma",OK,7678,67621.0,11.65,1.8,3.54,88.41,0.1893,0.8654,0.4741,0.2491,0.3579,10.5,42.2,34.2,31.8,17.6,6.1,18.8,13.7,16.6,8.6,13.1,11.6,10.81095219,2.888245344,2.017832518,4.547927856,0.395830572,0.395830572,0,0,0
40095,"Marshall County, Oklahoma",OK,15494,53734.0,18.78,5.78,4.07,78.06,0.868,0.9946,0.7442,0.3843,0.8769,12.2,39.7,36.7,35.2,19.4,6.9,19.8,15.4,22.6,11.3,17.0,14.5,29.1362133,14.43409729,3.255670786,11.09687996,0.23372677,0.525885224,0,0,0
40097,"Mayes County, Oklahoma",OK,39324,56552.0,17.05,5.91,4.39,85.33,0.7394,0.8269,0.7474,0.4788,0.7499,12.1,41.6,38.4,33.5,20.7,7.0,20.5,15.6,21.8,11.8,16.5,10.9,12.58083057,5.486279964,2.820663691,12.18420696,0.170101091,0.704704523,0,0,0
40099,"Murray County, Oklahoma",OK,13837,60213.0,14.62,2.09,3.44,72.64,0.4397,0.6879,0.6656,0.581,0.5775,11.3,41.6,36.7,32.9,18.5,6.5,19.3,14.6,19.4,10.2,14.9,11.6,15.85858727,5.71048069,2.009373188,5.37560463,0.214976713,0.788247943,0,0,0
40101,"Muskogee County, Oklahoma",OK,66606,50289.0,18.1,5.69,7.82,74.88,0.8886,0.9427,0.8403,0.9882,0.9774,13.4,41.7,39.5,35.0,21.2,7.3,21.0,16.4,24.4,13.1,18.3,12.5,14.63655949,5.884281635,2.319370031,7.848623276,0.162697822,0.85786128,0,0,0
40103,"Noble County, Oklahoma",OK,10981,66813.0,10.79,3.97,1.6,78.88,0.2431,0.8743,0.5326,0.3538,0.4458,10.5,41.8,35.3,31.1,17.4,6.1,19.2,13.8,16.5,8.8,13.0,10.0,31.78634834,12.31751156,1.662242174,5.157170773,0.1790471595,0.629892945,0,0,0
40105,"Nowata County, Oklahoma",OK,9460,50960.0,15.97,4.32,5.57,67.47,0.6004,0.6895,0.7276,0.518,0.6529,12.3,40.3,37.7,33.2,20.6,6.9,20.5,15.3,21.3,11.5,16.2,10.7,24.94752884,10.72905636,2.172323704,9.122340202,0.1790471595,0.6513130965,0,0,0
40107,"Okfuskee County, Oklahoma",OK,11349,45429.0,26.68,3.46,6.87,75.3,0.8037,0.783,0.7843,0.8632,0.8715,14.7,45.6,41.5,37.4,24.8,8.2,21.2,17.3,28.6,14.8,20.3,14.0,14.84899235,7.457533836,3.881178379,12.21074867,0.254993618,0.254993618,0,0,0
40109,"Oklahoma County, Oklahoma",OK,795822,62505.0,15.8,4.61,6.15,89.21,0.7801,0.8454,0.8403,0.7012,0.8431,12.0,37.9,35.9,29.1,14.5,6.3,17.7,13.0,18.9,9.9,15.9,12.6,21.86232376,6.94141674,1.334194541,3.240736485,0.126859203,0.970099807,0,0,0
40111,"Okmulgee County, Oklahoma",OK,36900,50819.0,18.01,7.23,6.46,80.08,0.8928,0.8495,0.7646,0.9033,0.922,13.2,45.3,39.8,36.0,20.8,7.0,20.7,15.6,22.9,12.1,17.5,11.5,27.0287571,16.19054985,4.682152748,16.0144825,0.078464195,0.549249351,0,0,0
40113,"Osage County, Oklahoma",OK,46004,58189.0,12.53,5.55,4.12,82.37,0.5997,0.4477,0.7537,0.5896,0.6207,11.4,46.4,39.2,30.0,18.4,6.5,19.2,14.0,19.5,10.5,15.7,10.6,37.55539322,16.0096302,3.782161713,9.432878494,0.1790471595,0.40735817,0,0,0
40115,"Ottawa County, Oklahoma",OK,30472,46186.0,20.41,3.82,5.58,78.43,0.8015,0.9717,0.7458,0.8756,0.9252,13.2,42.3,37.4,35.4,22.3,7.5,21.0,16.3,23.9,12.8,17.7,12.2,15.91348553,8.951303482,2.834715366,10.34957314,0.097153403,0.453382552,0,0,0
40117,"Pawnee County, Oklahoma",OK,15682,56279.0,15.04,3.51,3.27,73.5,0.4636,0.5227,0.6083,0.4464,0.4979,11.5,39.6,36.4,31.5,19.7,6.7,19.9,14.8,19.8,10.4,15.0,11.2,5.602851391,1.6115098,1.564954281,6.178163528,0.1790471595,0.610463321,0,0,0
40119,"Payne County, Oklahoma",OK,82058,46658.0,24.27,4.81,5.59,83.99,0.7693,0.0445,0.5969,0.8842,0.6408,11.7,38.0,35.6,29.5,17.0,6.6,18.0,13.6,18.1,9.6,13.6,9.7,25.2799778,10.72185516,2.068597794,5.653746128,0.06115834,0.795058429,0,0,0
40121,"Pittsburg County, Oklahoma",OK,43758,53054.0,18.95,6.33,7.15,83.88,0.8702,0.8104,0.6949,0.7572,0.868,11.8,40.3,38.3,32.1,19.8,6.9,19.7,15.1,21.2,11.1,15.8,11.7,36.01762772,14.17315197,3.195669651,10.14009762,0.091577187,0.663934588,0,0,0
40123,"Pontotoc County, Oklahoma",OK,38116,59457.0,13.32,4.31,6.45,79.08,0.5498,0.6316,0.7391,0.6472,0.6561,10.9,40.3,37.0,28.9,17.1,6.2,18.8,13.7,17.7,9.7,13.9,10.0,28.5971241,9.241096497,1.96685493,6.771591187,0.182305902,0.703179955,0,0,0
40125,"Pottawatomie County, Oklahoma",OK,72734,58270.0,15.81,5.82,4.81,84.8,0.7267,0.6691,0.6561,0.6965,0.7496,11.5,41.4,37.9,31.5,18.5,6.5,20.1,14.5,19.4,10.3,14.8,10.7,17.28829193,8.821926117,3.071448326,11.23874187,0.054796021,0.849338353,0,0,0
40127,"Pushmataha County, Oklahoma",OK,10845,42274.0,21.71,9.01,8.82,67.42,0.978,0.8326,0.6764,0.5453,0.8896,13.7,39.1,39.5,37.2,24.4,7.9,21.5,17.1,26.1,13.6,18.5,13.0,24.45699692,9.407709122,4.273916721,13.94965553,0.273473114,0.364630818,0,0,0
40129,"Roger Mills County, Oklahoma",OK,3423,57574.0,13.56,4.7,0.89,88.13,0.4664,0.7671,0.5065,0.0102,0.2835,11.3,40.6,36.6,31.4,18.2,6.6,19.1,14.2,18.0,9.6,13.7,10.6,54.73823929,20.37347412,2.482611179,6.249460697,0.1790471595,0.6513130965,0,0,0
40131,"Rogers County, Oklahoma",OK,95870,75312.0,9.54,4.72,2.67,87.91,0.3255,0.4712,0.6634,0.3331,0.3878,10.6,39.9,33.8,27.4,16.0,6.0,18.0,13.0,15.3,8.6,12.5,9.4,21.86498642,4.846379757,1.640104294,5.569334984,0.064408779,0.504535437,0,0,0
40133,"Seminole County, Oklahoma",OK,23592,43239.0,22.62,7.18,7.03,67.4,0.9542,0.9179,0.7502,0.8244,0.9523,13.7,45.4,40.1,36.7,23.3,7.8,21.7,17.2,26.7,13.7,19.2,12.9,23.20309258,12.21222305,3.509197235,12.07802582,0.164962053,0.6186077,0,0,0
40135,"Sequoyah County, Oklahoma",OK,39538,47494.0,19.53,5.17,4.71,77.31,0.8912,0.8247,0.7693,0.4426,0.8183,13.7,47.1,39.6,35.7,23.4,7.6,21.8,17.1,25.9,13.7,18.7,12.7,20.2821846,10.16247749,2.998321056,12.97671032,0.192594737,0.625932872,0,0,0
40137,"Stephens County, Oklahoma",OK,43140,57065.0,16.89,4.91,6.71,82.2,0.7114,0.8871,0.5476,0.349,0.6892,11.4,39.2,37.8,32.5,19.1,6.7,19.6,14.8,19.8,10.0,14.6,11.9,27.38076019,8.550607681,1.710058928,6.019850731,0.092807427,0.556844532,0,0,0
40139,"Texas County, Oklahoma",OK,21144,55682.0,20.46,2.68,3.73,87.24,0.8562,0.8476,0.9112,0.8368,0.9084,13.2,44.5,37.0,37.5,16.2,6.8,17.0,14.9,25.7,11.8,19.5,21.9,28.8474617,12.71096516,1.506917715,2.495157957,0.250037491,0.550082505,0,0,0
40141,"Tillman County, Oklahoma",OK,7013,46306.0,16.93,5.86,7.86,73.76,0.8597,0.9994,0.805,0.4639,0.9125,12.9,44.2,37.0,35.5,18.6,6.8,18.9,15.2,23.2,11.3,17.7,17.0,40.65195465,17.69144058,2.624599695,9.129861832,0.1790471595,0.553326905,0,0,0
40143,"Tulsa County, Oklahoma",OK,668923,65229.0,14.41,5.28,6.17,89.53,0.7547,0.7871,0.7859,0.6039,0.7846,10.8,35.9,33.8,30.4,15.0,6.0,18.3,13.1,18.4,9.6,15.0,11.8,25.5191288,8.746873856,2.156904697,4.109170437,0.138384312,0.913944721,0,0,0
40145,"Wagoner County, Oklahoma",OK,82269,75082.0,9.18,4.87,2.64,90.25,0.3338,0.7875,0.6806,0.2463,0.4489,10.3,35.8,35.1,27.5,15.5,5.8,17.6,12.8,15.4,8.4,12.7,9.7,40.38547897,10.18954086,1.880077481,8.208899498,0.1790471595,0.349713594,0,0,0
40147,"Washington County, Oklahoma",OK,52579,59426.0,13.94,3.81,4.72,84.37,0.5342,0.9058,0.6487,0.2402,0.5867,11.0,42.7,34.7,29.5,17.6,6.4,18.6,13.7,17.8,9.6,13.8,10.3,33.49536133,12.66538239,1.36795342,4.486969471,0.114894107,0.61276859,0,0,0
40149,"Washita County, Oklahoma",OK,10930,60600.0,12.52,5.82,3.46,81.56,0.602,0.8571,0.504,0.2902,0.5947,10.8,39.5,34.8,30.8,17.8,6.4,18.8,13.9,17.7,9.0,13.5,11.4,47.49957275,16.1672802,3.353460073,8.202521324,0.277008325,0.6513130965,0,0,0
40151,"Woods County, Oklahoma",OK,8661,50724.0,18.55,5.03,9.74,82.07,0.6048,0.1674,0.4839,0.7649,0.5584,10.7,39.0,35.5,29.3,16.7,6.4,18.3,13.5,16.2,8.7,12.7,10.3,26.5980072,7.80941391,1.67418921,4.704092026,0.1790471595,0.57557267,0,0,0
40153,"Woodward County, Oklahoma",OK,20411,61207.0,14.97,5.3,3.85,83.79,0.6647,0.8845,0.5644,0.6484,0.7611,10.7,41.6,36.2,29.7,17.2,6.3,18.2,13.6,17.8,9.0,13.8,12.5,30.09266281,6.818004608,1.503008723,4.813215733,0.15142338,0.858065844,0,0,0
41001,"Baker County, Oregon",OR,16685,51657.0,13.72,5.46,4.8,84.75,0.5078,0.4508,0.3166,0.5234,0.4811,9.8,37.8,30.0,19.1,14.5,5.9,19.4,13.8,15.8,8.7,12.9,8.2,37.89080048,14.50617313,2.172106981,10.09029961,0.24563989,0.491279781,0,0,0
41003,"Benton County, Oregon",OR,95615,72882.0,19.06,6.76,7.72,92.69,0.5399,0.0277,0.5488,0.8918,0.5005,9.3,28.3,27.7,16.7,11.3,5.3,17.9,12.4,15.8,8.7,12.9,6.9,27.92724991,7.382771492,1.103928804,4.218653679,0.150151759,0.740033686,0,0,0
41005,"Clackamas County, Oregon",OR,420925,95740.0,7.58,4.96,4.88,91.9,0.2377,0.3172,0.5437,0.4273,0.3023,8.6,33.7,27.3,18.6,10.6,4.7,17.9,12.1,15.8,8.7,12.9,7.0,17.28423119,3.348645449,1.072620749,3.528398275,0.12334083,0.578753114,0,0,0
41007,"Clatsop County, Oregon",OR,41190,68025.0,10.24,4.84,8.65,90.09,0.4903,0.5434,0.4913,0.7149,0.5813,9.5,34.8,29.8,19.8,13.6,5.6,19.2,13.7,15.8,8.7,12.9,8.7,12.43290138,3.72517252,2.688124895,7.447220802,0.346337467,0.915320516,0,0,0
41009,"Columbia County, Oregon",OR,52865,83265.0,9.12,4.5,4.36,91.67,0.2943,0.1823,0.4117,0.3096,0.2453,9.6,33.1,29.4,20.7,14.4,5.6,19.6,13.7,15.8,8.7,12.9,8.6,6.096260071,1.420059443,2.061576128,8.20314312,0.113473028,0.453892112,0,0,0
41011,"Coos County, Oregon",OR,64908,57563.0,16.09,5.79,6.46,87.36,0.6796,0.6942,0.4636,0.8616,0.7661,10.2,34.2,31.6,21.7,15.9,6.1,20.2,15.2,15.8,8.7,12.9,9.2,10.55284691,3.931478262,1.894005179,9.88142395,0.278159827,0.587226272,0,0,0
41013,"Crook County, Oregon",OR,24987,74969.0,7.92,4.08,3.68,87.69,0.3293,0.6551,0.3847,0.2529,0.356,9.2,36.0,29.9,19.4,13.4,5.4,19.4,13.3,15.8,8.7,12.9,8.4,16.50672913,5.380500317,0.955202341,12.05823231,0.159330815,0.358494312,0,0,0
41015,"Curry County, Oregon",OR,23404,64300.0,12.43,7.23,4.4,87.83,0.5387,0.6516,0.4518,0.6519,0.6067,9.9,38.6,30.4,20.4,14.4,5.8,20.3,14.1,15.8,8.7,12.9,9.1,6.565009594,2.12526989,2.552992821,7.881761074,0.429092467,0.600729465,0,0,0
41017,"Deschutes County, Oregon",OR,199352,82042.0,9.13,5.2,4.22,92.07,0.3662,0.1562,0.4222,0.287,0.2634,8.2,26.8,28.0,15.6,10.7,4.9,17.0,11.7,15.8,8.7,12.9,7.0,22.97898865,5.13413763,0.858647585,5.04904747,0.158597201,0.783073723,0,0,0
41019,"Douglas County, Oregon",OR,111322,56440.0,14.87,6.11,5.1,85.86,0.5969,0.7089,0.4165,0.6586,0.6487,10.5,37.8,31.3,23.5,15.2,6.1,20.4,14.9,15.8,8.7,12.9,9.1,23.16909409,9.687367439,2.667974949,11.01666927,0.25142774,0.610610247,0,0,0
41021,"Gilliam County, Oregon",OR,1983,58409.0,12.86,6.31,7.19,83.99,0.6357,0.2867,0.4569,0.5301,0.5282,10.2,35.8,30.6,22.7,15.7,6.0,20.7,14.8,15.8,8.7,12.9,10.0,54.60178375,20.80768967,3.963099957,9.717870712,0.1790471595,1.518987298,0,0,0
41023,"Grant County, Oregon",OR,7237,56045.0,16.49,7.45,3.47,81.86,0.7343,0.5326,0.342,0.4222,0.5784,10.0,33.9,30.4,21.7,15.5,6.0,20.4,14.5,15.8,8.7,12.9,8.5,39.80830765,14.51317501,2.461850405,13.35680866,0.696378827,0.417827308,0,0,0
41025,"Harney County, Oregon",OR,7496,45462.0,12.13,5.39,6.38,81.69,0.5737,0.7232,0.4273,0.9892,0.8034,11.0,39.0,33.2,24.0,17.0,6.5,21.4,15.5,15.8,8.7,12.9,9.5,38.09376144,12.54491806,1.55860424,6.814192295,0.406890005,0.949410021,0,0,0
41027,"Hood River County, Oregon",OR,23965,80254.0,6.57,3.32,5.41,89.19,0.44,0.6045,0.7537,0.9306,0.7111,9.4,31.3,27.9,19.8,11.4,5.1,17.2,12.8,15.8,8.7,12.9,11.9,15.00495148,2.090960503,1.369315505,5.050962925,0.472508579,1.116838455,0,0,0
41029,"Jackson County, Oregon",OR,222604,67690.0,13.26,5.51,5.39,88.67,0.5937,0.6067,0.552,0.8139,0.7025,10.0,33.0,29.9,20.3,13.4,5.5,19.9,13.6,15.8,8.7,12.9,9.7,20.0916748,5.820230484,1.179641485,5.105617046,0.175799206,0.712212205,0,0,0
41031,"Jefferson County, Oregon",OR,24659,69345.0,12.68,7.02,4.92,88.07,0.7827,0.9774,0.8043,0.8727,0.9278,11.0,35.5,30.7,22.2,15.0,5.9,19.5,14.6,15.8,8.7,12.9,11.7,12.50694942,4.10373497,1.636111259,16.34361076,0.160926938,0.482780814,0,0,0
41033,"Josephine County, Oregon",OR,87994,56068.0,16.11,8.07,4.74,88.06,0.8151,0.805,0.4378,0.6376,0.7817,10.8,34.0,30.4,23.3,16.4,6.2,20.9,15.5,15.8,8.7,12.9,10.2,22.21060181,9.1136446,1.724596381,11.74585629,0.193065539,0.635980606,0,0,0
41035,"Klamath County, Oregon",OR,69506,57219.0,17.83,7.56,5.13,84.49,0.8276,0.9125,0.6045,0.6417,0.8438,11.2,38.1,33.9,24.9,15.7,6.4,20.5,15.3,15.8,8.7,12.9,10.7,34.3188858,12.77187538,1.857756138,10.25053501,0.247312292,0.741936862,0,0,0
41037,"Lake County, Oregon",OR,8201,54663.0,19.57,7.74,7.73,68.85,0.7824,0.6729,0.4913,0.9688,0.8517,11.0,37.5,32.5,23.5,16.0,6.5,19.9,15.0,15.8,8.7,12.9,10.6,40.53071594,18.49071312,3.244202375,11.50060844,0.1790471595,0.629009962,0,0,0
41039,"Lane County, Oregon",OR,382218,65157.0,16.13,6.69,7.38,91.06,0.6522,0.4903,0.5294,0.9157,0.7375,9.3,35.2,29.9,18.6,13.0,5.5,19.9,13.5,15.8,8.7,12.9,8.3,17.86822319,5.528051853,1.523426056,6.059132576,0.169718996,0.778096318,0,0,0
41041,"Lincoln County, Oregon",OR,50334,57794.0,14.72,7.74,4.85,89.72,0.7127,0.8517,0.5294,0.4814,0.7165,10.1,35.7,30.7,21.0,14.2,5.8,19.9,14.7,15.8,8.7,12.9,9.2,14.2103548,4.847957134,2.226580143,9.635938644,0.375620276,0.553545654,0,0,0
41043,"Linn County, Oregon",OR,128598,69523.0,11.95,6.2,4.41,89.44,0.6347,0.6195,0.4779,0.6758,0.6586,10.1,40.1,30.2,21.5,14.5,5.7,20.1,14.2,15.8,8.7,12.9,9.1,34.73357391,11.52157116,2.282695055,10.02367973,0.137347966,0.595174491,0,0,0
41045,"Malheur County, Oregon",OR,31538,48371.0,18.9,6.2,5.78,84.35,0.937,0.951,0.7878,0.9949,0.9908,12.5,41.6,33.6,27.7,16.4,6.7,19.6,16.1,15.8,8.7,12.9,15.8,8.92370224,4.143635273,1.114722729,8.212233543,0.225930348,0.548687994,0,0,0
41047,"Marion County, Oregon",OR,345815,70926.0,12.99,5.43,6.18,90.28,0.7773,0.8641,0.7502,0.95,0.902,11.3,43.6,30.8,21.8,12.7,5.7,19.1,14.2,15.8,8.7,12.9,12.5,17.35728264,4.895162106,0.829323709,3.832502127,0.117409877,0.727368534,0,0,0
41049,"Morrow County, Oregon",OR,12140,64975.0,16.7,3.22,1.52,87.0,0.609,0.937,0.8101,0.5612,0.7735,12.7,39.4,32.1,27.3,16.3,6.7,20.2,16.7,15.8,8.7,12.9,18.3,4.515288353,1.454603314,1.991362214,11.97769165,0.1790471595,0.256410271,0,0,0
41051,"Multnomah County, Oregon",OR,808098,83668.0,12.2,5.51,12.53,92.45,0.5037,0.105,0.6993,0.9345,0.5927,9.1,28.5,27.7,17.5,11.7,5.1,18.3,12.1,15.8,8.7,12.9,7.5,7.608291626,1.501713753,0.336770684,0.817156434,0.179001197,0.877841473,0,0,0
41053,"Polk County, Oregon",OR,87600,77353.0,11.86,5.34,5.14,90.39,0.4626,0.7792,0.5978,0.6828,0.6395,9.6,33.4,28.6,19.6,12.6,5.4,18.5,13.1,15.8,8.7,12.9,9.2,25.89521599,8.075182915,1.894739985,6.828680515,0.068380743,0.547045946,0,0,0
41055,"Sherman County, Oregon",OR,1900,57171.0,15.54,2.17,7.4,79.87,0.3204,0.4773,0.377,0.3503,0.3376,10.4,36.7,31.4,22.3,15.9,6.2,20.6,14.9,15.8,8.7,12.9,9.7,47.75307465,17.75488853,3.827197075,12.8731575,0.1790471595,0.6513130965,0,0,0
41057,"Tillamook County, Oregon",OR,27345,63098.0,12.5,5.22,4.86,87.67,0.4795,0.8256,0.4839,0.6955,0.6507,9.7,32.1,28.8,20.0,13.7,5.6,19.3,13.7,15.8,8.7,12.9,9.5,2.879510403,0.807750344,3.499530792,12.19500732,0.364404917,0.4372859,0,0,0
41059,"Umatilla County, Oregon",OR,79904,70322.0,11.7,6.73,5.47,83.62,0.6697,0.9625,0.7448,0.9854,0.9259,11.4,37.9,30.4,24.5,14.9,6.1,19.0,15.1,15.8,8.7,12.9,13.8,30.501688,11.92135334,3.301119089,12.21263218,0.192921087,0.553040445,0,0,0
41061,"Union County, Oregon",OR,26286,61946.0,15.24,6.34,7.4,83.9,0.581,0.5285,0.3675,0.9542,0.7187,10.1,36.8,31.3,20.7,14.7,6.0,20.1,14.2,15.8,8.7,12.9,8.4,12.1145649,3.753844023,0.827450871,3.977771521,0.263643563,0.677940547,0,0,0
41063,"Wallowa County, Oregon",OR,7439,62238.0,9.2,5.99,4.95,81.57,0.2354,0.6822,0.2879,0.6888,0.4461,8.7,34.1,28.8,18.0,12.3,5.2,18.6,12.6,15.8,8.7,12.9,7.2,25.06251144,10.70303726,2.684594393,9.850235939,0.417769104,0.835538208,0,0,0
41065,"Wasco County, Oregon",OR,26639,61316.0,11.69,7.11,6.55,84.78,0.7623,0.769,0.6402,0.9873,0.8937,10.9,38.0,30.0,22.3,14.8,6.0,19.4,14.7,15.8,8.7,12.9,11.8,39.95554733,12.14617348,1.893903613,9.91973877,0.302995861,0.719615221,0,0,0
41067,"Washington County, Oregon",OR,599541,100121.0,8.16,4.57,5.64,94.29,0.2724,0.1779,0.7502,0.5676,0.3703,9.2,32.0,28.4,17.4,9.6,4.6,16.5,12.0,15.8,8.7,12.9,7.8,14.30418015,2.307440519,0.505326986,1.254938483,0.124272183,0.685982406,0,0,0
41069,"Wheeler County, Oregon",OR,1407,50774.0,9.86,5.37,3.21,81.25,0.4267,0.2771,0.3977,0.1171,0.2479,10.6,36.9,31.5,22.2,15.5,6.1,20.5,14.9,15.8,8.7,12.9,9.9,100.0,51.06038666,4.544039726,18.30559731,0.1790471595,0.6513130965,0,0,0
41071,"Yamhill County, Oregon",OR,107674,80125.0,11.35,4.15,5.52,89.92,0.4534,0.6863,0.6102,0.9424,0.7232,9.7,37.3,29.8,20.1,12.2,5.3,17.9,13.2,15.8,8.7,12.9,9.7,15.67876816,3.337773085,1.697369576,6.587238789,0.222915739,0.464407802,0,0,0
42001,"Adams County, Pennsylvania",PA,104604,78975.0,7.89,3.4,4.69,88.76,0.2135,0.3108,0.3535,0.252,0.21,10.7,38.2,32.8,26.5,16.1,5.9,18.6,13.7,15.8,8.7,12.9,10.4,15.85733128,4.189161301,2.694964647,5.228003025,0.087598063,0.603453338,1,0,0
42003,"Allegheny County, Pennsylvania",PA,1245310,72537.0,11.1,4.95,12.67,88.84,0.2011,0.2221,0.5759,0.6004,0.314,10.7,38.2,32.8,26.5,16.1,5.9,18.6,13.7,15.8,8.7,12.9,10.4,26.44296455,5.520362854,2.239125967,2.750449419,0.156023234,0.880829632,1,0,0
42005,"Armstrong County, Pennsylvania",PA,65538,61011.0,10.37,5.08,7.25,83.57,0.1791,0.167,0.0191,0.2914,0.132,10.7,38.2,32.8,26.5,16.1,5.9,18.6,13.7,15.8,8.7,12.9,10.4,5.173372269,2.047729969,3.441466093,9.083184242,0.155855492,0.405224264,1,0,0
42007,"Beaver County, Pennsylvania",PA,167629,67194.0,10.43,5.6,8.49,86.56,0.203,0.3191,0.3563,0.3653,0.2386,10.7,38.2,32.8,26.5,16.1,5.9,18.6,13.7,15.8,8.7,12.9,10.4,32.52877808,9.388394356,4.184122562,6.812552929,0.129171148,0.738120854,1,0,0
42009,"Bedford County, Pennsylvania",PA,47613,58337.0,10.79,4.27,5.78,81.73,0.3468,0.1518,0.0169,0.244,0.1868,10.7,38.2,32.8,26.5,16.1,5.9,18.6,13.7,15.8,8.7,12.9,10.4,22.7117157,6.273154259,3.403615475,9.768310547,0.292782903,0.522826612,1,0,0
42011,"Berks County, Pennsylvania",PA,428483,74617.0,11.82,5.38,8.68,86.63,0.5383,0.7012,0.6806,0.6669,0.6659,10.7,38.2,32.8,26.5,16.1,5.9,18.6,13.7,15.8,8.7,12.9,10.4,17.45006371,3.2919662,1.488831758,2.595078945,0.182890475,0.638929069,1,0,0
42013,"Blair County, Pennsylvania",PA,122640,59386.0,13.2,4.18,8.48,83.55,0.2622,0.3299,0.1339,0.609,0.3108,10.7,38.2,32.8,26.5,16.1,5.9,18.6,13.7,15.8,8.7,12.9,10.4,16.2413559,4.377863407,1.995597601,4.148935318,0.173543677,0.859454393,1,0,0
42015,"Bradford County, Pennsylvania",PA,60159,60650.0,13.14,4.79,7.47,84.41,0.4025,0.3357,0.0579,0.587,0.3754,10.7,38.2,32.8,26.5,16.1,5.9,18.6,13.7,15.8,8.7,12.9,10.4,14.19464016,4.720460415,3.497330427,7.304987431,0.232477039,0.54798162,1,0,0
42017,"Bucks County, Pennsylvania",PA,645163,107826.0,5.63,4.64,4.74,93.14,0.0967,0.2129,0.5005,0.2103,0.1317,10.7,38.2,32.8,26.5,16.1,5.9,18.6,13.7,15.8,8.7,12.9,10.4,34.60395432,4.457965374,1.380567551,1.851515651,0.136945516,0.759569883,1,0,0
42019,"Butler County, Pennsylvania",PA,194562,82932.0,7.88,4.65,5.76,89.07,0.0722,0.036,0.1225,0.4728,0.0786,10.7,38.2,32.8,26.5,16.1,5.9,18.6,13.7,15.8,8.7,12.9,10.4,24.32904816,3.188835859,2.715404987,4.394142628,0.142755181,0.713775873,1,0,0
42021,"Cambria County, Pennsylvania",PA,133263,54221.0,14.36,4.95,11.14,81.62,0.2288,0.4225,0.2323,0.6793,0.3605,10.7,38.2,32.8,26.5,16.1,5.9,18.6,13.7,15.8,8.7,12.9,10.4,22.2890625,6.345585823,3.321760893,6.750614166,0.202064157,0.73053968,1,0,0
42023,"Cameron County, Pennsylvania",PA,4536,46186.0,14.97,7.13,10.23,78.46,0.5014,0.6688,0.1094,0.4483,0.4734,10.7,38.2,32.8,26.5,16.1,5.9,18.6,13.7,15.8,8.7,12.9,10.4,7.551332951,3.024229527,3.329576492,4.384274483,0.692840636,0.6513130965,1,0,0
42025,"Carbon County, Pennsylvania",PA,65018,64538.0,11.8,6.92,5.62,87.03,0.5301,0.209,0.2984,0.175,0.2895,10.7,38.2,32.8,26.5,16.1,5.9,18.6,13.7,15.8,8.7,12.9,10.4,4.975941658,1.825631976,2.152848244,7.089450836,0.124841996,0.530578494,1,0,0
42027,"Centre County, Pennsylvania",PA,158665,70087.0,17.04,3.97,10.18,84.88,0.3576,0.0025,0.4496,0.9803,0.3344,10.7,38.2,32.8,26.5,16.1,5.9,18.6,13.7,15.8,8.7,12.9,10.4,16.12185669,3.079437733,2.301513433,3.928258657,0.111457869,0.681131423,1,0,0
42029,"Chester County, Pennsylvania",PA,536474,118574.0,5.96,3.96,4.09,93.23,0.0655,0.1238,0.5679,0.3102,0.1244,10.7,38.2,32.8,26.5,16.1,5.9,18.6,13.7,15.8,8.7,12.9,10.4,45.07774353,6.192771435,2.187565088,2.519444704,0.132888094,0.645456433,1,0,0
42031,"Clarion County, Pennsylvania",PA,37489,58690.0,13.7,5.55,6.64,82.34,0.4263,0.0958,0.0579,0.6475,0.315,10.7,38.2,32.8,26.5,16.1,5.9,18.6,13.7,15.8,8.7,12.9,10.4,15.68650723,5.946953297,4.866321564,9.5374403,0.208850026,0.678762555,1,0,0
42033,"Clearfield County, Pennsylvania",PA,79707,56982.0,13.75,6.02,7.47,80.58,0.4356,0.4983,0.1928,0.7292,0.5017,10.7,38.2,32.8,26.5,16.1,5.9,18.6,13.7,15.8,8.7,12.9,10.4,19.27971458,5.788975716,3.406268597,10.83767509,0.190810561,0.585152388,1,0,0
42035,"Clinton County, Pennsylvania",PA,37860,59011.0,13.15,5.35,9.5,82.13,0.6602,0.2717,0.0821,0.7407,0.5409,10.7,38.2,32.8,26.5,16.1,5.9,18.6,13.7,15.8,8.7,12.9,10.4,11.2790451,3.439857721,4.090987682,6.216817856,0.184419215,0.579603255,1,0,0
42037,"Columbia County, Pennsylvania",PA,64924,59457.0,15.31,4.76,7.27,85.06,0.3831,0.0312,0.2265,0.6732,0.2813,10.7,38.2,32.8,26.5,16.1,5.9,18.6,13.7,15.8,8.7,12.9,10.4,8.378909111,2.59736681,1.806895375,4.429143429,0.138798922,0.77110517,1,0,0
42039,"Crawford County, Pennsylvania",PA,83876,58734.0,12.74,5.64,9.68,83.56,0.5402,0.6335,0.1152,0.7556,0.5842,10.7,38.2,32.8,26.5,16.1,5.9,18.6,13.7,15.8,8.7,12.9,10.4,14.50422096,4.061775208,4.863404751,9.003982544,0.191165745,0.573497236,1,0,0
42041,"Cumberland County, Pennsylvania",PA,261269,82849.0,7.74,3.68,5.47,90.04,0.1231,0.1476,0.4725,0.5282,0.2068,10.7,38.2,32.8,26.5,16.1,5.9,18.6,13.7,15.8,8.7,12.9,10.4,26.96913147,5.281241417,1.872445822,2.824601889,0.140703589,0.777778208,1,0,0
42043,"Dauphin County, Pennsylvania",PA,286108,71046.0,12.17,4.32,9.03,87.7,0.3478,0.6297,0.7474,0.6316,0.5476,10.7,38.2,32.8,26.5,16.1,5.9,18.6,13.7,15.8,8.7,12.9,10.4,35.35398102,8.475658417,2.446619034,3.536728382,0.217955217,0.836090505,1,0,0
42045,"Delaware County, Pennsylvania",PA,575312,86390.0,9.66,6.79,10.14,91.05,0.3853,0.4515,0.7299,0.7579,0.5654,10.7,38.2,32.8,26.5,16.1,5.9,18.6,13.7,15.8,8.7,12.9,10.4,15.85291195,2.384890079,0.912440777,0.857394755,0.24349232,0.758707941,1,0,0
42047,"Elk County, Pennsylvania",PA,30886,61672.0,8.96,6.5,6.42,84.24,0.1569,0.1661,0.0299,0.1419,0.0824,10.7,38.2,32.8,26.5,16.1,5.9,18.6,13.7,15.8,8.7,12.9,10.4,17.26659393,4.717382908,2.992392063,4.452706337,0.23643057,0.472861141,1,0,0
42049,"Erie County, Pennsylvania",PA,270495,59396.0,15.4,5.47,10.15,86.57,0.4607,0.6764,0.4814,0.7792,0.6242,10.7,38.2,32.8,26.5,16.1,5.9,18.6,13.7,15.8,8.7,12.9,10.4,34.04052734,13.74294949,6.173094273,9.786455154,0.152742282,0.700379252,1,0,0
42051,"Fayette County, Pennsylvania",PA,128417,55579.0,16.2,7.21,8.15,81.81,0.5224,0.3968,0.2879,0.6802,0.5224,10.7,38.2,32.8,26.5,16.1,5.9,18.6,13.7,15.8,8.7,12.9,10.4,16.82693863,6.350218773,4.077805996,12.69307995,0.179510787,0.757067263,1,0,0
42053,"Forest County, Pennsylvania",PA,6959,46188.0,19.18,4.29,6.13,68.17,0.4827,0.2065,0.6828,0.6551,0.5072,10.7,38.2,32.8,26.5,16.1,5.9,18.6,13.7,15.8,8.7,12.9,10.4,39.42614746,15.00673199,4.61435318,13.15058231,0.1790471595,0.430725068,1,0,0
42055,"Franklin County, Pennsylvania",PA,156084,71808.0,9.0,3.42,5.17,86.78,0.3217,0.5632,0.4018,0.2389,0.3194,10.7,38.2,32.8,26.5,16.1,5.9,18.6,13.7,15.8,8.7,12.9,10.4,24.26099586,6.276076794,2.791316748,5.221015453,0.179905802,0.648945928,1,0,0
42057,"Fulton County, Pennsylvania",PA,14545,63153.0,10.7,3.7,5.63,81.06,0.175,0.2679,0.0881,0.1524,0.1184,10.7,38.2,32.8,26.5,16.1,5.9,18.6,13.7,15.8,8.7,12.9,10.4,2.359087229,0.865748286,4.174393177,9.984018326,0.1790471595,0.275843054,1,0,0
42059,"Greene County, Pennsylvania",PA,35781,66283.0,12.91,5.17,5.7,85.09,0.2832,0.2507,0.2234,0.6831,0.342,10.7,38.2,32.8,26.5,16.1,5.9,18.6,13.7,15.8,8.7,12.9,10.4,22.59093475,6.629182339,5.58027935,12.24628067,0.140366644,0.982566476,1,0,0
42061,"Huntingdon County, Pennsylvania",PA,44123,61300.0,11.29,5.09,6.63,83.74,0.3131,0.1518,0.3016,0.7054,0.3481,10.7,38.2,32.8,26.5,16.1,5.9,18.6,13.7,15.8,8.7,12.9,10.4,1.654925823,0.465185493,2.83540988,7.944059849,0.089706212,0.470957607,1,0,0
42063,"Indiana County, Pennsylvania",PA,83394,57170.0,12.97,6.46,7.86,79.11,0.5154,0.0875,0.1861,0.8228,0.4528,10.7,38.2,32.8,26.5,16.1,5.9,18.6,13.7,15.8,8.7,12.9,10.4,8.238246918,2.534258604,5.338241577,8.971849442,0.131478295,0.549818337,1,0,0
42065,"Jefferson County, Pennsylvania",PA,44326,56607.0,14.11,5.37,7.86,81.26,0.4305,0.349,0.014,0.5663,0.3745,10.7,38.2,32.8,26.5,16.1,5.9,18.6,13.7,15.8,8.7,12.9,10.4,7.920552254,2.316156387,4.046903133,6.067669868,0.162382856,0.649531424,1,0,0
42067,"Juniata County, Pennsylvania",PA,23535,61915.0,8.95,3.13,7.93,80.28,0.4337,0.3376,0.1654,0.8015,0.4846,10.7,38.2,32.8,26.5,16.1,5.9,18.6,13.7,15.8,8.7,12.9,10.4,5.620579243,2.481592894,6.970460415,8.892386436,0.284333229,0.284333229,1,0,0
42069,"Lackawanna County, Pennsylvania",PA,215672,63739.0,12.99,4.82,9.37,86.06,0.3875,0.7588,0.4973,0.6144,0.5558,10.7,38.2,32.8,26.5,16.1,5.9,18.6,13.7,15.8,8.7,12.9,10.4,15.2504015,4.066924095,1.585305572,3.069080591,0.181827754,0.794300199,1,0,0
42071,"Lancaster County, Pennsylvania",PA,553202,81458.0,8.18,3.38,9.14,85.72,0.4575,0.3513,0.525,0.7493,0.5399,10.7,38.2,32.8,26.5,16.1,5.9,18.6,13.7,15.8,8.7,12.9,10.4,20.43885803,4.853842735,4.821892738,2.93567276,0.228857249,0.646292865,1,0,0
42073,"Lawrence County, Pennsylvania",PA,85907,57585.0,12.35,6.78,7.66,84.91,0.4916,0.6631,0.2692,0.517,0.5151,10.7,38.2,32.8,26.5,16.1,5.9,18.6,13.7,15.8,8.7,12.9,10.4,18.52605057,6.876427174,3.81708622,8.108393669,0.152791977,0.63467437,1,0,0
42075,"Lebanon County, Pennsylvania",PA,143258,72532.0,10.91,4.4,6.77,85.97,0.517,0.665,0.5317,0.6592,0.6176,10.7,38.2,32.8,26.5,16.1,5.9,18.6,13.7,15.8,8.7,12.9,10.4,19.52481461,4.474384308,1.771888256,2.57286191,0.240006208,0.57177949,1,0,0
42077,"Lehigh County, Pennsylvania",PA,374110,74973.0,11.95,5.77,7.92,88.21,0.5759,0.7149,0.7735,0.7534,0.734,10.7,38.2,32.8,26.5,16.1,5.9,18.6,13.7,15.8,8.7,12.9,10.4,25.48513412,4.186079502,1.17566812,1.929923296,0.161811426,0.717364013,1,0,0
42079,"Luzerne County, Pennsylvania",PA,325396,60836.0,14.92,5.86,10.7,85.22,0.5727,0.8253,0.5727,0.643,0.6942,10.7,38.2,32.8,26.5,16.1,5.9,18.6,13.7,15.8,8.7,12.9,10.4,20.29522896,5.060797215,1.835967898,3.712607384,0.230296984,0.646724403,1,0,0
42081,"Lycoming County, Pennsylvania",PA,114022,63437.0,12.48,5.31,9.4,85.68,0.4432,0.3933,0.328,0.7439,0.5091,10.7,38.2,32.8,26.5,16.1,5.9,18.6,13.7,15.8,8.7,12.9,10.4,23.28651619,8.433964729,3.624487877,6.641940594,0.158997953,0.706657588,1,0,0
42083,"McKean County, Pennsylvania",PA,40459,57861.0,14.14,5.28,7.38,84.82,0.279,0.3592,0.1696,0.5628,0.3188,10.7,38.2,32.8,26.5,16.1,5.9,18.6,13.7,15.8,8.7,12.9,10.4,2.796860695,0.713038027,2.406162024,6.314116955,0.272729516,0.669427037,1,0,0
42085,"Mercer County, Pennsylvania",PA,110600,57353.0,13.51,5.48,9.88,83.24,0.378,0.5845,0.3248,0.7582,0.5278,10.7,38.2,32.8,26.5,16.1,5.9,18.6,13.7,15.8,8.7,12.9,10.4,18.19691086,7.864670277,4.444123745,8.295371056,0.119765997,0.718595982,1,0,0
42087,"Mifflin County, Pennsylvania",PA,46146,58012.0,16.68,3.91,9.89,81.67,0.7521,0.4063,0.0757,0.6631,0.5934,10.7,38.2,32.8,26.5,16.1,5.9,18.6,13.7,15.8,8.7,12.9,10.4,19.56762695,6.940658092,5.588544369,7.437664509,0.282216042,0.521014214,1,0,0
42089,"Monroe County, Pennsylvania",PA,168128,80656.0,11.31,6.31,5.08,91.09,0.5565,0.2816,0.7598,0.1849,0.4136,10.7,38.2,32.8,26.5,16.1,5.9,18.6,13.7,15.8,8.7,12.9,10.4,23.42515945,5.51036787,2.744986057,8.234397888,0.117540583,0.652350247,1,0,0
42091,"Montgomery County, Pennsylvania",PA,856399,107441.0,6.27,4.53,5.25,93.05,0.1012,0.2224,0.6233,0.454,0.2119,10.7,38.2,32.8,26.5,16.1,5.9,18.6,13.7,15.8,8.7,12.9,10.4,31.25239182,3.773431063,1.215445161,1.241855025,0.179884374,0.775901258,1,0,0
42093,"Montour County, Pennsylvania",PA,18165,72626.0,8.69,2.4,10.28,85.09,0.1425,0.4747,0.2879,0.8352,0.3818,10.7,38.2,32.8,26.5,16.1,5.9,18.6,13.7,15.8,8.7,12.9,10.4,19.29822731,4.272101402,4.540087223,3.503860712,0.16627869,0.60968852,1,0,0
42095,"Northampton County, Pennsylvania",PA,314299,82201.0,9.19,4.65,6.97,87.78,0.2666,0.3411,0.6211,0.5959,0.4038,10.7,38.2,32.8,26.5,16.1,5.9,18.6,13.7,15.8,8.7,12.9,10.4,24.54721451,4.752163887,1.593651295,2.203819275,0.166725516,0.725746334,1,0,0
42097,"Northumberland County, Pennsylvania",PA,91340,55952.0,12.4,4.74,9.76,81.14,0.336,0.4426,0.2628,0.6452,0.4206,10.7,38.2,32.8,26.5,16.1,5.9,18.6,13.7,15.8,8.7,12.9,10.4,6.583264828,2.24818635,2.376200438,3.652028322,0.221587002,0.587205589,1,0,0
42099,"Perry County, Pennsylvania",PA,45941,76103.0,8.18,3.39,5.58,84.79,0.2838,0.1502,0.0881,0.2644,0.1737,10.7,38.2,32.8,26.5,16.1,5.9,18.6,13.7,15.8,8.7,12.9,10.4,6.259481907,2.285148621,3.858185053,7.540918827,0.216394007,0.389509231,1,0,0
42101,"Philadelphia County, Pennsylvania",PA,1593208,57537.0,22.72,8.65,28.15,85.33,0.909,0.8361,0.9465,0.915,0.9465,10.7,38.2,32.8,26.5,16.1,5.9,18.6,13.7,15.8,8.7,12.9,10.4,1.076196194,0.312374592,0.084144123,0.095167771,0.442829102,0.898328602,1,0,0
42103,"Pike County, Pennsylvania",PA,58996,76416.0,10.01,8.5,5.41,89.04,0.4429,0.3509,0.5558,0.0439,0.2405,10.7,38.2,32.8,26.5,16.1,5.9,18.6,13.7,15.8,8.7,12.9,10.4,12.58837986,2.669498444,3.060391665,8.311995506,0.124839492,0.428021103,1,0,0
42105,"Potter County, Pennsylvania",PA,16390,56491.0,12.23,4.84,6.85,83.47,0.3974,0.5374,0.0407,0.5409,0.405,10.7,38.2,32.8,26.5,16.1,5.9,18.6,13.7,15.8,8.7,12.9,10.4,4.791255951,1.473450541,3.070412874,9.698722839,0.243116751,0.486233503,1,0,0
42107,"Schuylkill County, Pennsylvania",PA,143201,63574.0,12.34,5.31,8.21,82.97,0.4228,0.6411,0.335,0.539,0.4928,10.7,38.2,32.8,26.5,16.1,5.9,18.6,13.7,15.8,8.7,12.9,10.4,8.367783546,2.403437376,2.395323277,4.731254578,0.206099108,0.469053149,1,0,0
42109,"Snyder County, Pennsylvania",PA,39797,65914.0,8.37,2.18,6.47,80.82,0.3563,0.1177,0.0627,0.6071,0.2819,10.7,38.2,32.8,26.5,16.1,5.9,18.6,13.7,15.8,8.7,12.9,10.4,6.229284763,2.826081038,4.794625282,6.058543205,0.223230898,0.719299555,1,0,0
42111,"Somerset County, Pennsylvania",PA,73802,57357.0,10.84,5.19,6.81,79.08,0.349,0.2571,0.1094,0.6726,0.3618,10.7,38.2,32.8,26.5,16.1,5.9,18.6,13.7,15.8,8.7,12.9,10.4,15.90955544,5.752521038,5.849814892,11.59974861,0.219430581,0.466289967,1,0,0
42113,"Sullivan County, Pennsylvania",PA,5880,62910.0,12.22,5.52,5.28,79.81,0.2806,0.2666,0.1339,0.3977,0.2444,10.7,38.2,32.8,26.5,16.1,5.9,18.6,13.7,15.8,8.7,12.9,10.4,34.39587784,11.3441,2.993977785,8.561504364,0.507356644,1.014713287,1,0,0
42115,"Susquehanna County, Pennsylvania",PA,38540,63968.0,11.17,5.8,5.17,87.74,0.4003,0.1989,0.0407,0.1371,0.1814,10.7,38.2,32.8,26.5,16.1,5.9,18.6,13.7,15.8,8.7,12.9,10.4,18.1141777,6.1072855,3.028863192,6.899338722,0.149977505,0.474928766,1,0,0
42117,"Tioga County, Pennsylvania",PA,41186,59707.0,12.16,4.51,6.16,84.31,0.3767,0.2367,0.0264,0.5196,0.2975,10.7,38.2,32.8,26.5,16.1,5.9,18.6,13.7,15.8,8.7,12.9,10.4,23.37827301,9.377547264,4.222893715,9.905669212,0.173348859,0.470518321,1,0,0
42119,"Union County, Pennsylvania",PA,42908,64914.0,10.82,3.46,9.2,77.65,0.4693,0.0697,0.4165,0.8167,0.4531,10.7,38.2,32.8,26.5,16.1,5.9,18.6,13.7,15.8,8.7,12.9,10.4,18.44298553,10.67160225,4.729810238,6.095449924,0.112882107,0.609563351,1,0,0
42121,"Venango County, Pennsylvania",PA,50475,59278.0,13.37,6.67,7.35,85.54,0.3751,0.5126,0.0627,0.4718,0.3656,10.7,38.2,32.8,26.5,16.1,5.9,18.6,13.7,15.8,8.7,12.9,10.4,5.269283772,1.955630183,3.125295401,8.161921501,0.198696554,0.496741384,1,0,0
42123,"Warren County, Pennsylvania",PA,38492,57925.0,11.59,4.33,6.71,82.65,0.1314,0.3563,0.0627,0.3217,0.153,10.7,38.2,32.8,26.5,16.1,5.9,18.6,13.7,15.8,8.7,12.9,10.4,10.82820797,4.333338737,2.972789764,6.401904106,0.154198036,0.513993502,1,0,0
42125,"Washington County, Pennsylvania",PA,209631,74403.0,9.5,5.02,7.36,88.02,0.1123,0.1263,0.265,0.5227,0.1648,10.7,38.2,32.8,26.5,16.1,5.9,18.6,13.7,15.8,8.7,12.9,10.4,34.43283844,9.646025658,4.672420502,8.01303196,0.116052479,0.77368319,1,0,0
42127,"Wayne County, Pennsylvania",PA,51227,59240.0,10.99,5.91,6.37,85.41,0.4839,0.1992,0.3166,0.5119,0.3952,10.7,38.2,32.8,26.5,16.1,5.9,18.6,13.7,15.8,8.7,12.9,10.4,1.955829501,0.874955237,2.773156881,9.006361008,0.175908372,0.37136212,1,0,0
42129,"Westmoreland County, Pennsylvania",PA,354414,69454.0,9.73,4.96,6.96,86.19,0.0996,0.1088,0.1861,0.3748,0.1091,10.7,38.2,32.8,26.5,16.1,5.9,18.6,13.7,15.8,8.7,12.9,10.4,32.76404953,7.652281284,3.127621651,5.786931992,0.138293862,0.723161638,1,0,0
42131,"Wyoming County, Pennsylvania",PA,26219,67968.0,11.22,4.46,5.39,86.46,0.1304,0.1082,0.0821,0.2345,0.0872,10.7,38.2,32.8,26.5,16.1,5.9,18.6,13.7,15.8,8.7,12.9,10.4,0.87787205,0.24405551,3.591638327,9.661671638,0.150619417,0.564822853,1,0,0
42133,"York County, Pennsylvania",PA,457051,79183.0,8.6,4.6,5.64,88.26,0.2638,0.5024,0.5094,0.3605,0.3379,10.7,38.2,32.8,26.5,16.1,5.9,18.6,13.7,15.8,8.7,12.9,10.4,29.48576355,5.438402653,1.566655159,3.708238602,0.128760695,0.71040386,1,0,0
44001,"Bristol County, Rhode Island",RI,50658,105875.0,7.24,4.1,6.13,91.02,0.1152,0.085,0.2914,0.426,0.1327,7.9,26.0,27.4,17.8,10.6,4.6,15.8,10.4,9.0,5.5,8.6,5.5,56.01336288,12.09386921,5.314671993,6.934642792,0.103412613,0.744570851,0,0,0
44003,"Kent County, Rhode Island",RI,170168,85732.0,7.5,4.6,6.02,90.65,0.2402,0.1791,0.4165,0.2918,0.2116,9.6,32.7,31.5,22.3,12.8,5.0,17.2,11.7,11.8,6.9,10.7,6.6,32.15211868,5.53775835,1.118770361,3.284631491,0.1153991,0.801720083,0,0,0
44005,"Newport County, Rhode Island",RI,85442,96319.0,7.77,6.46,7.36,92.18,0.2183,0.1928,0.4496,0.5396,0.2787,7.8,27.9,28.2,18.4,9.8,4.7,15.7,10.4,9.7,5.9,9.2,5.8,33.48879242,4.644577026,1.239356518,2.770937681,0.171073854,1.014223576,0,0,0
44007,"Providence County, Rhode Island",RI,657984,72579.0,13.62,6.28,11.3,87.59,0.679,0.594,0.7983,0.9208,0.8097,10.6,33.7,31.0,28.2,12.5,5.5,18.4,13.5,19.6,9.7,17.3,10.3,15.93440628,3.261905432,1.355596304,2.071358681,0.210510775,0.818478465,0,0,0
44009,"Washington County, Rhode Island",RI,129998,99510.0,7.87,5.93,4.41,93.34,0.1642,0.1171,0.2879,0.2584,0.1324,7.1,28.0,27.8,16.8,10.4,4.7,15.7,10.4,9.3,5.8,8.7,5.3,31.24183655,7.595977306,1.882296205,3.469311953,0.238576174,0.763443768,0,0,0
45001,"Abbeville County, South Carolina",SC,24368,49759.0,15.91,2.83,6.54,76.24,0.6157,0.1973,0.6872,0.734,0.5988,13.2,38.0,37.2,29.1,16.9,6.2,19.5,15.0,22.1,10.7,16.5,13.3,20.36270714,8.829011917,5.587237835,14.41395187,0.1790471595,0.573676467,0,0,0
45003,"Aiken County, South Carolina",SC,169865,63212.0,14.16,6.17,5.77,87.97,0.5947,0.6357,0.7226,0.5151,0.6322,11.3,34.5,33.5,25.1,13.8,5.4,17.0,12.9,17.5,9.0,14.2,12.3,29.12863159,9.227856636,3.485061169,8.995519638,0.138812572,0.717198312,0,0,0
45005,"Allendale County, South Carolina",SC,8073,37096.0,27.21,13.46,13.39,69.88,0.9882,0.8097,0.9793,0.994,0.9955,17.9,46.9,44.8,36.6,19.8,7.0,19.7,16.4,36.2,16.9,27.0,18.2,2.333132505,1.291221857,8.392225266,20.27009392,0.1790471595,0.480134428,0,0,0
45007,"Anderson County, South Carolina",SC,204592,62347.0,14.27,5.48,5.88,85.74,0.6166,0.4916,0.5854,0.6542,0.6303,11.1,36.2,33.7,25.3,14.4,5.8,18.9,14.0,17.8,8.6,13.8,12.7,36.07876587,12.31803036,4.108633041,9.084637642,0.137017801,0.748704433,0,0,0
45009,"Bamberg County, South Carolina",SC,13311,43920.0,22.27,10.98,15.36,75.75,0.9866,0.8046,0.937,0.7455,0.958,15.6,43.1,41.0,30.9,17.8,6.3,19.6,15.4,29.6,14.0,22.6,15.0,27.10024261,15.52304554,7.23803997,16.0009346,0.1790471595,0.79102546,0,0,0
45011,"Barnwell County, South Carolina",SC,20653,42470.0,25.29,5.89,11.56,73.59,0.9243,0.8664,0.8721,0.9443,0.9612,15.9,44.3,40.4,34.5,20.1,7.1,20.4,16.6,32.0,15.0,23.3,16.6,0.030652694,0.013742511,6.71243906,14.61294079,0.192261472,0.865176618,0,0,0
45013,"Beaufort County, South Carolina",SC,189071,81260.0,10.36,3.09,3.53,90.5,0.2695,0.5549,0.6923,0.5908,0.469,9.3,30.7,30.2,18.2,10.5,4.8,15.1,11.2,14.1,7.3,11.7,11.5,48.99441147,13.1020422,2.891510963,4.27521944,0.153330341,0.725763559,0,0,0
45015,"Berkeley County, South Carolina",SC,231419,77874.0,10.93,3.77,3.43,86.27,0.4082,0.5794,0.7591,0.5523,0.5447,11.9,37.8,34.7,25.3,12.9,5.2,17.1,12.7,17.0,8.3,13.4,11.8,29.03096962,9.023946762,2.719652414,6.23109293,0.114413083,0.546640277,0,0,0
45017,"Calhoun County, South Carolina",SC,14145,55550.0,18.66,7.33,5.34,78.41,0.7633,0.5212,0.8365,0.5574,0.7273,12.9,40.7,37.1,26.7,14.7,5.6,18.0,13.6,21.2,10.2,16.8,12.5,0.980033636,0.272468984,7.225264072,12.13142014,0.1790471595,0.343548179,0,0,0
45019,"Charleston County, South Carolina",SC,409840,78795.0,12.27,3.7,6.06,84.34,0.4222,0.1101,0.7213,0.6172,0.4343,10.0,29.9,29.4,19.6,10.6,4.7,15.1,10.8,12.8,7.0,10.8,9.7,20.78396034,5.988320351,1.412697196,2.423509359,0.232067958,0.909132242,0,0,0
45021,"Cherokee County, South Carolina",SC,56200,47011.0,17.99,5.93,6.05,74.13,0.7967,0.6096,0.6548,0.7241,0.7798,12.9,38.8,35.9,30.3,17.6,6.4,19.8,15.3,22.4,10.8,16.6,14.5,11.53052044,5.150079727,4.52604866,11.65989494,0.139577076,0.645543993,0,0,0
45023,"Chester County, South Carolina",SC,32171,50022.0,18.95,6.16,6.83,76.82,0.8062,0.3837,0.8008,0.5253,0.7047,13.7,37.7,38.3,31.2,18.1,6.5,20.1,15.3,25.4,12.2,19.1,14.5,15.9163065,9.100396156,5.687589169,10.26581192,0.155125335,0.527426183,0,0,0
45025,"Chesterfield County, South Carolina",SC,43536,46326.0,20.32,8.7,9.27,77.04,0.9001,0.9338,0.7894,0.8874,0.9462,14.8,45.0,39.2,32.9,18.4,6.6,19.9,16.3,28.0,12.6,19.9,16.3,11.09169483,4.429010391,6.777747154,14.80431271,0.153488576,0.526246548,0,0,0
45027,"Clarendon County, South Carolina",SC,31163,48677.0,19.52,10.1,11.69,81.29,0.9472,0.6519,0.8785,0.993,0.9691,15.0,38.4,40.7,31.5,18.0,6.5,19.7,15.4,28.2,13.1,21.2,15.3,16.54156303,7.272737026,7.877356529,19.36898041,0.149633393,0.508753538,0,0,0
45029,"Colleton County, South Carolina",SC,38561,46795.0,16.63,8.57,9.44,79.48,0.9564,0.8597,0.8129,0.9389,0.966,13.8,39.1,38.0,31.3,18.0,6.3,19.5,15.3,26.0,12.3,19.6,14.5,37.98973846,18.15464592,2.888547897,14.25016212,0.293482035,0.773725331,0,0,0
45031,"Darlington County, South Carolina",SC,63025,44317.0,20.23,6.53,9.92,70.27,0.8746,0.7496,0.8466,0.8527,0.8921,14.5,45.6,39.6,28.9,16.9,6.3,19.2,15.0,25.9,12.1,19.5,13.7,12.48615456,6.872626305,5.59213829,14.01441669,0.135320038,0.57135123,0,0,0
45033,"Dillon County, South Carolina",SC,28255,42454.0,31.61,7.23,10.65,61.4,0.9831,0.9157,0.8915,0.8435,0.9745,17.3,45.3,43.2,34.6,21.5,7.4,21.4,17.5,35.0,16.7,25.2,17.2,4.468746185,1.905476689,6.904956341,21.51823807,0.230513379,0.724470615,0,0,0
45035,"Dorchester County, South Carolina",SC,162139,73686.0,12.33,5.48,3.07,86.86,0.6071,0.6589,0.756,0.4543,0.6306,11.4,35.0,32.8,24.0,13.1,5.2,16.8,12.6,16.0,8.4,13.5,11.5,24.97842598,6.839034081,2.254758358,5.594187737,0.114639461,0.555096328,0,0,0
45037,"Edgefield County, South Carolina",SC,26181,60033.0,16.97,6.23,7.46,74.21,0.7451,0.7066,0.8116,0.9065,0.8476,13.6,39.7,35.7,27.7,16.4,6.2,18.2,14.4,22.8,11.0,17.3,15.5,29.7927227,12.06659317,5.596795559,15.0334692,0.11061947,0.258112103,0,0,0
45039,"Fairfield County, South Carolina",SC,20942,44521.0,18.72,6.93,6.57,76.9,0.8676,0.7311,0.9243,0.8276,0.8893,15.4,45.6,40.9,31.0,17.7,6.3,19.5,15.1,29.2,13.7,22.5,14.7,23.39931107,10.48564148,4.740157127,13.75673866,0.1790471595,0.407996744,0,0,0
45041,"Florence County, South Carolina",SC,137015,56088.0,17.82,4.52,7.39,77.98,0.7305,0.5288,0.8686,0.923,0.8256,13.2,40.7,38.6,29.1,15.2,5.8,18.7,14.0,22.6,11.2,18.2,12.6,17.76611137,7.474901199,4.388405323,11.4394598,0.181701899,0.806756377,0,0,0
45043,"Georgetown County, South Carolina",SC,63594,59782.0,16.0,5.03,5.09,81.95,0.5927,0.349,0.7178,0.42,0.5301,11.6,32.5,33.7,22.6,12.7,5.2,16.9,12.3,16.7,8.6,14.2,10.8,26.39408684,9.662270546,4.559366226,11.48085403,0.220984012,0.599813759,0,0,0
45045,"Greenville County, South Carolina",SC,528251,71328.0,10.92,4.15,5.14,90.0,0.4766,0.5533,0.7028,0.7362,0.6246,10.7,32.5,32.6,22.5,11.5,5.2,16.8,12.2,15.3,7.7,12.3,11.7,35.70973587,10.06816006,2.242491722,4.462999344,0.187798366,0.860116482,0,0,0
45047,"Greenwood County, South Carolina",SC,69309,47553.0,17.34,5.45,8.29,78.87,0.7929,0.7471,0.7951,0.8174,0.8466,13.0,37.5,36.4,27.3,15.7,5.9,18.3,14.1,22.6,10.7,17.1,13.2,13.57332325,4.146915436,2.548228502,8.165941238,0.22511749,0.816050887,0,0,0
45049,"Hampton County, South Carolina",SC,18890,40157.0,19.98,10.74,10.32,78.11,0.959,0.923,0.9214,0.7922,0.9621,17.1,41.6,42.0,33.6,19.4,6.9,19.7,15.8,31.4,14.5,23.3,17.2,12.73285389,6.555947781,4.841602802,12.61343288,0.27696228,0.997064173,0,0,0
45051,"Horry County, South Carolina",SC,356578,59880.0,13.1,5.56,4.27,89.98,0.7378,0.7254,0.5778,0.4938,0.7022,10.9,32.4,33.7,23.1,15.1,5.5,19.0,14.0,16.6,8.3,13.1,13.0,23.42155075,8.367617607,1.799649,6.864702225,0.180599749,0.911207855,0,0,0
45053,"Jasper County, South Carolina",SC,29444,60452.0,17.91,6.27,3.61,78.52,0.8505,0.6475,0.8912,0.8988,0.8829,13.2,35.4,36.3,28.7,14.3,5.9,17.5,13.9,23.4,11.1,18.3,16.0,9.823148727,5.096119881,4.025830746,12.96617413,0.189945549,0.601494253,0,0,0
45055,"Kershaw County, South Carolina",SC,65779,61343.0,14.44,4.7,3.48,87.55,0.5606,0.6535,0.6971,0.1495,0.4782,12.1,36.3,35.1,26.1,14.6,5.6,18.0,13.6,19.3,9.3,15.0,12.5,33.50849915,12.08942986,2.85597682,8.892476082,0.148209631,0.563196599,0,0,0
45057,"Lancaster County, South Carolina",SC,97611,72186.0,12.1,4.98,4.14,86.51,0.3586,0.6634,0.6764,0.3433,0.4575,11.3,35.8,31.5,24.8,12.8,5.3,17.3,13.0,16.8,8.4,13.5,11.8,28.47920799,6.981840611,2.970180273,7.608905315,0.208073243,0.594494998,0,0,0
45059,"Laurens County, South Carolina",SC,67456,52077.0,18.84,5.21,6.25,81.67,0.8874,0.8454,0.7038,0.8161,0.8947,13.0,36.3,35.9,30.6,16.8,6.1,19.2,14.9,22.2,10.8,16.8,14.7,15.74491787,6.740543365,5.662039757,12.78930283,0.147312284,0.530324221,0,0,0
45061,"Lee County, South Carolina",SC,16557,39099.0,27.78,9.16,12.4,78.12,0.9796,0.3563,0.9488,0.9975,0.9704,16.9,44.1,43.7,34.7,19.3,6.8,19.9,16.0,33.1,15.6,25.0,16.5,4.971880913,2.832636356,6.866426468,18.09597969,0.1790471595,0.419136584,0,0,0
45063,"Lexington County, South Carolina",SC,295934,71280.0,11.6,4.39,4.66,90.14,0.3796,0.5568,0.6347,0.4893,0.4855,10.5,35.9,33.2,24.9,13.0,5.1,17.2,12.4,15.3,7.8,12.5,11.1,32.81361389,8.658864021,2.293651104,7.15348053,0.171083018,0.796194077,0,0,0
45065,"McCormick County, South Carolina",SC,9612,55569.0,16.68,6.42,5.07,78.14,0.5536,0.4158,0.8549,0.6023,0.6087,13.6,38.3,38.4,26.9,15.9,6.1,17.7,13.6,23.1,11.3,18.6,13.8,6.275514126,1.649007916,5.417449951,15.66354465,0.1790471595,0.530222714,0,0,0
45067,"Marion County, South Carolina",SC,29212,35972.0,27.39,6.8,12.31,60.49,0.9077,0.6701,0.9294,0.7346,0.8753,17.7,45.2,43.4,34.9,20.7,7.1,21.0,17.1,35.3,16.4,26.0,16.9,0.211481452,0.114055023,6.73605299,18.25429726,0.232110888,0.828967452,0,0,0
45069,"Marlboro County, South Carolina",SC,26585,34275.0,27.82,7.8,13.25,63.56,0.9717,0.4184,0.9259,0.9605,0.9405,17.4,40.9,44.7,37.3,21.4,7.3,20.7,17.4,34.7,16.4,25.2,18.1,20.5607338,8.825708389,8.448119164,18.04131126,0.15636605,0.469098151,0,0,0
45071,"Newberry County, South Carolina",SC,37918,56706.0,15.54,3.91,6.04,80.97,0.6013,0.9125,0.7821,0.7471,0.8027,13.1,38.6,37.1,29.5,16.1,6.0,18.4,14.0,21.4,10.4,16.3,14.0,28.70879936,15.41084766,5.839635849,14.55163288,0.130055919,0.598257244,0,0,0
45073,"Oconee County, South Carolina",SC,78775,56710.0,15.69,5.83,5.46,80.19,0.7528,0.8492,0.4588,0.4063,0.6968,11.4,38.2,31.9,26.4,15.3,6.0,18.0,14.3,17.7,8.8,13.2,12.9,22.81996918,10.40524197,5.066608906,10.96625328,0.21246016,0.562394559,0,0,0
45075,"Orangeburg County, South Carolina",SC,84159,41020.0,25.0,9.21,8.46,76.75,0.9535,0.6958,0.9478,0.9236,0.9516,15.7,43.1,42.4,32.5,17.5,6.4,19.5,15.2,31.3,14.5,23.3,15.3,28.44432449,12.80784321,5.950797558,15.25060558,0.210913613,0.87880671,0,0,0
45077,"Pickens County, South Carolina",SC,131106,57628.0,16.92,4.15,6.78,83.11,0.6653,0.0369,0.4356,0.9316,0.5717,11.4,37.3,34.0,25.8,15.1,6.0,18.4,14.0,17.9,8.8,13.4,12.2,42.57255554,15.60136986,3.948654413,7.223007679,0.101575993,0.828234971,0,0,0
45079,"Richland County, South Carolina",SC,416161,59850.0,16.83,6.78,6.68,87.71,0.7486,0.3888,0.9154,0.8622,0.7922,13.0,35.8,37.0,22.2,11.9,5.4,16.5,12.8,18.5,9.9,16.6,11.3,46.48968124,17.00757599,3.057353497,7.057005405,0.121703565,0.787493646,0,0,0
45081,"Saluda County, South Carolina",SC,18952,51041.0,17.89,3.33,5.13,77.18,0.7187,0.8985,0.7989,0.6736,0.8228,13.3,43.5,35.8,30.4,16.1,6.2,18.2,14.8,23.0,10.9,17.7,17.4,2.948939323,0.921810031,4.429949284,11.51882744,0.147674128,0.295348257,0,0,0
45083,"Spartanburg County, South Carolina",SC,330119,61955.0,14.42,4.72,4.55,85.62,0.6456,0.7929,0.706,0.6704,0.7486,12.1,37.9,35.5,26.8,14.4,5.7,17.9,13.7,18.8,9.3,15.1,13.3,34.01483154,14.12132645,3.223079205,8.057339668,0.134884506,0.714274764,0,0,0
45085,"Sumter County, South Carolina",SC,105199,53970.0,16.41,7.19,7.97,82.35,0.8632,0.6274,0.896,0.8638,0.8762,13.8,43.2,38.4,26.5,15.6,5.8,18.3,14.0,23.9,11.7,19.1,13.0,18.95896339,7.039202213,4.583179474,11.35830975,0.150432497,0.705152333,0,0,0
45087,"Union County, South Carolina",SC,27158,42305.0,21.05,10.16,8.97,80.92,0.9166,0.811,0.7321,0.8813,0.9173,15.0,43.8,40.6,31.9,19.7,7.0,20.7,16.6,27.8,13.3,20.5,15.6,7.914997101,3.73351717,5.116900921,11.15061951,0.111148164,0.518691421,0,0,0
45089,"Williamsburg County, South Carolina",SC,30879,40848.0,23.53,4.5,14.17,66.94,0.901,0.8282,0.9548,0.9749,0.9634,16.3,45.1,43.7,32.9,18.1,6.4,19.7,15.3,31.8,14.5,24.3,16.1,8.049659729,4.432628155,7.85613966,21.10990715,0.234702438,0.33528918,0,0,0
45091,"York County, South Carolina",SC,282987,80158.0,8.44,4.67,3.69,91.27,0.2749,0.3217,0.6872,0.3958,0.3436,10.3,36.8,32.4,22.6,11.1,4.7,16.7,11.4,14.4,7.1,11.6,10.1,31.85037804,8.529566765,2.047478914,5.43205452,0.152193844,0.563808978,0,0,0
46003,"Aurora County, South Dakota",SD,2590,71490.0,5.14,0.78,1.8,78.54,0.0649,0.5921,0.3322,0.0754,0.104,9.8,36.7,29.1,23.7,15.9,5.6,16.4,11.9,15.8,8.7,12.9,10.3,70.41963196,16.91805458,1.175767183,4.143595695,0.1790471595,0.6513130965,0,0,0
46005,"Beadle County, South Dakota",SD,19089,63813.0,9.67,2.27,6.97,82.56,0.3977,0.8021,0.6332,0.931,0.7289,11.3,35.4,30.5,28.5,17.2,6.2,16.5,13.1,15.8,8.7,12.9,12.7,28.97086716,6.369083881,0.692282736,2.607983351,0.270080477,0.594177067,0,0,0
46007,"Bennett County, South Dakota",SD,3391,44821.0,29.6,7.85,8.97,67.36,0.9427,0.3754,0.937,0.531,0.811,17.3,43.1,36.8,34.8,29.0,8.7,21.0,18.6,15.8,8.7,12.9,14.2,39.24375153,23.32318497,1.980458856,11.99688721,0.1790471595,0.6513130965,0,0,0
46009,"Bon Homme County, South Dakota",SD,7018,57554.0,11.71,2.22,4.06,79.99,0.3124,0.0535,0.3977,0.3023,0.1899,10.7,37.5,32.0,25.2,18.6,6.3,16.5,12.8,15.8,8.7,12.9,10.7,80.1966629,26.0578804,4.223994732,5.900158882,0.1790471595,0.6513130965,0,0,0
46011,"Brookings County, South Dakota",SD,34631,64438.0,12.48,3.93,5.78,89.22,0.1871,0.006,0.335,0.7401,0.154,9.7,39.5,28.6,19.9,12.9,5.4,15.2,10.9,15.8,8.7,12.9,7.6,45.35110474,16.44580269,2.369173288,2.933565378,0.084262565,0.730275512,0,0,0
46013,"Brown County, South Dakota",SD,38278,70379.0,10.55,3.6,6.3,85.72,0.1549,0.2628,0.42,0.5905,0.2669,9.5,35.5,28.1,23.5,14.7,5.3,15.7,11.3,15.8,8.7,12.9,8.5,42.12817383,8.361088753,1.499038339,1.826596498,0.154886678,0.851876736,0,0,0
46015,"Brule County, South Dakota",SD,5247,64821.0,13.93,3.21,4.95,76.56,0.3866,0.2294,0.5081,0.5094,0.3872,10.3,38.5,30.4,24.4,17.2,5.9,17.1,12.7,15.8,8.7,12.9,9.6,32.63670349,13.20024776,2.586523771,5.798716068,0.570993543,0.951655865,0,0,0
46017,"Buffalo County, South Dakota",SD,1859,42917.0,36.52,14.94,14.23,61.18,0.9975,0.7728,0.9831,0.9399,0.9892,18.7,49.0,37.9,37.6,32.1,9.0,22.3,19.5,15.8,8.7,12.9,14.6,18.13111877,12.05484962,6.454472542,26.73879623,0.1790471595,0.6513130965,0,0,0
46019,"Butte County, South Dakota",SD,10369,58106.0,8.23,5.82,3.82,88.52,0.7337,0.1444,0.3503,0.6268,0.5431,10.0,35.8,30.2,26.1,17.3,5.9,17.3,12.5,15.8,8.7,12.9,10.4,42.45508194,16.8231411,2.113764048,6.623237133,0.37957868,0.569368005,0,0,0
46021,"Campbell County, South Dakota",SD,1534,66932.0,5.62,3.9,4.49,72.65,0.1269,0.2972,0.0627,0.1247,0.0878,9.1,33.7,28.3,22.6,14.7,5.4,15.7,11.3,15.8,8.7,12.9,9.4,40.49100876,8.532710075,0.74774617,1.585467696,0.1790471595,0.6513130965,0,0,0
46023,"Charles Mix County, South Dakota",SD,9302,60729.0,22.87,7.1,5.3,77.05,0.8091,0.175,0.756,0.6468,0.6777,12.4,41.0,32.8,28.4,21.5,6.8,18.5,14.4,15.8,8.7,12.9,10.9,9.423670769,3.595530987,2.205582142,7.818648815,0.539840221,0.647808254,0,0,0
46025,"Clark County, South Dakota",SD,3837,59340.0,9.43,5.35,3.16,83.09,0.4372,0.6707,0.1985,0.2151,0.3659,9.9,34.3,29.1,24.9,17.1,5.8,16.7,12.3,15.8,8.7,12.9,10.8,46.27931213,16.23102951,2.008798361,2.97315526,0.1790471595,0.6513130965,0,0,0
46027,"Clay County, South Dakota",SD,14953,55963.0,21.17,8.19,8.16,89.84,0.6907,0.0194,0.3977,0.9962,0.6367,10.3,39.8,30.0,24.3,15.8,5.9,16.3,12.0,15.8,8.7,12.9,8.4,33.29525375,11.06980991,2.134125471,5.830080986,0.1790471595,0.772146583,0,0,0
46029,"Codington County, South Dakota",SD,28402,65747.0,10.95,1.54,5.49,84.6,0.1861,0.0945,0.2628,0.6993,0.2415,10.0,36.2,28.6,25.1,16.8,5.7,16.4,12.0,15.8,8.7,12.9,9.1,32.54798508,6.520250797,2.135182142,4.114705086,0.141914427,0.709572136,0,0,0
46031,"Corson County, South Dakota",SD,3906,48125.0,43.45,24.6,10.64,76.28,0.8845,0.2832,0.9656,0.4709,0.7324,18.3,44.3,38.0,37.1,30.8,9.3,21.9,19.5,15.8,8.7,12.9,14.6,36.11452103,21.20974922,9.665489197,17.45836067,0.1790471595,0.6513130965,0,0,0
46033,"Custer County, South Dakota",SD,8515,75943.0,8.27,2.96,0.7,83.92,0.315,0.1212,0.3248,0.5679,0.2937,8.9,33.6,28.3,21.9,14.4,5.2,15.6,11.0,15.8,8.7,12.9,8.1,35.25918579,7.63710928,1.490368843,5.228022099,0.1790471595,0.665409803,0,0,0
46035,"Davison County, South Dakota",SD,19966,55606.0,15.19,1.45,7.66,85.65,0.3143,0.2409,0.2959,0.6977,0.3742,9.9,38.6,30.5,23.9,16.4,5.7,16.6,12.2,15.8,8.7,12.9,9.6,32.6647644,9.9845438,1.447711825,3.92026782,0.201897845,0.908540249,0,0,0
46037,"Day County, South Dakota",SD,5485,57558.0,14.71,2.63,4.0,80.11,0.2249,0.111,0.4222,0.1317,0.1282,10.5,35.2,30.0,24.1,17.7,6.1,17.3,12.8,15.8,8.7,12.9,9.6,48.97493744,18.58641434,1.120781779,7.808744431,0.1790471595,0.748362958,0,0,0
46039,"Deuel County, South Dakota",SD,4298,76997.0,5.75,2.04,2.12,82.79,0.0579,0.2151,0.1276,0.0191,0.0213,9.1,33.4,28.0,22.1,15.4,5.4,16.2,11.3,15.8,8.7,12.9,8.8,32.71463394,9.953261375,0.478555858,5.15196085,0.1790471595,0.6513130965,0,0,0
46041,"Dewey County, South Dakota",SD,5275,55077.0,30.92,14.6,6.21,71.82,0.8915,0.2517,0.9825,0.8199,0.8263,18.0,43.9,38.4,36.9,29.7,8.5,20.9,18.1,15.8,8.7,12.9,13.8,48.52059555,24.25567627,3.678516626,12.80742264,0.1790471595,0.6513130965,0,0,0
46043,"Douglas County, South Dakota",SD,2823,75048.0,14.52,0.55,2.97,83.94,0.2873,0.4248,0.1225,0.5161,0.3166,10.1,35.9,30.3,23.9,17.1,5.9,16.9,12.4,15.8,8.7,12.9,9.9,7.109363556,2.171316624,1.265547156,1.905261517,0.1790471595,0.6513130965,0,0,0
46045,"Edmunds County, South Dakota",SD,4014,76806.0,7.32,2.1,0.91,87.87,0.0525,0.2167,0.0544,0.0385,0.0258,9.1,33.7,28.6,20.9,15.2,5.5,16.1,11.3,15.8,8.7,12.9,8.2,46.18645096,9.51641655,2.645820379,3.058786631,0.1790471595,0.6513130965,0,0,0
46047,"Fall River County, South Dakota",SD,7079,54886.0,19.29,2.69,5.68,81.4,0.6433,0.5192,0.4518,0.6545,0.6277,10.9,37.6,31.9,27.2,18.1,6.4,17.4,13.2,15.8,8.7,12.9,10.0,34.08222961,12.45678043,2.389475822,3.868181944,0.1790471595,0.44722718,0,0,0
46049,"Faulk County, South Dakota",SD,2140,56734.0,23.83,3.66,7.06,86.01,0.1801,0.5396,0.0264,0.7926,0.3627,10.8,36.8,30.9,25.4,18.3,6.5,17.7,13.3,15.8,8.7,12.9,9.7,48.21984863,18.77967453,1.44207859,1.031896114,0.1790471595,0.6513130965,0,0,0
46051,"Grant County, South Dakota",SD,7533,70851.0,9.81,3.25,5.34,81.59,0.146,0.3226,0.1985,0.5393,0.231,9.4,37.5,28.6,24.1,15.3,5.5,15.9,11.7,15.8,8.7,12.9,10.2,18.93068886,4.022945881,0.969764233,2.60093689,0.571428597,0.857142866,0,0,0
46053,"Gregory County, South Dakota",SD,3983,48272.0,12.83,2.58,4.39,79.35,0.1906,0.1957,0.3824,0.2682,0.1817,10.2,36.6,30.0,24.2,17.5,5.9,17.4,12.7,15.8,8.7,12.9,9.6,27.95304871,11.12441826,2.367577076,4.972815514,0.1790471595,0.6513130965,0,0,0
46055,"Haakon County, South Dakota",SD,1755,53109.0,10.67,0.0,8.89,68.27,0.1104,0.2695,0.2733,0.6618,0.2389,9.8,34.4,29.3,24.3,16.8,5.9,17.1,12.2,15.8,8.7,12.9,8.9,41.32684708,20.84799767,1.014797807,1.035938025,0.1790471595,0.6513130965,0,0,0
46057,"Hamlin County, South Dakota",SD,6196,76995.0,7.43,2.48,1.72,86.33,0.1114,0.4174,0.2109,0.1845,0.1336,9.0,35.1,27.9,22.7,15.2,5.4,15.8,11.4,15.8,8.7,12.9,9.5,96.07843018,24.88243866,3.511646986,3.796022654,0.481231958,0.6513130965,0,0,0
46059,"Hand County, South Dakota",SD,3075,72857.0,7.69,1.16,4.26,86.72,0.013,0.1591,0.1753,0.2526,0.048,8.8,34.4,27.9,20.5,13.9,5.2,15.7,10.9,15.8,8.7,12.9,7.6,33.12080383,9.113994598,0.401774406,1.321870327,0.1790471595,1.279181361,0,0,0
46061,"Hanson County, South Dakota",SD,3443,86827.0,6.01,2.02,1.36,89.69,0.0051,0.0178,0.1339,0.0003,0.0003,9.9,35.8,29.7,23.5,16.6,5.9,16.9,12.2,15.8,8.7,12.9,8.9,70.6863327,14.73405457,0.821508527,2.338634253,0.1790471595,0.6513130965,0,0,0
46063,"Harding County, South Dakota",SD,1176,71484.0,6.43,2.23,1.54,89.58,0.0035,0.0054,0.4314,0.4865,0.0264,8.5,35.1,27.6,19.8,13.5,5.0,15.4,10.5,15.8,8.7,12.9,7.9,100.0,24.98060417,0.729927003,1.459854007,0.1790471595,0.6513130965,0,0,0
46065,"Hughes County, South Dakota",SD,17812,83750.0,10.02,0.41,7.52,89.28,0.0535,0.0923,0.5161,0.9793,0.3013,9.0,33.9,27.7,20.9,14.0,5.0,15.5,10.8,15.8,8.7,12.9,7.6,34.84174728,7.112047672,2.361833811,2.712157249,0.1790471595,0.634517789,0,0,0
46067,"Hutchinson County, South Dakota",SD,7401,69139.0,9.9,1.51,4.74,81.68,0.0512,0.4489,0.2294,0.2409,0.1209,9.3,34.6,28.6,22.0,15.2,5.4,16.2,11.4,15.8,8.7,12.9,8.5,8.866562843,2.314509153,2.013506174,2.609200716,0.411974728,0.411974728,0,0,0
46069,"Hyde County, South Dakota",SD,1319,69712.0,6.65,0.68,0.0,86.51,0.0391,0.0267,0.2959,0.0611,0.0153,10.2,35.8,29.8,24.0,17.4,6.0,17.4,12.7,15.8,8.7,12.9,9.5,14.78574562,4.862867355,3.192142248,1.975081921,0.1790471595,0.6513130965,0,0,0
46071,"Jackson County, South Dakota",SD,2838,26078.0,38.4,7.4,14.83,57.28,0.9822,0.3923,0.9494,0.999,0.9771,17.1,41.8,37.9,34.6,29.8,9.0,21.6,18.9,15.8,8.7,12.9,14.4,63.92193985,45.84776688,8.079201698,17.12650299,0.1790471595,0.6513130965,0,0,0
46073,"Jerauld County, South Dakota",SD,1836,66607.0,9.11,0.72,5.12,84.63,0.0474,0.2078,0.3535,0.7175,0.1976,9.4,35.9,28.8,23.0,15.5,5.4,16.1,11.6,15.8,8.7,12.9,9.6,100.0,24.30613327,3.194125652,4.143947601,0.1790471595,0.6513130965,0,0,0
46075,"Jones County, South Dakota",SD,1006,61250.0,14.81,1.61,2.62,84.25,0.1317,0.4117,0.5542,0.2335,0.2036,10.1,35.5,30.7,24.3,17.1,5.9,17.0,12.3,15.8,8.7,12.9,8.8,99.99549103,40.13424301,2.233250618,6.451612949,0.1790471595,0.6513130965,0,0,0
46077,"Kingsbury County, South Dakota",SD,5172,65964.0,9.28,0.82,4.84,85.22,0.0751,0.1518,0.119,0.4241,0.1114,9.1,35.8,28.3,22.5,15.3,5.4,16.3,11.5,15.8,8.7,12.9,9.0,16.7575016,3.77017355,1.609530926,2.62906003,1.00260675,0.6513130965,0,0,0
46079,"Lake County, South Dakota",SD,11207,74884.0,9.66,1.59,2.46,90.69,0.056,0.1336,0.1985,0.3474,0.09,9.1,33.2,29.2,21.1,14.1,5.3,15.3,11.0,15.8,8.7,12.9,8.3,19.07955933,2.430644751,0.600403666,1.319721222,0.1790471595,0.560538113,0,0,0
46081,"Lawrence County, South Dakota",SD,26047,62977.0,11.07,2.53,4.48,88.08,0.3172,0.1693,0.3086,0.6653,0.3449,8.8,33.1,27.1,22.1,14.9,5.5,15.6,11.5,15.8,8.7,12.9,8.6,20.10943604,6.449929714,2.541466951,3.137402773,0.228824228,0.800884783,0,0,0
46083,"Lincoln County, South Dakota",SD,65801,92317.0,6.45,1.42,1.49,95.64,0.008,0.3414,0.2536,0.0506,0.0309,8.1,34.8,27.3,17.3,11.6,4.6,14.0,9.4,15.8,8.7,12.9,6.8,16.57478142,2.631716967,0.463107109,1.340514302,0.14281407,0.412573993,0,0,0
46085,"Lyman County, South Dakota",SD,3719,60284.0,25.08,5.01,10.13,80.73,0.6437,0.9052,0.8482,0.9065,0.867,13.2,40.7,33.8,28.9,22.4,7.1,18.5,14.9,15.8,8.7,12.9,11.3,54.9031601,16.83198357,5.533808231,11.5460577,0.790097475,0.6513130965,0,0,0
46087,"McCook County, South Dakota",SD,5714,74873.0,8.36,2.07,2.16,86.52,0.0834,0.1378,0.1696,0.0445,0.0366,8.8,35.9,27.7,21.5,14.1,5.2,15.6,11.0,15.8,8.7,12.9,8.4,47.75208282,11.40761852,2.482110739,5.290694714,0.543478251,0.6513130965,0,0,0
46089,"McPherson County, South Dakota",SD,2251,58529.0,13.22,0.28,4.24,71.56,0.2488,0.3643,0.0455,0.1998,0.1788,10.1,36.0,30.1,25.6,17.8,6.0,17.2,12.9,15.8,8.7,12.9,11.1,55.68772888,23.20861816,1.268441916,4.867537498,0.1790471595,0.6513130965,0,0,0
46091,"Marshall County, South Dakota",SD,4363,74018.0,7.5,1.2,1.92,80.89,0.0395,0.4162,0.4948,0.1871,0.1193,9.5,35.7,28.6,22.8,15.5,5.4,16.0,11.6,15.8,8.7,12.9,9.9,50.69634628,15.1544714,2.228104591,3.936144114,0.1790471595,0.6513130965,0,0,0
46093,"Meade County, South Dakota",SD,29970,70256.0,7.44,3.46,2.5,87.06,0.2698,0.0315,0.4057,0.3684,0.1744,8.6,30.9,29.2,21.1,14.6,5.4,16.3,11.3,15.8,8.7,12.9,8.6,15.34177017,4.569262981,0.875353396,4.124019146,0.139918849,0.34979713,0,0,0
46095,"Mellette County, South Dakota",SD,1989,41397.0,49.13,16.5,6.6,63.29,0.9265,0.2962,0.952,0.8419,0.8552,18.3,46.2,38.8,37.5,31.6,9.5,21.9,19.4,15.8,8.7,12.9,15.1,40.40450287,28.49633217,7.713050365,17.90873146,0.1790471595,0.6513130965,0,0,0
46097,"Miner County, South Dakota",SD,2312,62037.0,10.51,1.41,3.96,76.59,0.1925,0.5558,0.1094,0.2631,0.2154,9.7,36.2,29.6,24.2,16.9,5.7,16.9,12.1,15.8,8.7,12.9,9.5,24.27747154,6.288571835,2.270869017,7.917367458,0.1790471595,0.6513130965,0,0,0
46099,"Minnehaha County, South Dakota",SD,197742,73110.0,8.7,2.38,5.08,90.73,0.1753,0.4594,0.525,0.6583,0.3748,10.0,37.1,30.5,23.2,14.1,5.2,16.0,10.7,15.8,8.7,12.9,8.9,19.78236961,4.90481329,0.880791664,2.412695646,0.162718207,0.849185646,0,0,0
46101,"Moody County, South Dakota",SD,6346,71469.0,9.59,1.73,3.81,84.13,0.0671,0.5221,0.6029,0.4362,0.2431,9.6,33.6,28.3,22.2,15.0,5.3,15.7,11.4,15.8,8.7,12.9,8.6,17.32047844,4.304560661,1.179198146,3.152451992,0.1790471595,0.6513130965,0,0,0
46102,"Oglala Lakota County, South Dakota",SD,13695,32279.0,55.78,11.83,22.06,57.19,0.9987,0.2494,0.9981,0.9332,0.9545,23.8,47.7,42.5,41.7,40.3,11.4,24.5,23.6,15.8,8.7,12.9,18.9,0.0,0.0,10.84265518,38.33980179,0.1790471595,0.213219613,0,0,0
46103,"Pennington County, South Dakota",SD,110386,67823.0,12.27,3.45,5.56,89.04,0.3917,0.4349,0.5488,0.8053,0.5539,9.9,33.7,29.9,22.3,15.4,5.5,16.0,11.6,15.8,8.7,12.9,8.8,32.76581192,9.004611015,1.995041013,5.04666996,0.086261928,0.698721588,0,0,0
46105,"Perkins County, South Dakota",SD,2970,64410.0,11.94,4.24,3.4,87.07,0.2211,0.4938,0.0379,0.7003,0.3417,10.0,36.1,29.1,23.6,16.9,5.9,17.2,12.4,15.8,8.7,12.9,9.1,31.76331139,8.552816391,0.391445965,1.849166512,0.1790471595,0.6513130965,0,0,0
46107,"Potter County, South Dakota",SD,2587,71786.0,6.97,2.77,1.55,89.17,0.0356,0.0633,0.2164,0.1184,0.0296,9.0,35.3,28.3,21.6,14.7,5.2,16.2,11.1,15.8,8.7,12.9,7.9,39.61787033,12.35567379,0.003328391,1.524858117,0.1790471595,0.6513130965,0,0,0
46109,"Roberts County, South Dakota",SD,10242,59022.0,20.84,5.17,4.21,80.54,0.6481,0.5345,0.8291,0.5695,0.6694,12.8,43.5,33.0,29.8,21.5,6.8,18.8,14.8,15.8,8.7,12.9,10.9,35.3164978,10.27627563,2.402393579,7.813306808,0.290388167,0.6513130965,0,0,0
46111,"Sanborn County, South Dakota",SD,2373,65806.0,8.71,1.1,7.67,78.49,0.1457,0.2768,0.1339,0.3662,0.167,9.6,36.0,29.1,23.6,16.2,5.6,16.6,12.0,15.8,8.7,12.9,9.9,98.87176514,27.76142883,2.073741198,8.943862915,0.1790471595,0.6513130965,0,0,0
46115,"Spink County, South Dakota",SD,6355,65795.0,10.63,1.58,4.16,88.4,0.1155,0.336,0.1861,0.2587,0.1381,9.5,36.2,29.1,23.2,15.7,5.5,16.5,11.8,15.8,8.7,12.9,9.1,43.33292007,11.51662731,0.758867443,2.65268445,0.1790471595,0.6513130965,0,0,0
46117,"Stanley County, South Dakota",SD,2979,82298.0,3.22,0.17,2.91,86.28,0.0108,0.0579,0.3217,0.3213,0.0452,8.5,35.2,27.2,20.0,13.9,4.9,15.7,10.6,15.8,8.7,12.9,7.5,13.4569006,4.746860027,0.484360635,1.922263026,0.1790471595,0.6513130965,0,0,0
46119,"Sully County, South Dakota",SD,1318,66875.0,8.49,0.0,0.83,81.3,0.0312,0.2234,0.2062,0.042,0.027,8.9,35.0,28.9,21.2,14.5,5.2,15.8,10.9,15.8,8.7,12.9,8.3,99.71192932,21.68822479,2.257695436,2.292768955,0.1790471595,0.6513130965,0,0,0
46121,"Todd County, South Dakota",SD,9353,33792.0,52.2,15.06,16.91,61.24,0.9605,0.3026,0.9971,0.9914,0.9475,22.9,50.2,41.7,42.3,37.9,10.9,23.7,22.7,15.8,8.7,12.9,17.6,17.03748322,12.29000664,16.36700058,28.5741787,0.290894985,0.6513130965,0,0,0
46123,"Tripp County, South Dakota",SD,5607,56758.0,21.91,4.9,5.6,83.02,0.6997,0.4753,0.5352,0.5472,0.6236,11.6,37.8,32.1,27.0,20.5,6.6,18.2,14.1,15.8,8.7,12.9,10.8,32.09334564,12.1642046,0.800703645,3.286538601,0.55793196,0.74390924,0,0,0
46125,"Turner County, South Dakota",SD,8687,72312.0,9.23,2.3,2.41,82.42,0.0853,0.4693,0.0579,0.078,0.0725,9.3,33.9,28.7,22.6,15.2,5.5,16.2,11.5,15.8,8.7,12.9,8.9,2.15063858,0.758846939,1.921071529,7.479779243,0.358508617,0.6513130965,0,0,0
46127,"Union County, South Dakota",SD,16700,82036.0,8.25,2.99,2.53,85.6,0.0455,0.3726,0.314,0.076,0.0627,8.6,31.0,27.2,19.9,13.0,5.0,15.0,10.3,15.8,8.7,12.9,7.9,0.993045747,0.426333755,1.027054429,4.319284439,0.185276687,0.308794469,0,0,0
46129,"Walworth County, South Dakota",SD,5317,57697.0,13.24,3.58,2.9,81.3,0.4088,0.378,0.5444,0.672,0.5024,10.2,34.7,29.5,23.1,16.6,5.8,16.6,12.1,15.8,8.7,12.9,8.7,32.94265747,9.521787643,0.464960963,1.470912218,0.562218904,1.499250412,0,0,0
46135,"Yankton County, South Dakota",SD,23311,68847.0,7.98,1.62,5.03,85.64,0.062,0.1903,0.3563,0.7019,0.2014,9.4,38.8,29.5,23.0,14.5,5.3,15.8,11.2,15.8,8.7,12.9,9.3,25.45351219,9.273227692,3.586766243,5.658004284,0.1790471595,0.70354408,0,0,0
46137,"Ziebach County, South Dakota",SD,2455,46023.0,41.34,31.99,11.42,72.62,0.9351,0.1527,0.9745,0.971,0.8842,18.1,47.6,39.0,37.9,30.8,9.0,21.6,19.0,15.8,8.7,12.9,14.2,37.49684143,25.01778603,8.072224617,20.17860603,0.1790471595,0.6513130965,0,0,0
47001,"Anderson County, Tennessee",TN,77337,60633.0,15.4,5.43,5.39,88.16,0.6083,0.7397,0.3649,0.5972,0.6363,11.5,41.9,36.5,25.9,18.9,6.1,21.4,14.6,15.8,8.7,12.9,11.4,10.89867592,2.640846729,2.430248976,9.504497528,0.128935769,0.928337514,0,0,0
47003,"Bedford County, Tennessee",TN,50533,59955.0,12.39,4.61,3.88,83.5,0.7429,0.8692,0.6045,0.4003,0.7261,12.3,44.4,37.1,29.1,19.5,6.3,20.9,15.5,15.8,8.7,12.9,15.5,23.00352287,8.927298546,2.501559496,10.76295948,0.119571932,0.498216391,0,0,0
47005,"Benton County, Tennessee",TN,15933,47737.0,17.96,6.47,4.22,75.46,0.7156,0.5081,0.2323,0.1696,0.4508,12.6,40.5,37.7,31.1,23.1,6.9,23.1,16.8,15.8,8.7,12.9,13.9,12.58396244,5.768872261,5.76507616,14.4512682,0.247969747,0.619924366,0,0,0
47007,"Bledsoe County, Tennessee",TN,14816,51783.0,26.01,6.68,5.17,79.67,0.8823,0.1849,0.3723,0.755,0.6997,13.8,41.3,39.3,32.6,25.5,7.7,22.9,17.8,15.8,8.7,12.9,16.5,4.677407265,1.8957479,4.604607105,23.22178268,0.1790471595,0.6513130965,0,0,0
47009,"Blount County, Tennessee",TN,135951,70935.0,8.6,4.08,2.97,86.19,0.293,0.168,0.2914,0.342,0.2313,10.6,36.1,34.7,24.2,17.0,5.6,20.2,13.8,15.8,8.7,12.9,10.8,30.12894249,8.577095985,2.282066107,7.458128929,0.096474238,0.615950882,0,0,0
47011,"Bradley County, Tennessee",TN,108859,60692.0,13.41,5.36,4.73,86.1,0.6898,0.7108,0.4556,0.5647,0.6726,11.5,41.5,37.0,25.0,18.0,6.1,20.7,14.5,15.8,8.7,12.9,12.4,32.87549973,12.36877155,2.968110323,9.234128952,0.128356755,0.779308915,0,0,0
47013,"Campbell County, Tennessee",TN,39397,48258.0,19.44,7.07,6.2,73.89,0.896,0.4629,0.021,0.7213,0.7143,12.6,42.2,37.5,30.4,23.2,7.1,23.4,17.1,15.8,8.7,12.9,13.8,13.80813217,6.33111763,5.201794147,14.41209126,0.20081833,0.727966487,0,0,0
47015,"Cannon County, Tennessee",TN,14481,57651.0,15.13,3.26,4.91,75.04,0.4795,0.3417,0.1572,0.1664,0.2739,11.9,42.5,36.3,28.0,20.9,6.5,22.0,15.7,15.8,8.7,12.9,13.2,2.319384098,0.743838608,1.935694814,13.94328499,0.1790471595,0.404122055,0,0,0
47017,"Carroll County, Tennessee",TN,28381,49700.0,16.45,4.6,6.65,78.22,0.58,0.5584,0.4537,0.475,0.5457,12.4,43.1,37.0,28.8,20.7,6.5,21.8,15.7,15.8,8.7,12.9,12.6,9.402409554,3.425359726,4.360445976,13.91133499,0.17999208,0.467979401,0,0,0
47019,"Carter County, Tennessee",TN,56315,47994.0,18.14,7.19,5.93,78.63,0.8301,0.5838,0.1572,0.553,0.6666,12.5,38.0,38.1,29.4,21.2,6.8,22.3,16.5,15.8,8.7,12.9,12.6,47.02855301,23.05054283,4.447139263,14.34941578,0.14179872,0.655819058,0,0,0
47021,"Cheatham County, Tennessee",TN,41184,77014.0,9.34,3.71,1.75,86.43,0.272,0.2749,0.2816,0.1947,0.1995,10.5,38.7,34.2,23.6,17.1,5.6,20.0,13.6,15.8,8.7,12.9,11.2,7.570446968,1.4028548,2.272491455,9.278207779,0.121651538,0.583927393,0,0,0
47023,"Chester County, Tennessee",TN,17392,57471.0,15.82,6.9,3.98,83.51,0.6968,0.1387,0.4378,0.3665,0.4553,12.5,40.0,37.5,28.1,20.6,6.5,22.0,15.7,15.8,8.7,12.9,12.7,11.38388729,4.54415226,1.700755,9.616408348,0.1790471595,0.573657632,0,0,0
47025,"Claiborne County, Tennessee",TN,32092,42406.0,18.34,6.05,5.1,71.18,0.8269,0.2415,0.0627,0.5641,0.5619,12.3,42.3,37.7,28.9,21.5,6.7,22.3,16.2,15.8,8.7,12.9,13.0,8.414941788,4.438557148,4.479168892,17.08956146,0.218592882,0.468413323,0,0,0
47027,"Clay County, Tennessee",TN,7592,39572.0,22.27,5.55,6.49,73.21,0.6599,0.9472,0.1037,0.4617,0.6605,13.0,39.9,38.3,31.2,24.1,7.3,23.2,17.3,15.8,8.7,12.9,14.5,0.176703066,0.084767096,1.48241663,14.03092003,0.393236339,0.524315119,0,0,0
47029,"Cocke County, Tennessee",TN,36186,45110.0,20.11,6.24,4.28,74.74,0.9287,0.8807,0.182,0.2759,0.7369,13.2,39.8,38.2,31.1,24.2,7.3,23.5,17.6,15.8,8.7,12.9,15.0,21.94882965,11.19443607,3.292700052,17.66233253,0.165631473,0.55210489,0,0,0
47031,"Coffee County, Tennessee",TN,58080,57424.0,16.9,4.56,4.32,76.77,0.6354,0.9243,0.3847,0.3382,0.6411,11.7,39.4,37.2,27.1,20.1,6.4,21.3,15.3,15.8,8.7,12.9,13.0,13.74099731,5.298789978,2.104128361,8.662903786,0.173514709,0.694058836,0,0,0
47033,"Crockett County, Tennessee",TN,13955,59136.0,15.63,3.76,5.16,85.93,0.6045,0.9733,0.6424,0.349,0.7203,12.8,42.2,37.7,29.4,19.9,6.3,21.4,15.7,15.8,8.7,12.9,14.8,14.52877808,6.54175806,3.219072104,12.41486454,0.211565584,0.493653029,0,0,0
47035,"Cumberland County, Tennessee",TN,61552,56002.0,12.64,5.68,5.61,84.62,0.595,0.2918,0.1094,0.245,0.3506,11.7,39.8,37.3,26.3,20.7,6.6,22.0,15.5,15.8,8.7,12.9,12.5,26.86806488,10.92216778,3.580226183,12.45192814,0.097397856,0.535688221,0,0,0
47037,"Davidson County, Tennessee",TN,709786,71863.0,14.34,4.58,6.67,91.12,0.7054,0.2794,0.825,0.8027,0.7171,11.7,32.5,34.4,25.1,14.2,5.3,18.8,12.9,15.8,8.7,12.9,11.6,26.57374763,8.210762978,1.57263267,3.189681292,0.165664032,1.089061022,0,0,0
47039,"Decatur County, Tennessee",TN,11483,48466.0,19.24,7.9,3.83,77.15,0.762,0.1289,0.2485,0.3548,0.4496,13.5,42.8,38.6,31.1,24.3,7.4,23.1,17.5,15.8,8.7,12.9,14.9,6.205018044,2.828494072,3.86413002,13.49174881,0.34479785,0.430997342,0,0,0
47041,"DeKalb County, Tennessee",TN,20209,46907.0,20.21,5.04,8.68,77.99,0.8988,0.6204,0.3802,0.7388,0.8018,13.0,39.9,38.2,30.7,22.3,7.0,22.3,16.9,15.8,8.7,12.9,15.2,14.63652611,7.174827576,2.371185303,11.04553413,0.239957765,0.335940868,0,0,0
47043,"Dickson County, Tennessee",TN,54563,68492.0,10.86,3.78,1.92,83.98,0.3143,0.3233,0.3484,0.1801,0.2316,10.8,37.1,33.8,26.0,17.9,5.7,20.7,14.2,15.8,8.7,12.9,11.6,12.18622875,3.906537056,3.07156682,8.647607803,0.110342801,0.809180498,0,0,0
47045,"Dyer County, Tennessee",TN,36818,53150.0,16.33,4.5,6.41,85.08,0.7063,0.8832,0.552,0.2129,0.6335,12.6,39.4,38.4,29.3,20.5,6.5,22.0,15.8,15.8,8.7,12.9,12.9,27.47529793,14.91128445,2.863990307,12.70555401,0.218025237,0.654075682,0,0,0
47047,"Fayette County, Tennessee",TN,42228,81074.0,9.69,5.35,5.0,86.99,0.3388,0.5294,0.7066,0.2097,0.3668,12.0,38.7,37.4,24.8,16.8,5.7,19.8,13.5,15.8,8.7,12.9,11.1,16.88828659,4.852702141,3.403292418,13.05150604,0.072080731,0.336376756,0,0,0
47049,"Fentress County, Tennessee",TN,18642,47884.0,20.17,5.27,5.47,79.53,0.7203,0.5107,0.0407,0.1998,0.4413,12.8,44.5,37.6,30.2,23.0,7.1,23.2,17.2,15.8,8.7,12.9,13.9,0.319655806,0.117513709,6.287994385,19.41954041,0.212913185,0.372598082,0,0,0
47051,"Franklin County, Tennessee",TN,42980,57933.0,14.47,2.63,5.46,76.17,0.4407,0.5409,0.363,0.3672,0.4219,11.5,35.8,36.1,27.7,18.8,6.1,21.0,14.6,15.8,8.7,12.9,11.5,19.10997009,6.392558575,3.436821222,11.19672394,0.094150878,0.423678935,0,0,0
47053,"Gibson County, Tennessee",TN,50455,55455.0,13.92,5.42,9.18,84.47,0.7286,0.8848,0.5927,0.6233,0.7833,12.5,39.4,37.2,28.5,20.3,6.3,21.4,15.2,15.8,8.7,12.9,12.7,21.51243782,10.61247158,2.829998255,10.11358833,0.244105861,0.508553863,0,0,0
47055,"Giles County, Tennessee",TN,30317,56877.0,13.52,5.15,3.99,84.03,0.4897,0.4235,0.4779,0.4022,0.4524,12.2,39.9,36.9,27.0,20.1,6.3,21.7,15.3,15.8,8.7,12.9,12.6,12.01928234,4.845169544,2.02513051,10.95807838,0.135455474,0.745005071,0,0,0
47057,"Grainger County, Tennessee",TN,23648,47098.0,17.56,5.76,6.58,74.38,0.8295,0.5727,0.1508,0.4136,0.6128,12.1,40.7,36.3,28.8,21.6,6.7,22.2,16.1,15.8,8.7,12.9,13.6,0.0,0.0,3.870192051,17.02625465,0.16974327,0.339486539,0,0,0
47059,"Greene County, Tennessee",TN,70399,51975.0,15.6,5.37,4.91,77.18,0.6468,0.6882,0.2109,0.6064,0.615,12.1,40.6,35.9,29.3,21.3,6.6,21.9,16.2,15.8,8.7,12.9,13.1,28.59536934,11.13575172,2.549176693,11.59235954,0.215607077,0.718690276,0,0,0
47061,"Grundy County, Tennessee",TN,13550,47948.0,18.24,6.29,5.92,78.81,0.8247,0.427,0.0579,0.2743,0.5192,13.1,40.4,38.3,31.0,24.7,7.3,23.4,17.5,15.8,8.7,12.9,14.8,6.94611454,3.745074511,5.016245842,22.19839859,0.222469404,0.222469404,0,0,0
47063,"Hamblen County, Tennessee",TN,64531,49656.0,17.14,6.55,4.94,85.99,0.8851,0.9698,0.5237,0.5116,0.8591,12.9,40.3,37.1,30.0,21.1,6.7,21.8,16.5,15.8,8.7,12.9,15.6,42.65865326,14.53860664,2.355012655,8.885164261,0.153586239,0.936876059,0,0,0
47065,"Hamilton County, Tennessee",TN,367193,69069.0,12.28,4.38,5.92,88.71,0.4769,0.553,0.6634,0.5822,0.5635,11.0,34.5,34.6,21.5,15.7,5.5,18.9,12.9,15.8,8.7,12.9,10.9,43.85080719,13.20721722,3.254269361,6.008826256,0.16950886,0.941715837,0,0,0
47067,"Hancock County, Tennessee",TN,6726,31809.0,32.34,10.05,13.5,64.09,0.9621,0.6424,0.015,0.8492,0.8419,15.6,42.6,42.1,36.5,29.9,8.9,25.7,20.6,15.8,8.7,12.9,17.0,1.071048737,0.506309569,6.421490192,23.66908073,0.1790471595,0.6513130965,0,0,0
47069,"Hardeman County, Tennessee",TN,25519,43566.0,16.08,12.84,7.02,78.28,0.9695,0.6303,0.8447,0.6837,0.8871,15.1,43.8,42.5,33.0,22.6,7.0,21.7,16.4,15.8,8.7,12.9,15.1,12.45892525,6.953482628,4.279470921,15.30963612,0.161056533,0.523433745,0,0,0
47071,"Hardin County, Tennessee",TN,26824,46902.0,19.38,3.28,4.53,82.27,0.6799,0.5562,0.2536,0.2892,0.503,12.8,38.0,37.6,30.7,23.5,7.0,23.2,17.1,15.8,8.7,12.9,14.0,19.02426147,7.38266468,2.91734314,12.51807022,0.156353831,0.508149922,0,0,0
47073,"Hawkins County, Tennessee",TN,57107,53647.0,16.88,8.58,5.03,82.91,0.7458,0.5978,0.0932,0.4178,0.5555,12.4,40.7,37.0,29.5,21.6,6.8,22.3,16.2,15.8,8.7,12.9,12.8,16.84938812,6.780527592,4.210381508,15.26877689,0.123293705,0.493174821,0,0,0
47075,"Haywood County, Tennessee",TN,17806,44890.0,21.92,8.51,9.69,75.01,0.9815,0.8536,0.9001,0.3764,0.8883,16.5,46.6,44.8,36.7,23.4,7.0,22.9,17.2,15.8,8.7,12.9,16.2,25.36029053,10.90747261,3.239408731,11.11849976,0.1790471595,0.941065729,0,0,0
47077,"Henderson County, Tennessee",TN,27845,51576.0,18.03,5.37,4.58,80.36,0.6958,0.7022,0.3917,0.4633,0.6274,12.6,38.6,37.7,29.5,21.9,6.6,22.0,16.2,15.8,8.7,12.9,13.2,4.104561329,1.726459503,4.495622635,17.29153442,0.142470434,0.641116977,0,0,0
47079,"Henry County, Tennessee",TN,32305,48025.0,18.07,4.04,6.24,80.26,0.6284,0.7009,0.3939,0.5205,0.6118,12.6,38.1,36.9,29.9,21.6,6.8,22.3,16.3,15.8,8.7,12.9,13.2,23.11010742,10.39884472,3.146136045,12.19702053,0.155977041,0.873471439,0,0,0
47081,"Hickman County, Tennessee",TN,24996,54669.0,14.25,3.72,3.23,75.33,0.5253,0.1845,0.3016,0.5278,0.4181,11.8,38.1,37.1,28.4,21.0,6.5,21.7,15.6,15.8,8.7,12.9,13.2,9.800537109,3.867224455,4.987337112,14.86884022,0.118170716,0.236341432,0,0,0
47083,"Houston County, Tennessee",TN,8253,51544.0,13.38,4.22,4.2,79.74,0.5676,0.3974,0.2485,0.2313,0.3847,11.7,39.2,36.3,28.3,20.5,6.3,21.9,15.6,15.8,8.7,12.9,12.8,1.9410882,0.752506554,4.128492355,11.21327209,0.1790471595,0.482392669,0,0,0
47085,"Humphreys County, Tennessee",TN,19032,54185.0,12.05,10.2,3.32,81.82,0.7569,0.1619,0.2733,0.1457,0.3735,11.9,40.8,36.4,27.8,20.9,6.5,22.1,15.7,15.8,8.7,12.9,12.7,22.31978989,8.688625336,2.362967968,9.374536514,0.161377087,0.753093064,0,0,0
47087,"Jackson County, Tennessee",TN,11730,42357.0,19.71,7.18,6.76,72.03,0.7614,0.699,0.1339,0.7105,0.7035,12.8,39.0,37.0,30.6,23.6,7.2,22.7,16.9,15.8,8.7,12.9,14.4,0.079243727,0.032370489,4.897818089,17.46697426,0.1790471595,0.337154418,0,0,0
47089,"Jefferson County, Tennessee",TN,55017,60393.0,11.14,5.44,2.63,81.67,0.5008,0.734,0.2485,0.391,0.4954,10.8,37.2,34.8,25.4,18.5,6.0,21.3,14.6,15.8,8.7,12.9,11.9,16.77603912,5.239173889,2.475540876,14.07178211,0.090404473,0.632831275,0,0,0
47091,"Johnson County, Tennessee",TN,17982,47571.0,21.59,4.36,5.14,76.39,0.6904,0.4165,0.2733,0.8925,0.6882,13.4,39.7,38.9,31.3,23.6,7.3,22.7,17.2,15.8,8.7,12.9,15.1,8.158262253,2.798298359,4.348198414,16.57623672,0.168076649,0.784357667,0,0,0
47093,"Knox County, Tennessee",TN,481406,68580.0,12.39,3.81,5.59,86.96,0.3793,0.1871,0.5094,0.5215,0.3738,11.1,34.1,34.9,23.1,15.7,5.6,19.5,13.0,15.8,8.7,12.9,10.2,41.16665268,11.96912861,2.786813021,5.83389473,0.13456431,0.975591302,0,0,0
47095,"Lake County, Tennessee",TN,6898,32064.0,27.93,6.96,16.74,72.08,0.9539,0.3818,0.7146,0.9933,0.9345,17.8,47.3,46.8,39.0,29.8,9.0,23.8,20.1,15.8,8.7,12.9,20.4,0.187705576,0.075740777,8.580817223,22.61575699,0.1790471595,0.6513130965,0,0,0
47097,"Lauderdale County, Tennessee",TN,25171,46702.0,17.97,6.07,8.29,82.18,0.9294,0.8505,0.7951,0.826,0.9246,15.1,47.2,42.2,33.5,23.7,7.1,22.7,17.0,15.8,8.7,12.9,15.7,5.889221191,4.256153107,5.740371704,15.72852325,0.117873564,0.275038302,0,0,0
47099,"Lawrence County, Tennessee",TN,44377,51038.0,16.07,6.33,7.07,79.7,0.8616,0.875,0.1985,0.4454,0.7391,12.4,41.3,37.4,29.1,21.7,6.8,22.6,16.5,15.8,8.7,12.9,13.3,3.470702648,1.568534851,5.463314056,12.82262325,0.157544106,0.675189078,0,0,0
47101,"Lewis County, Tennessee",TN,12637,44613.0,18.9,5.24,2.8,71.06,0.8393,0.2612,0.2062,0.335,0.5288,11.9,39.1,36.0,28.0,21.3,6.5,22.5,16.0,15.8,8.7,12.9,13.2,34.6192627,16.96476555,5.317224026,12.49872303,0.242659554,0.647092104,0,0,0
47103,"Lincoln County, Tennessee",TN,35365,61374.0,11.94,4.3,4.57,75.39,0.4321,0.5167,0.42,0.2354,0.3726,11.7,40.3,36.0,27.0,19.3,6.1,21.1,15.0,15.8,8.7,12.9,12.5,10.15209675,3.801583767,3.702310801,10.85121918,0.086855821,0.521134913,0,0,0
47105,"Loudon County, Tennessee",TN,55507,75008.0,11.82,2.95,3.07,86.17,0.2447,0.3646,0.3961,0.0894,0.1715,10.8,36.6,35.1,24.6,16.7,5.8,19.7,14.0,15.8,8.7,12.9,12.6,14.21009159,5.053186417,2.173429012,6.676413059,0.145692959,0.728464782,0,0,0
47107,"McMinn County, Tennessee",TN,53532,57982.0,13.64,5.3,3.46,84.64,0.6115,0.6112,0.377,0.5062,0.5705,12.4,46.8,37.5,28.4,20.2,6.4,21.9,15.5,15.8,8.7,12.9,13.0,14.4907217,5.967983246,3.208137989,11.45899677,0.129132226,0.664108634,0,0,0
47109,"McNairy County, Tennessee",TN,25895,46920.0,16.72,6.16,4.83,81.39,0.7073,0.2008,0.3166,0.1129,0.3404,12.9,39.3,38.3,29.4,22.5,6.8,22.8,16.5,15.8,8.7,12.9,13.6,24.13209915,11.92773724,5.253085136,20.15487862,0.1790471595,0.544831872,0,0,0
47111,"Macon County, Tennessee",TN,25365,51215.0,16.51,3.59,3.31,81.86,0.7404,0.6752,0.2781,0.3035,0.5686,12.7,42.6,36.1,30.9,22.7,6.8,22.8,16.5,15.8,8.7,12.9,15.0,13.98066902,7.140076637,2.147170544,13.00911808,0.1790471595,0.443066031,0,0,0
47113,"Madison County, Tennessee",TN,98644,55280.0,18.15,7.44,7.74,86.46,0.8708,0.8568,0.8365,0.783,0.8969,14.1,44.3,40.2,29.5,19.1,6.3,20.5,15.2,15.8,8.7,12.9,12.3,33.45795059,13.5731287,3.316542149,7.635486603,0.111834079,0.925172806,0,0,0
47115,"Marion County, Tennessee",TN,28852,58139.0,16.29,5.7,4.47,80.96,0.7044,0.5087,0.2536,0.2692,0.4951,12.6,40.2,37.3,29.1,22.0,6.9,22.3,16.4,15.8,8.7,12.9,13.8,10.92100525,5.126966953,4.254851818,12.64266682,0.103720091,0.760614038,0,0,0
47117,"Marshall County, Tennessee",TN,34567,65325.0,15.59,5.83,2.13,88.05,0.5422,0.4438,0.4416,0.1155,0.3513,11.7,39.5,36.2,26.3,18.7,6.0,21.0,14.7,15.8,8.7,12.9,12.4,22.63372231,8.966406822,2.35536027,6.961253166,0.08567512,0.599725842,0,0,0
47119,"Maury County, Tennessee",TN,102002,71500.0,8.88,2.5,2.62,88.99,0.2708,0.2969,0.5581,0.1486,0.2214,10.8,34.8,35.4,23.8,16.4,5.5,19.9,13.3,15.8,8.7,12.9,11.2,25.57201767,7.838468552,1.695123672,6.308701515,0.110452853,0.86354053,0,0,0
47121,"Meigs County, Tennessee",TN,12839,59434.0,15.43,7.45,4.25,79.17,0.7776,0.216,0.2733,0.3369,0.4881,12.2,40.4,37.9,29.0,22.6,6.9,22.6,16.4,15.8,8.7,12.9,13.9,3.17057395,0.694810927,4.423644066,17.26371193,0.239387169,0.319182903,0,0,0
47123,"Monroe County, Tennessee",TN,46489,52123.0,16.01,6.59,4.91,82.77,0.8266,0.854,0.3535,0.4957,0.7569,12.2,38.8,37.9,29.7,22.2,6.8,22.6,16.5,15.8,8.7,12.9,13.7,13.98475456,5.843231678,2.269954205,13.63111782,0.275557995,0.699493408,0,0,0
47125,"Montgomery County, Tennessee",TN,222305,67890.0,11.92,6.06,3.56,91.66,0.5183,0.7801,0.7706,0.3793,0.5997,11.8,38.5,36.3,24.5,15.7,5.5,19.3,13.4,15.8,8.7,12.9,11.4,46.97299576,15.93212414,1.756826043,6.73195219,0.102683298,0.695446014,0,0,0
47127,"Moore County, Tennessee",TN,6558,69250.0,9.93,4.17,2.93,75.49,0.5151,0.1884,0.1928,0.1072,0.2262,11.3,38.4,35.7,26.5,19.1,6.2,21.0,14.8,15.8,8.7,12.9,11.7,0.131546289,0.05404865,2.678284883,10.00557613,0.1790471595,0.621310949,0,0,0
47129,"Morgan County, Tennessee",TN,21124,51971.0,20.9,8.38,4.36,80.77,0.8727,0.1483,0.2692,0.6192,0.6122,12.4,43.0,37.9,29.1,22.4,6.9,22.1,16.3,15.8,8.7,12.9,13.9,12.79093647,6.814280987,4.505930901,23.04087067,0.186645508,0.233306885,0,0,0
47131,"Obion County, Tennessee",TN,30670,50638.0,16.15,4.98,7.26,82.0,0.658,0.7878,0.5269,0.3118,0.6064,13.0,40.2,37.7,30.4,21.7,6.7,22.3,16.4,15.8,8.7,12.9,14.1,6.834256172,2.935925007,3.484287739,10.08561993,0.13275364,0.597391367,0,0,0
47133,"Overton County, Tennessee",TN,22576,46580.0,17.27,3.47,4.64,73.62,0.5011,0.3064,0.0337,0.1479,0.252,12.4,40.6,37.5,28.9,23.1,7.0,22.8,16.8,15.8,8.7,12.9,14.1,0.440933943,0.221175924,4.672702789,8.303789139,0.354515642,0.620402396,0,0,0
47135,"Perry County, Tennessee",TN,8432,55978.0,14.24,10.93,3.59,75.19,0.8715,0.2227,0.2536,0.1553,0.4677,13.0,39.8,38.1,31.5,24.0,7.2,23.1,17.3,15.8,8.7,12.9,14.9,24.56790924,13.71744442,4.617096424,14.72567844,0.1790471595,0.49388814,0,0,0
47137,"Pickett County, Tennessee",TN,5042,44317.0,20.99,4.51,8.21,72.97,0.5864,0.2421,0.0455,0.2765,0.3283,13.3,41.9,38.2,31.6,24.7,7.6,23.4,17.7,15.8,8.7,12.9,14.8,0.76620543,0.256144464,2.688749552,19.79880714,0.1790471595,0.6513130965,0,0,0
47139,"Polk County, Tennessee",TN,17620,53775.0,12.87,7.81,5.72,82.12,0.7534,0.1836,0.265,0.497,0.5157,11.7,43.0,37.0,28.4,20.8,6.5,22.1,15.8,15.8,8.7,12.9,12.5,3.963643789,1.933240175,4.087725163,11.66249752,0.178200185,0.534600556,0,0,0
47141,"Putnam County, Tennessee",TN,80157,54371.0,16.32,4.53,4.11,84.15,0.7108,0.2564,0.3748,0.5743,0.5536,11.7,38.8,35.9,25.5,18.8,6.3,20.8,15.1,15.8,8.7,12.9,12.5,41.39768219,15.22579956,2.658686638,7.237679005,0.172991142,0.753747106,0,0,0
47143,"Rhea County, Tennessee",TN,33031,55568.0,15.71,7.91,6.61,87.33,0.7671,0.8721,0.3535,0.4734,0.7238,12.8,42.4,37.9,29.8,22.0,6.9,22.2,16.5,15.8,8.7,12.9,14.4,21.22428513,11.63589287,3.105114222,12.56090546,0.149508119,0.657835722,0,0,0
47145,"Roane County, Tennessee",TN,53777,66460.0,12.15,4.9,5.37,84.96,0.405,0.2189,0.2399,0.4098,0.3083,11.1,36.8,35.7,27.3,19.4,6.2,21.0,15.2,15.8,8.7,12.9,11.7,20.33200836,6.242785931,3.836927414,12.57066441,0.111439236,0.705781817,0,0,0
47147,"Robertson County, Tennessee",TN,73297,74440.0,10.31,3.79,3.04,85.23,0.3834,0.4591,0.504,0.1075,0.279,11.1,36.4,35.0,26.5,17.7,5.8,20.3,14.1,15.8,8.7,12.9,12.8,9.44522953,1.874540687,1.500243545,6.463264465,0.124524385,0.747146308,0,0,0
47149,"Rutherford County, Tennessee",TN,343727,78291.0,9.83,3.94,2.52,93.14,0.363,0.5657,0.699,0.3003,0.4267,11.1,38.1,34.9,23.3,14.7,5.3,19.2,13.0,15.8,8.7,12.9,11.4,22.38135147,6.379890442,0.843651831,3.484260082,0.091375075,0.787004709,0,0,0
47151,"Scott County, Tennessee",TN,21917,39744.0,25.7,9.62,4.24,71.41,0.9685,0.9077,0.0073,0.2141,0.7388,14.0,43.1,39.8,34.0,26.7,7.9,24.4,18.6,15.8,8.7,12.9,15.5,20.50056458,7.869574547,3.82124567,24.20269203,0.181077406,0.679040313,0,0,0
47153,"Sequatchie County, Tennessee",TN,16065,53038.0,22.26,3.31,3.7,78.33,0.6732,0.7903,0.1928,0.1759,0.504,13.1,39.2,38.0,30.5,23.2,7.3,22.7,17.1,15.8,8.7,12.9,14.9,42.05371094,22.19420815,2.731582403,16.51446533,0.1790471595,0.593041658,0,0,0
47155,"Sevier County, Tennessee",TN,98455,60103.0,13.29,3.54,3.61,82.31,0.5902,0.6831,0.342,0.4817,0.566,11.5,38.1,34.7,25.6,19.0,6.2,21.4,15.3,15.8,8.7,12.9,13.2,21.46222878,7.741871357,2.239840984,10.1995182,0.241828218,1.2192173,0,0,0
47157,"Shelby County, Tennessee",TN,926440,59621.0,18.12,7.34,8.38,84.41,0.8976,0.7827,0.944,0.6297,0.8708,14.6,39.6,41.0,27.1,17.3,5.9,19.7,13.8,15.8,8.7,12.9,12.4,32.75627899,11.18938637,1.806000948,5.048539639,0.159185141,0.834386528,0,0,0
47159,"Smith County, Tennessee",TN,20034,57677.0,14.85,3.46,5.25,85.07,0.4718,0.5542,0.2692,0.3258,0.4146,11.2,38.5,34.6,26.5,19.6,6.2,21.4,15.0,15.8,8.7,12.9,12.2,3.268334627,1.206555486,3.331491947,12.46685886,0.246487558,0.394380093,0,0,0
47161,"Stewart County, Tennessee",TN,13724,57257.0,11.47,3.77,5.6,81.52,0.3592,0.539,0.2854,0.4324,0.3885,11.0,37.7,35.1,25.8,19.0,6.0,21.1,14.6,15.8,8.7,12.9,11.6,15.78984165,6.856979847,3.184570313,14.4885416,0.1790471595,0.288621098,0,0,0
47163,"Sullivan County, Tennessee",TN,158722,54357.0,15.19,6.19,4.86,85.31,0.6761,0.4283,0.1861,0.364,0.4839,11.9,37.7,35.5,27.2,19.7,6.2,21.3,15.1,15.8,8.7,12.9,11.7,30.71215248,11.14895916,2.50307107,7.814947128,0.100784227,0.988945246,0,0,0
47165,"Sumner County, Tennessee",TN,196845,81883.0,9.4,3.49,3.31,91.1,0.3032,0.4136,0.5094,0.2396,0.2927,10.5,40.2,33.4,22.7,15.3,5.4,19.4,13.1,15.8,8.7,12.9,10.7,33.82200241,7.284945488,1.655334353,6.199192047,0.086929396,0.588051796,0,0,0
47167,"Tipton County, Tennessee",TN,61116,70674.0,10.8,5.41,4.35,83.34,0.4963,0.7121,0.615,0.0948,0.4158,12.3,43.6,38.6,27.1,19.0,6.1,20.9,14.7,15.8,8.7,12.9,11.9,4.101845264,1.579243302,3.043658257,12.53464603,0.096902356,0.387609422,0,0,0
47169,"Trousdale County, Tennessee",TN,11596,62018.0,11.45,0.77,2.31,79.73,0.4734,0.0073,0.4973,0.3917,0.2157,12.3,39.3,37.3,28.5,20.9,6.4,20.9,15.2,15.8,8.7,12.9,14.0,0.0,0.0,1.550314426,8.913467407,0.1790471595,0.3491925,0,0,0
47171,"Unicoi County, Tennessee",TN,17845,49855.0,16.67,5.43,5.49,81.03,0.6939,0.5689,0.2364,0.3834,0.5371,12.6,39.1,37.7,29.7,21.9,7.0,22.1,16.4,15.8,8.7,12.9,14.0,3.674871922,1.887071729,2.479211092,11.2702055,0.168966487,0.732188106,0,0,0
47173,"Union County, Tennessee",TN,19860,57094.0,15.89,5.71,3.24,74.39,0.6338,0.3952,0.0474,0.2199,0.3783,11.7,39.7,35.6,27.9,21.3,6.5,22.1,15.8,15.8,8.7,12.9,13.3,1.907224178,0.723888993,4.715337276,24.28066826,0.1790471595,0.495368302,0,0,0
47175,"Van Buren County, Tennessee",TN,6182,44730.0,17.0,4.08,11.3,78.06,0.7359,0.3462,0.0474,0.8183,0.623,11.8,38.7,36.8,28.6,21.6,6.7,22.4,16.0,15.8,8.7,12.9,13.2,1.920100927,0.886850357,5.18341589,14.54886627,0.1790471595,0.6513130965,0,0,0
47177,"Warren County, Tennessee",TN,41163,52948.0,16.8,3.89,5.14,79.64,0.7117,0.9529,0.4518,0.5819,0.7805,13.1,42.0,37.6,30.6,21.6,6.7,22.0,16.4,15.8,8.7,12.9,15.5,9.608086586,4.887065411,3.142658234,12.92953873,0.072106719,0.552818179,0,0,0
47179,"Washington County, Tennessee",TN,133282,58507.0,15.74,4.96,5.5,86.3,0.6067,0.2895,0.3697,0.7868,0.5857,11.2,36.3,33.8,24.7,17.9,6.1,20.6,14.6,15.8,8.7,12.9,11.3,26.1768837,9.333221436,2.425623655,7.083564758,0.153413057,0.905137062,0,0,0
47181,"Wayne County, Tennessee",TN,16325,49360.0,19.64,4.59,6.6,82.03,0.7576,0.4375,0.3248,0.9195,0.7474,12.8,40.2,37.8,29.9,23.2,7.1,22.1,16.5,15.8,8.7,12.9,14.6,24.39076233,8.948167801,4.062440872,13.32774162,0.181554109,0.181554109,0,0,0
47183,"Weakley County, Tennessee",TN,32946,47769.0,18.91,3.99,6.7,78.73,0.6376,0.4833,0.4165,0.6484,0.608,12.8,41.1,36.8,28.8,21.1,6.7,22.1,15.8,15.8,8.7,12.9,13.0,19.40327454,8.079756737,4.228821754,12.17356682,0.119997598,0.629987419,0,0,0
47185,"White County, Tennessee",TN,27420,48220.0,17.05,5.41,4.11,82.11,0.874,0.3112,0.1696,0.2195,0.5154,12.4,39.4,37.2,30.2,22.5,6.8,22.6,16.6,15.8,8.7,12.9,13.7,29.11201096,16.45035934,4.326214314,16.32788277,0.144367844,0.577471375,0,0,0
47187,"Williamson County, Tennessee",TN,248897,125943.0,4.17,2.11,2.21,95.59,0.0032,0.1352,0.4779,0.0382,0.0165,8.5,28.7,31.1,17.3,10.1,4.4,16.0,10.1,15.8,8.7,12.9,7.4,43.90394211,4.972781181,1.003504634,1.680601478,0.097820237,0.83962369,0,0,0
47189,"Wilson County, Tennessee",TN,149096,89462.0,8.29,3.73,2.37,89.98,0.139,0.4696,0.4932,0.1381,0.175,9.8,30.7,32.4,21.1,14.2,5.1,18.6,12.4,15.8,8.7,12.9,9.9,35.30885315,5.8100667,1.719445944,5.099662304,0.101262406,0.708836854,0,0,0
48001,"Anderson County, Texas",TX,58077,57445.0,15.63,3.95,6.54,82.18,0.7862,0.5428,0.8129,0.9943,0.896,13.0,39.5,37.0,30.1,17.2,6.4,18.8,14.5,15.8,8.7,12.9,19.2,43.77350998,15.83915615,3.423908472,7.495904922,0.069198169,0.501686692,0,0,0
48003,"Andrews County, Texas",TX,18362,86458.0,11.94,2.72,1.64,90.76,0.7254,0.608,0.9259,0.3853,0.6834,12.9,36.6,32.6,31.5,14.4,5.9,17.9,14.7,15.8,8.7,12.9,26.1,26.80090904,8.202183723,1.675476551,3.806608438,0.1790471595,0.582657993,0,0,0
48005,"Angelina County, Texas",TX,86608,57055.0,16.1,5.95,5.56,88.76,0.9386,0.9876,0.7916,0.9656,0.9917,13.0,41.0,37.9,32.5,17.4,6.6,20.6,16.2,15.8,8.7,12.9,19.4,25.98922729,9.760302544,2.958338976,12.37792587,0.149776489,0.783446252,0,0,0
48007,"Aransas County, Texas",TX,24048,58168.0,17.87,4.35,5.08,89.42,0.7849,0.3952,0.714,0.7865,0.7614,11.4,36.4,33.5,27.6,14.6,5.8,18.3,13.6,15.8,8.7,12.9,17.6,31.6766777,16.20972633,3.485534191,10.68908501,0.1790471595,0.629881561,0,0,0
48009,"Archer County, Texas",TX,8649,69954.0,12.29,3.06,2.52,83.22,0.3843,0.7531,0.3748,0.035,0.2657,9.9,34.7,31.7,24.7,14.8,5.5,19.0,13.0,15.8,8.7,12.9,13.1,18.27568054,4.931225777,2.502981424,4.626958847,0.1790471595,0.343642622,0,0,0
48011,"Armstrong County, Texas",TX,1912,70417.0,5.9,0.24,0.0,88.41,0.0643,0.56,0.3802,0.0458,0.0865,9.4,33.3,30.4,22.8,13.3,5.1,18.4,12.2,15.8,8.7,12.9,12.0,99.74791718,21.34175873,1.334143519,2.683615923,0.1790471595,1.605136395,0,0,0
48013,"Atascosa County, Texas",TX,49403,67442.0,14.06,6.41,5.54,84.74,0.8279,0.8349,0.9551,0.6707,0.8664,14.0,42.2,34.6,34.5,13.8,5.9,17.6,14.8,15.8,8.7,12.9,28.0,18.76869774,5.830230713,4.461137772,10.81684113,0.07733354,0.522001386,0,0,0
48015,"Austin County, Texas",TX,30406,73556.0,11.94,3.81,3.52,80.63,0.5991,0.8877,0.7821,0.4547,0.7133,11.8,37.5,33.4,28.6,14.9,5.8,18.4,13.9,15.8,8.7,12.9,18.2,7.368290424,2.241778374,2.589563608,5.931904793,0.133457899,0.567196071,0,0,0
48017,"Bailey County, Texas",TX,6902,69830.0,12.74,2.13,13.19,80.7,0.4712,0.9138,0.966,0.7792,0.7843,14.3,39.5,33.4,36.0,14.9,6.3,18.2,15.8,15.8,8.7,12.9,30.6,6.297027111,2.197224617,0.493951917,4.917700768,0.1790471595,0.59728235,0,0,0
48019,"Bandera County, Texas",TX,21182,70965.0,14.27,6.65,1.52,87.94,0.5838,0.6519,0.6198,0.44,0.5899,10.8,35.4,31.9,26.8,14.2,5.7,18.4,13.3,15.8,8.7,12.9,15.8,35.60509491,10.23808861,1.620319247,9.778469086,0.1790471595,0.419093907,0,0,0
48021,"Bastrop County, Texas",TX,98435,80151.0,11.94,4.35,2.93,84.37,0.7276,0.5517,0.8791,0.6872,0.7566,12.0,40.1,33.1,30.8,14.0,5.7,17.6,13.8,15.8,8.7,12.9,22.3,17.29249573,5.561358929,3.421032906,8.850759506,0.087335289,0.513094842,0,0,0
48023,"Baylor County, Texas",TX,3475,52716.0,11.63,1.13,3.11,81.92,0.5358,0.5313,0.525,0.2647,0.462,11.6,36.5,34.2,28.6,16.9,6.3,19.8,14.6,15.8,8.7,12.9,15.9,7.440770149,1.441341281,0.576277316,3.894940615,0.1790471595,0.852757275,0,0,0
48025,"Bee County, Texas",TX,30977,50283.0,19.96,6.4,5.03,75.59,0.9507,0.4098,0.9599,0.9329,0.9166,14.6,39.5,35.6,33.5,15.0,6.3,17.2,14.9,15.8,8.7,12.9,27.4,48.72572708,10.78182316,2.916172504,7.518009663,0.1790471595,0.461353928,0,0,0
48027,"Bell County, Texas",TX,372821,62858.0,14.69,7.68,5.83,89.37,0.8871,0.8861,0.9033,0.881,0.937,13.0,43.5,34.1,29.8,13.6,5.6,18.6,13.8,15.8,8.7,12.9,16.1,31.25187492,10.64462948,1.906407118,5.812242985,0.081097081,0.729873717,0,0,0
48029,"Bexar County, Texas",TX,2014059,67275.0,15.17,5.53,6.35,88.52,0.8995,0.8635,0.972,0.7712,0.9192,13.8,34.2,33.5,30.7,12.3,5.4,16.7,13.9,15.8,8.7,12.9,21.9,28.37994957,9.687818527,1.714383483,3.888437748,0.08190158,0.733167112,0,0,0
48031,"Blanco County, Texas",TX,11608,79717.0,9.77,3.91,1.78,87.18,0.3999,0.2593,0.615,0.0694,0.2339,9.2,34.3,29.5,22.0,11.7,4.9,17.0,11.6,15.8,8.7,12.9,13.4,6.346221924,0.953784823,2.749339342,4.045881271,0.244518712,0.978074849,0,0,0
48033,"Borden County, Texas",TX,686,80625.0,1.6,1.76,1.4,87.91,0.0006,0.1311,0.4932,0.1193,0.0267,9.3,33.0,30.1,22.5,12.8,5.1,17.8,12.0,15.8,8.7,12.9,12.5,100.0,15.10574055,1.91570878,1.91570878,0.1790471595,0.6513130965,0,0,0
48035,"Bosque County, Texas",TX,18404,63868.0,11.54,3.94,2.93,80.09,0.4919,0.7964,0.5994,0.4356,0.5794,10.5,36.1,31.6,26.0,14.7,5.6,18.9,13.4,15.8,8.7,12.9,16.0,25.56856537,9.741873741,1.376441598,6.39526701,0.32252863,0.645057261,0,0,0
48037,"Bowie County, Texas",TX,92747,56628.0,17.38,3.97,6.19,76.85,0.7413,0.7114,0.7585,0.9768,0.8766,12.1,36.9,35.5,28.2,16.3,5.9,19.6,13.9,15.8,8.7,12.9,14.4,28.90210342,9.490578651,2.698046684,6.062875271,0.171157777,1.048341393,0,0,0
48039,"Brazoria County, Texas",TX,374600,91972.0,7.53,4.64,2.7,91.72,0.4588,0.5966,0.9007,0.7245,0.6519,11.3,35.8,33.5,25.4,11.3,4.9,16.3,11.7,15.8,8.7,12.9,16.5,29.82552719,6.658845901,1.459998369,4.380587101,0.091979884,0.662255108,0,0,0
48041,"Brazos County, Texas",TX,234548,57562.0,24.31,4.56,5.52,84.12,0.8368,0.1464,0.8377,0.9392,0.804,12.5,32.8,33.9,26.9,13.8,5.9,17.9,13.3,15.8,8.7,12.9,16.1,28.47571182,12.36465836,1.251595974,2.435470343,0.086001158,0.8944121,0,0,0
48043,"Brewster County, Texas",TX,9454,47747.0,15.65,3.05,6.13,79.79,0.5352,0.4168,0.8603,0.7359,0.6478,10.5,33.6,29.9,23.8,10.3,4.9,15.6,11.5,15.8,8.7,12.9,16.6,38.63958359,16.32401848,2.759934664,5.256359577,0.54130131,1.190862775,0,0,0
48045,"Briscoe County, Texas",TX,1290,35446.0,24.35,3.31,3.96,66.61,0.8587,0.8072,0.8101,0.008,0.5479,13.3,39.8,35.1,31.9,17.3,6.7,19.9,15.8,15.8,8.7,12.9,21.7,100.0,48.4569931,3.481012583,11.23417759,0.1790471595,0.6513130965,0,0,0
48047,"Brooks County, Texas",TX,7059,30566.0,33.22,2.05,15.5,75.23,0.9014,0.8377,0.9965,0.7687,0.9163,18.2,43.2,36.1,42.0,16.1,7.1,18.1,17.9,15.8,8.7,12.9,38.0,17.68741226,10.15430737,2.995924711,10.65438747,0.1790471595,1.005169392,0,0,0
48049,"Brown County, Texas",TX,38159,53792.0,13.28,3.78,5.73,85.92,0.742,0.9631,0.6701,0.943,0.9135,11.4,35.2,32.8,28.7,15.7,6.0,19.2,14.3,15.8,8.7,12.9,17.5,35.09527969,13.28369904,2.845511675,7.068033218,0.132862121,0.90346241,0,0,0
48051,"Burleson County, Texas",TX,17958,71745.0,12.46,3.76,3.44,80.77,0.4034,0.5399,0.7436,0.4664,0.5049,11.0,35.8,33.1,27.1,14.2,5.5,18.3,13.2,15.8,8.7,12.9,16.9,16.46294212,5.371643066,3.159629583,7.140435219,0.162039533,0.378092259,0,0,0
48053,"Burnet County, Texas",TX,49684,71482.0,7.83,3.38,3.32,89.26,0.4986,0.6911,0.6437,0.5046,0.5819,10.3,35.4,31.2,25.0,13.5,5.4,18.0,12.8,15.8,8.7,12.9,15.8,24.1473217,6.796128273,2.42797184,5.410399437,0.1790471595,0.684752166,0,0,0
48055,"Caldwell County, Texas",TX,46141,66779.0,14.01,2.42,4.49,85.42,0.7299,0.7442,0.9364,0.9745,0.8956,13.5,42.4,33.1,33.0,14.6,5.9,17.9,14.9,15.8,8.7,12.9,26.4,17.525177,6.882631302,1.342342496,6.556227207,0.136428744,0.522976875,0,0,0
48057,"Calhoun County, Texas",TX,20127,62267.0,9.21,3.39,4.11,80.37,0.3605,0.9675,0.9163,0.6007,0.72,12.2,35.1,31.8,30.0,13.3,5.6,17.3,13.7,15.8,8.7,12.9,23.1,68.4609375,28.31456184,2.611790657,11.16196728,0.1790471595,0.571401358,0,0,0
48059,"Callahan County, Texas",TX,13869,63906.0,8.79,4.78,3.43,87.93,0.4155,0.5444,0.4699,0.0929,0.2956,10.2,36.0,32.0,24.8,14.8,5.6,19.2,13.2,15.8,8.7,12.9,13.3,28.48510933,9.024715424,2.015944242,6.184736729,0.212615162,0.779588938,0,0,0
48061,"Cameron County, Texas",TX,421854,47435.0,25.34,5.71,6.84,73.76,0.9895,0.9163,0.9962,0.8317,0.9844,17.5,41.0,32.9,36.8,13.6,6.5,16.8,16.1,15.8,8.7,12.9,36.3,32.17157745,17.92751312,2.084277868,9.968813896,0.091942102,0.683672011,0,0,0
48063,"Camp County, Texas",TX,12543,53968.0,21.53,5.41,4.95,81.39,0.9163,0.9927,0.8492,0.4458,0.917,13.7,40.2,36.5,32.7,17.7,6.6,20.1,15.7,15.8,8.7,12.9,20.5,10.60691357,4.943714142,3.388481379,12.90004253,0.1790471595,0.612557411,0,0,0
48065,"Carson County, Texas",TX,5801,83199.0,7.5,1.87,2.83,79.07,0.0888,0.2151,0.4636,0.0945,0.083,9.3,33.8,30.3,22.6,13.2,5.1,18.2,12.1,15.8,8.7,12.9,12.0,17.62940788,5.270129204,0.717770755,2.047495842,0.1790471595,0.512470126,0,0,0
48067,"Cass County, Texas",TX,28637,54303.0,18.5,7.16,6.09,78.58,0.8396,0.9663,0.6045,0.5644,0.8619,12.0,39.3,35.5,28.6,17.7,6.2,20.8,14.7,15.8,8.7,12.9,14.3,16.26385307,7.49097681,3.33628583,12.2865324,0.1790471595,0.702834785,0,0,0
48069,"Castro County, Texas",TX,7381,59886.0,12.44,3.59,3.23,81.75,0.7315,0.7716,0.9583,0.5476,0.7801,13.7,38.9,33.0,33.5,13.8,6.0,17.4,14.8,15.8,8.7,12.9,28.4,15.34571457,4.47701025,0.595456004,3.195547819,0.1790471595,0.540832877,0,0,0
48071,"Chambers County, Texas",TX,47037,106103.0,13.7,7.53,2.55,90.12,0.5663,0.5148,0.7391,0.1938,0.4798,10.7,34.6,31.9,25.1,13.1,5.3,18.0,12.7,15.8,8.7,12.9,16.0,10.69372177,4.133150578,2.972769976,5.228823662,0.109673172,0.723842919,0,0,0
48073,"Cherokee County, Texas",TX,50824,56971.0,16.58,5.78,6.12,80.19,0.9306,0.9259,0.7941,0.9551,0.9717,12.6,35.9,34.8,30.7,17.3,6.3,19.6,15.0,15.8,8.7,12.9,19.7,33.66543198,12.7812252,3.352662325,9.713959694,0.113475174,0.52955085,0,0,0
48075,"Childress County, Texas",TX,6781,56063.0,15.08,8.65,2.11,77.22,0.9408,0.5759,0.867,0.1451,0.7178,12.0,37.3,34.0,29.8,15.9,5.9,18.4,14.2,15.8,8.7,12.9,20.8,42.77839661,18.94919777,6.289830685,8.323740959,0.1790471595,1.259974837,0,0,0
48077,"Clay County, Texas",TX,10290,75227.0,9.09,1.82,3.26,83.54,0.161,0.602,0.363,0.1044,0.1772,9.8,34.8,31.5,24.2,14.7,5.5,19.1,12.9,15.8,8.7,12.9,12.2,57.82727432,20.57185173,1.557666421,9.753740311,0.1790471595,0.379146934,0,0,0
48079,"Cochran County, Texas",TX,2529,41597.0,25.85,7.12,6.05,76.85,0.9135,0.8928,0.9481,0.8005,0.938,17.1,42.8,37.3,41.0,19.4,7.8,20.3,18.5,15.8,8.7,12.9,33.1,21.17568398,9.195396423,0.828007758,4.660244942,0.1790471595,0.6513130965,0,0,0
48081,"Coke County, Texas",TX,3305,40230.0,16.51,3.04,3.63,78.82,0.6885,0.9287,0.6268,0.1715,0.6379,11.8,37.0,33.3,29.1,16.2,6.2,19.6,14.6,15.8,8.7,12.9,17.9,99.97629547,36.07532883,3.774369478,8.082586288,0.902798653,0.6513130965,0,0,0
48083,"Coleman County, Texas",TX,7808,51034.0,17.11,6.26,6.79,83.3,0.692,0.9055,0.5994,0.2154,0.6449,11.3,37.2,33.1,27.5,16.0,6.0,19.5,14.1,15.8,8.7,12.9,15.8,27.29188538,10.21080112,1.50936079,4.948145866,0.1790471595,0.61728394,0,0,0
48085,"Collin County, Texas",TX,1079153,113255.0,6.32,4.23,2.91,95.72,0.2393,0.3598,0.8543,0.2358,0.2997,9.1,31.6,29.7,19.9,9.0,4.3,14.7,10.0,15.8,8.7,12.9,10.3,19.55410385,2.839411497,0.524718046,0.790177166,0.100739785,0.920649707,0,0,0
48087,"Collingsworth County, Texas",TX,2865,52045.0,22.35,2.83,4.03,79.86,0.6793,0.9984,0.7725,0.4913,0.8498,12.7,39.1,34.5,30.8,16.5,6.5,19.4,15.3,15.8,8.7,12.9,21.2,7.358327866,2.857603073,0.409264535,6.014182568,0.1790471595,1.39033711,0,0,0
48089,"Colorado County, Texas",TX,20582,63352.0,7.45,5.74,5.64,78.42,0.6214,0.6586,0.8352,0.7951,0.7639,11.6,36.7,33.0,28.1,14.1,5.5,18.1,13.4,15.8,8.7,12.9,18.8,20.85860825,7.285333157,1.962034345,3.050266981,0.231374368,0.786672831,0,0,0
48091,"Comal County, Texas",TX,165201,93744.0,6.1,3.65,2.5,94.15,0.2374,0.37,0.7276,0.2189,0.2749,9.2,34.5,29.7,20.8,10.4,4.7,15.7,11.1,15.8,8.7,12.9,13.6,14.60481071,4.472423077,1.504121184,2.685224295,0.054607674,0.752372384,0,0,0
48093,"Comanche County, Texas",TX,13651,57383.0,13.53,7.34,4.34,82.77,0.7642,0.8772,0.7038,0.301,0.7267,11.4,37.1,32.6,28.5,15.1,5.9,18.7,14.1,15.8,8.7,12.9,19.3,21.04494858,7.935527325,1.556340218,4.174721241,0.1790471595,0.654545426,0,0,0
48095,"Concho County, Texas",TX,3235,55750.0,15.93,2.25,4.29,84.93,0.3936,0.9857,0.8403,0.6182,0.7534,12.7,37.7,35.2,31.0,16.3,6.3,17.7,14.3,15.8,8.7,12.9,24.0,26.69489479,12.04666042,1.842662334,2.280734301,0.1790471595,0.6513130965,0,0,0
48097,"Cooke County, Texas",TX,41860,66374.0,13.33,3.9,4.77,79.06,0.5453,0.8486,0.6287,0.6214,0.6946,10.8,36.2,32.5,26.5,14.8,5.7,18.8,13.5,15.8,8.7,12.9,16.0,8.98730278,2.70521903,2.493257523,4.419994354,0.096634693,0.82139492,0,0,0
48099,"Coryell County, Texas",TX,82927,63281.0,10.61,7.12,4.24,88.13,0.7757,0.7528,0.819,0.7626,0.833,11.5,38.0,32.9,27.8,14.6,5.5,18.9,13.4,15.8,8.7,12.9,15.5,63.65989685,25.57100677,3.018322229,9.029556274,0.039094571,0.469134837,0,0,0
48101,"Cottle County, Texas",TX,1647,47625.0,24.1,4.14,7.95,68.06,0.6828,0.9294,0.7843,0.1864,0.6732,13.9,40.5,36.0,32.8,17.8,6.8,20.0,16.0,15.8,8.7,12.9,21.5,99.95832062,56.88417435,9.225738525,24.92711449,0.1790471595,0.6513130965,0,0,0
48103,"Crane County, Texas",TX,4636,71364.0,3.81,2.98,9.46,74.43,0.4747,0.4012,0.9625,0.916,0.7092,14.5,40.0,33.4,35.9,14.5,6.1,17.8,15.5,15.8,8.7,12.9,31.0,13.44011402,3.916445017,0.628985643,0.885394216,0.1790471595,0.62959075,0,0,0
48105,"Crockett County, Texas",TX,2949,64103.0,9.31,1.95,0.0,70.36,0.3745,0.7305,0.9141,0.0913,0.4098,13.4,37.6,32.1,33.8,14.4,5.9,18.0,15.2,15.8,8.7,12.9,29.6,6.719994545,2.2503016,1.19171226,4.890542984,0.1790471595,1.992598891,0,0,0
48107,"Crosby County, Texas",TX,5157,50268.0,23.58,4.86,6.12,84.8,0.8438,0.9997,0.9303,0.6048,0.9504,14.6,41.0,34.9,35.7,16.4,6.6,19.0,16.2,15.8,8.7,12.9,28.3,5.553640842,2.326436996,2.11092329,8.003705025,0.1790471595,0.6513130965,0,0,0
48109,"Culberson County, Texas",TX,2181,35924.0,22.16,10.06,10.65,59.46,0.826,0.7986,0.9917,0.5527,0.8393,16.2,40.8,35.4,38.9,16.9,6.7,18.6,16.9,15.8,8.7,12.9,32.0,7.762441158,4.250092506,2.79115057,11.32792664,0.1790471595,0.6513130965,0,0,0
48111,"Dallam County, Texas",TX,7165,71969.0,8.56,2.56,3.43,81.53,0.6637,0.2568,0.8842,0.5313,0.6039,14.6,39.7,35.2,35.8,17.0,6.7,18.9,16.1,15.8,8.7,12.9,27.5,48.09527206,17.59521866,1.948521614,3.460751057,0.1790471595,0.962463915,0,0,0
48113,"Dallas County, Texas",TX,2604053,70732.0,13.98,4.95,6.71,88.28,0.9271,0.7184,0.9685,0.7171,0.8925,12.5,35.7,33.5,30.8,12.5,5.4,16.9,12.6,15.8,8.7,12.9,20.6,18.55704498,7.236475468,1.181433558,2.775765419,0.156683445,0.918096662,0,0,0
48115,"Dawson County, Texas",TX,12342,45268.0,24.78,9.53,8.25,83.84,0.9981,0.9338,0.9551,0.7709,0.9876,15.3,40.0,36.1,36.8,17.6,6.9,18.6,16.6,15.8,8.7,12.9,29.8,37.46800613,18.78727913,1.606238723,3.41183567,0.1790471595,0.770772338,0,0,0
48117,"Deaf Smith County, Texas",TX,18585,51942.0,15.84,2.15,3.4,80.17,0.6615,0.8206,0.9793,0.3885,0.7245,16.0,41.3,35.0,39.9,16.1,6.8,18.5,17.1,15.8,8.7,12.9,35.1,20.72343254,7.432706356,2.183274269,3.596158266,0.1790471595,0.492422163,0,0,0
48119,"Delta County, Texas",TX,5278,68491.0,14.11,6.36,3.32,78.58,0.5985,0.4101,0.5597,0.0818,0.3665,10.9,37.0,33.2,26.7,16.2,5.8,19.9,13.9,15.8,8.7,12.9,14.0,7.210911751,1.994914889,0.573812842,1.582320333,0.1790471595,0.6513130965,0,0,0
48121,"Denton County, Texas",TX,914870,104180.0,7.42,4.03,3.13,95.14,0.3051,0.3684,0.825,0.3357,0.3796,9.6,33.2,29.3,21.2,9.5,4.4,15.8,10.5,15.8,8.7,12.9,11.4,22.94360352,4.745357037,0.664250135,1.637711883,0.082669437,0.797325015,0,0,0
48123,"DeWitt County, Texas",TX,19826,61100.0,16.53,5.19,7.68,72.4,0.7887,0.5418,0.8508,0.9096,0.8441,13.1,37.5,34.5,31.3,16.1,6.2,18.7,14.8,15.8,8.7,12.9,22.3,5.582077026,2.175872087,2.186337948,8.215083122,0.1790471595,0.793100059,0,0,0
48125,"Dickens County, Texas",TX,1570,46638.0,12.27,9.66,5.33,82.92,0.8431,0.9446,0.7938,0.1508,0.7588,12.2,38.1,33.6,29.8,15.9,6.1,19.0,14.6,15.8,8.7,12.9,20.3,19.84283638,5.912077904,1.583912253,6.310218811,0.1790471595,0.6513130965,0,0,0
48127,"Dimmit County, Texas",TX,8672,27374.0,43.57,4.74,14.92,69.66,0.9812,0.9971,0.994,0.9631,0.9994,21.5,47.7,39.9,48.9,19.9,8.5,20.0,20.8,15.8,8.7,12.9,41.6,53.90260315,26.66698837,5.075879574,20.99880028,0.302267015,0.906800985,0,0,0
48129,"Donley County, Texas",TX,3298,51711.0,11.31,0.0,3.67,64.36,0.4957,0.0608,0.5711,0.4006,0.3353,10.9,35.9,32.8,27.1,16.0,5.8,19.8,14.0,15.8,8.7,12.9,15.4,15.60278797,5.525405884,1.23205483,2.166051865,0.1790471595,1.209189892,0,0,0
48131,"Duval County, Texas",TX,9960,50697.0,21.58,8.39,10.24,64.83,0.8925,0.9841,0.9936,0.9045,0.9768,17.0,42.2,35.6,40.2,15.8,6.8,18.2,17.2,15.8,8.7,12.9,35.9,26.7347641,13.91188145,3.61197567,15.32277203,0.1790471595,0.361729056,0,0,0
48133,"Eastland County, Texas",TX,17812,52902.0,16.19,4.88,6.28,81.27,0.7467,0.9131,0.5679,0.8797,0.8616,11.4,36.2,33.1,28.3,16.5,6.1,19.7,14.4,15.8,8.7,12.9,16.7,26.27543068,10.88680649,2.236398697,6.652014732,0.217533171,0.9788993,0,0,0
48135,"Ector County, Texas",TX,162300,70566.0,15.78,5.8,5.23,84.28,0.9364,0.7906,0.9618,0.8645,0.9421,13.6,40.1,32.2,32.5,14.2,5.9,17.5,14.7,15.8,8.7,12.9,27.8,26.75033951,7.180447578,1.05962193,3.496240616,0.095407896,0.822893143,0,0,0
48137,"Edwards County, Texas",TX,1380,40809.0,23.4,0.0,3.04,58.17,0.8492,0.8008,0.8756,0.1079,0.6844,13.7,38.9,33.9,33.7,15.6,6.5,18.3,15.5,15.8,8.7,12.9,27.3,31.86855316,10.93131924,0.009802935,5.990427971,0.1790471595,0.6513130965,0,0,0
48139,"Ellis County, Texas",TX,195509,93248.0,8.2,3.94,2.87,91.51,0.4801,0.755,0.8171,0.3522,0.5695,10.9,36.9,32.9,25.7,12.5,5.1,17.5,12.6,15.8,8.7,12.9,16.0,34.64089966,7.334875584,1.623783231,4.889324188,0.099082187,0.698790133,0,0,0
48141,"El Paso County, Texas",TX,863832,55417.0,19.51,6.81,6.48,86.47,0.9898,0.9182,0.992,0.8145,0.9825,15.3,34.4,33.0,33.6,12.5,5.6,17.4,15.0,15.8,8.7,12.9,29.1,20.31289101,9.127794266,1.19340086,4.834421158,0.111733705,0.763117433,0,0,0
48143,"Erath County, Texas",TX,42788,59654.0,16.54,5.65,4.15,87.7,0.9061,0.1454,0.6316,0.9198,0.7996,11.0,35.8,31.9,26.1,14.5,5.7,18.9,13.4,15.8,8.7,12.9,15.4,42.37164688,18.11574173,3.460431576,7.571325302,0.138811767,0.97168237,0,0,0
48145,"Falls County, Texas",TX,17013,45172.0,15.85,7.38,8.89,73.72,0.9803,0.5132,0.8734,0.992,0.972,13.8,40.3,36.8,32.6,17.4,6.5,20.3,15.5,15.8,8.7,12.9,20.0,13.79896641,5.146598816,4.226944447,9.40937233,0.173661366,0.289435595,0,0,0
48147,"Fannin County, Texas",TX,36052,65835.0,12.83,4.74,3.19,80.26,0.7047,0.3519,0.5759,0.6713,0.643,11.4,39.1,33.7,28.0,16.7,6.1,19.4,14.2,15.8,8.7,12.9,15.9,36.89745331,12.9970293,3.321177483,8.367447853,0.111380279,0.334140837,0,0,0
48149,"Fayette County, Texas",TX,24564,72881.0,10.16,3.46,4.78,73.06,0.3471,0.5883,0.6685,0.6185,0.5234,10.1,34.4,30.6,24.3,12.9,5.1,17.8,12.5,15.8,8.7,12.9,15.4,18.60517883,5.595541,2.164418459,4.123365879,0.15657416,0.861157894,0,0,0
48151,"Fisher County, Texas",TX,3680,60461.0,12.18,2.89,5.61,77.54,0.328,0.9644,0.7735,0.0433,0.4248,10.8,36.1,32.0,26.5,13.8,5.4,18.3,13.1,15.8,8.7,12.9,16.7,17.02669907,3.671841621,1.438868999,4.297749996,0.1790471595,0.6513130965,0,0,0
48153,"Floyd County, Texas",TX,5386,49321.0,19.03,4.11,10.17,75.95,0.7865,0.9895,0.9405,0.1024,0.7722,14.4,39.7,34.1,35.2,15.7,6.5,18.5,15.9,15.8,8.7,12.9,28.8,15.33294296,4.481808186,0.358224928,4.424780846,0.1790471595,0.881523252,0,0,0
48155,"Foard County, Texas",TX,1075,41944.0,22.07,5.93,5.41,70.78,0.9335,0.4257,0.6936,0.0951,0.6071,13.6,41.0,36.2,32.6,19.2,7.0,21.3,16.5,15.8,8.7,12.9,19.8,100.0,41.2964325,4.847396851,17.59425545,0.1790471595,0.6513130965,0,0,0
48157,"Fort Bend County, Texas",TX,832607,109987.0,6.93,5.22,2.84,94.46,0.3824,0.5431,0.959,0.2393,0.4515,11.1,29.4,30.3,24.0,9.5,4.4,14.6,10.2,15.8,8.7,12.9,13.0,29.51590729,5.913834095,0.627514064,2.358747005,0.144098058,0.628791511,0,0,0
48159,"Franklin County, Texas",TX,10445,67915.0,8.62,6.49,1.85,90.22,0.3863,0.7999,0.5797,0.0964,0.3821,9.9,35.5,31.4,23.8,13.5,5.3,18.3,12.5,15.8,8.7,12.9,13.4,74.2166214,20.78604889,2.837459564,9.606363297,0.1790471595,0.646890283,0,0,0
48161,"Freestone County, Texas",TX,19599,55902.0,12.66,3.45,3.34,70.42,0.6297,0.9418,0.7321,0.6917,0.8088,11.9,38.2,35.2,28.4,16.2,6.0,19.4,14.0,15.8,8.7,12.9,16.9,18.67589951,8.71572876,2.805030107,9.190905571,0.1790471595,0.603803992,0,0,0
48163,"Frio County, Texas",TX,18151,56042.0,20.66,2.57,10.89,67.59,0.832,0.8498,0.9876,0.9965,0.9698,16.5,41.5,35.0,39.5,15.7,6.6,17.5,16.8,15.8,8.7,12.9,36.5,23.51679039,11.65817451,2.143876553,9.430622101,0.14721036,0.785121918,0,0,0
48165,"Gaines County, Texas",TX,21523,73299.0,12.66,3.4,4.11,81.66,0.5985,0.7836,0.8403,0.4429,0.6745,12.3,36.5,32.2,32.5,16.7,6.0,19.6,15.5,15.8,8.7,12.9,25.8,3.063325644,1.377173305,2.137455225,2.483298779,0.136388436,0.681942165,0,0,0
48167,"Galveston County, Texas",TX,350801,83913.0,11.02,5.92,5.41,91.3,0.7028,0.6172,0.8304,0.6551,0.7378,10.8,33.8,32.7,24.8,12.3,5.1,17.3,12.2,15.8,8.7,12.9,15.5,34.51383591,8.653044701,1.348235488,3.977621317,0.133298948,0.762122214,0,0,0
48169,"Garza County, Texas",TX,5735,56215.0,15.39,9.87,6.32,83.18,0.8447,0.2456,0.9185,0.4925,0.6984,14.5,39.9,35.0,35.9,16.9,6.7,18.3,16.1,15.8,8.7,12.9,31.0,19.83234406,5.262028694,0.768014431,4.190864563,0.1790471595,0.803600132,0,0,0
48171,"Gillespie County, Texas",TX,26953,70162.0,9.07,3.53,5.53,86.88,0.5472,0.6379,0.636,0.6513,0.6392,9.5,33.7,29.9,23.1,11.9,5.0,17.1,12.0,15.8,8.7,12.9,15.1,10.45926189,3.133166313,2.726334095,3.347384214,0.148367956,0.816023767,0,0,0
48173,"Glasscock County, Texas",TX,1068,112188.0,5.24,1.28,1.2,80.0,0.2536,0.5625,0.7366,0.1187,0.2784,9.9,33.6,30.0,22.7,10.6,4.9,15.8,11.4,15.8,8.7,12.9,15.8,98.35160065,36.44579315,0.0,0.694444418,0.1790471595,0.6513130965,0,0,0
48175,"Goliad County, Texas",TX,7092,58125.0,9.98,4.76,8.6,72.1,0.5033,0.574,0.8066,0.3198,0.5243,11.6,37.1,32.2,28.1,14.7,5.7,18.5,13.9,15.8,8.7,12.9,19.3,36.80334091,9.861369133,4.153127193,9.725996971,0.1790471595,0.524521351,0,0,0
48177,"Gonzales County, Texas",TX,19736,64255.0,13.07,1.03,8.26,81.37,0.6567,0.978,0.9195,0.8956,0.9087,13.7,39.8,34.5,34.7,16.1,6.3,19.0,15.6,15.8,8.7,12.9,26.9,42.54640579,17.47796059,3.056958199,10.03713131,0.1790471595,0.66832155,0,0,0
48179,"Gray County, Texas",TX,21272,54563.0,17.0,5.41,3.23,83.04,0.9268,0.8346,0.7684,0.5593,0.8645,12.4,38.5,34.7,30.8,16.5,6.3,19.1,14.7,15.8,8.7,12.9,20.5,22.42162514,8.491798401,1.402338028,3.760816097,0.1790471595,0.738757014,0,0,0
48181,"Grayson County, Texas",TX,137008,66608.0,11.43,3.88,3.8,84.17,0.5905,0.7989,0.6249,0.588,0.6888,10.6,33.9,32.1,26.4,14.6,5.5,18.9,13.1,15.8,8.7,12.9,14.3,18.60933495,5.896846294,1.988200188,6.152623177,0.079526886,0.665133953,0,0,0
48183,"Gregg County, Texas",TX,124245,63811.0,16.54,3.67,5.2,86.53,0.7677,0.8444,0.8212,0.8565,0.8731,12.3,37.2,35.3,28.7,15.7,5.9,19.5,14.2,15.8,8.7,12.9,16.7,24.18060684,9.958335876,2.461726189,6.280034065,0.144893706,1.255745411,0,0,0
48185,"Grimes County, Texas",TX,29442,63484.0,14.37,5.63,3.2,78.83,0.8377,0.7786,0.8008,0.7836,0.8676,12.3,37.1,34.5,29.0,15.9,6.1,18.9,14.3,15.8,8.7,12.9,19.2,31.3146534,12.2012043,3.827450514,10.74362469,0.1790471595,0.438981563,0,0,0
48187,"Guadalupe County, Texas",TX,173828,88111.0,8.71,4.27,2.74,91.21,0.3939,0.643,0.8797,0.4031,0.5256,11.6,34.4,31.7,25.4,12.5,5.0,16.9,12.5,15.8,8.7,12.9,17.5,41.25634003,12.38045406,1.908489466,4.850579262,0.0586139,0.480633974,0,0,0
48189,"Hale County, Texas",TX,32525,50721.0,18.51,4.67,3.75,79.29,0.9176,0.8921,0.9532,0.7744,0.9332,15.0,39.5,35.5,36.1,16.1,6.6,18.5,16.1,15.8,8.7,12.9,29.3,23.4745369,8.145222664,1.030172825,4.616016865,0.152653113,0.671673715,0,0,0
48191,"Hall County, Texas",TX,2847,43873.0,18.57,7.53,3.32,68.91,0.8527,0.9943,0.8438,0.2969,0.8689,13.6,40.0,35.1,32.5,16.3,6.5,19.3,15.4,15.8,8.7,12.9,23.0,24.45471954,13.00864124,2.076462984,7.480801582,0.1790471595,0.6513130965,0,0,0
48193,"Hamilton County, Texas",TX,8244,54890.0,17.14,2.79,3.45,82.5,0.6029,0.9637,0.4763,0.314,0.6634,11.0,36.6,33.1,27.4,16.0,5.9,19.3,14.0,15.8,8.7,12.9,15.6,30.961092,12.22590637,1.27146101,7.34976244,0.1790471595,1.285497308,0,0,0
48195,"Hansford County, Texas",TX,5270,62350.0,8.36,4.33,4.65,84.86,0.6036,0.3859,0.8781,0.1839,0.4836,12.3,37.4,32.2,30.5,14.1,5.9,17.8,14.4,15.8,8.7,12.9,24.0,7.599609375,3.626887798,0.818913221,1.435629487,0.1790471595,0.6513130965,0,0,0
48197,"Hardeman County, Texas",TX,3541,60455.0,11.17,2.48,4.14,71.93,0.3952,0.874,0.735,0.0668,0.4222,11.9,38.0,33.6,29.3,16.5,6.1,19.8,14.6,15.8,8.7,12.9,18.4,25.8439827,7.810914993,1.413990021,4.59437561,0.1790471595,0.6513130965,0,0,0
48199,"Hardin County, Texas",TX,56576,70164.0,13.46,4.61,4.76,84.06,0.5285,0.9017,0.4537,0.5256,0.6465,10.4,33.7,32.5,25.7,15.7,5.6,19.8,13.5,15.8,8.7,12.9,13.1,30.64017105,9.210346222,2.746893167,6.705751419,0.120058313,0.703198671,0,0,0
48201,"Harris County, Texas",TX,4726177,70789.0,15.77,6.39,6.65,89.87,0.965,0.7458,0.9672,0.7089,0.9201,13.2,37.1,32.9,26.9,12.6,5.5,16.4,12.9,15.8,8.7,12.9,21.5,18.91565323,5.775279999,0.773440778,2.194821596,0.163984492,0.785099506,0,0,0
48203,"Harrison County, Texas",TX,69098,63427.0,16.34,6.08,6.43,77.97,0.7983,0.9602,0.7646,0.8008,0.9036,11.9,39.2,35.0,28.7,15.7,5.9,19.6,13.9,15.8,8.7,12.9,15.1,11.50045204,4.836378574,2.805093288,7.886238575,0.16569759,0.662790358,0,0,0
48205,"Hartley County, Texas",TX,5369,78065.0,6.94,1.5,2.4,90.65,0.4458,0.1346,0.7843,0.6163,0.4683,10.8,34.3,32.2,25.9,13.4,5.5,16.9,12.6,15.8,8.7,12.9,19.0,23.92074966,11.53906631,0.178821906,2.420163631,0.1790471595,0.6513130965,0,0,0
48207,"Haskell County, Texas",TX,5408,52786.0,15.04,6.28,5.22,81.53,0.8829,0.8896,0.741,0.3563,0.812,12.3,36.9,34.1,30.6,16.8,6.3,19.1,14.9,15.8,8.7,12.9,20.8,27.1259079,11.44010258,2.79055953,11.26914024,0.1790471595,1.216544986,0,0,0
48209,"Hays County, Texas",TX,245351,79990.0,12.93,5.09,2.78,91.42,0.7089,0.1804,0.8673,0.7432,0.6723,10.8,35.3,30.5,23.9,11.2,5.1,16.5,12.1,15.8,8.7,12.9,16.7,8.32708168,2.449100256,1.297560811,3.437447071,0.062146541,0.770617127,0,0,0
48211,"Hemphill County, Texas",TX,3371,67798.0,6.14,4.06,3.57,82.38,0.3818,0.9033,0.7668,0.3182,0.5577,9.7,33.2,29.3,24.3,12.1,4.8,17.1,12.1,15.8,8.7,12.9,17.3,10.59745598,2.779660702,0.368770927,3.431790352,0.1790471595,0.6513130965,0,0,0
48213,"Henderson County, Texas",TX,82627,59778.0,14.76,5.5,5.35,82.1,0.8361,0.6542,0.5953,0.8186,0.8291,11.3,35.6,34.0,28.3,16.6,6.0,19.9,14.4,15.8,8.7,12.9,15.7,18.32254982,8.3481884,3.476714849,9.745512009,0.107408822,0.799598992,0,0,0
48215,"Hidalgo County, Texas",TX,873167,49371.0,27.7,7.61,5.59,80.44,0.999,0.8855,0.9975,0.7515,0.9841,17.7,45.0,34.1,38.0,13.8,6.6,18.0,16.8,15.8,8.7,12.9,37.5,34.72991562,20.28751945,2.084424496,12.7604475,0.08797989,0.545018256,0,0,0
48217,"Hill County, Texas",TX,36138,60669.0,13.32,4.49,5.49,85.3,0.7292,0.945,0.6806,0.7779,0.8562,11.5,37.0,33.3,29.0,15.6,5.9,19.3,14.2,15.8,8.7,12.9,17.4,4.979507923,1.886422753,2.502309799,7.881802559,0.162135869,0.756634057,0,0,0
48219,"Hockley County, Texas",TX,21495,53283.0,15.07,5.27,5.88,81.47,0.8365,0.9494,0.8941,0.8311,0.93,12.9,36.4,32.9,31.6,14.7,5.9,18.3,14.7,15.8,8.7,12.9,23.8,39.71781158,15.45078182,1.781771898,7.38032198,0.1790471595,0.610793591,0,0,0
48221,"Hood County, Texas",TX,62459,80013.0,8.87,5.82,2.54,90.27,0.5243,0.4244,0.4871,0.559,0.525,9.2,33.4,30.0,22.7,12.4,5.0,17.7,11.8,15.8,8.7,12.9,12.5,23.88475037,5.379543781,1.272283435,6.047275066,0.141672045,0.787066936,0,0,0
48223,"Hopkins County, Texas",TX,37008,63766.0,13.4,4.77,4.06,86.18,0.7811,0.7296,0.6449,0.5488,0.7525,11.2,37.7,33.0,28.4,15.9,5.8,19.5,14.1,15.8,8.7,12.9,16.8,28.75170708,8.927238464,1.707401991,7.272003174,0.1790471595,0.726392269,0,0,0
48225,"Houston County, Texas",TX,22107,51043.0,17.61,4.5,7.78,74.92,0.9195,0.8699,0.7836,0.9672,0.9625,13.5,38.2,37.2,31.7,18.1,6.6,20.0,15.1,15.8,8.7,12.9,18.8,39.20106888,13.58554173,4.06747818,8.312678337,0.131377265,0.525509059,0,0,0
48227,"Howard County, Texas",TX,34488,67243.0,14.5,5.18,5.17,84.71,0.777,0.7684,0.8877,0.9224,0.8816,13.1,38.2,33.8,31.9,14.9,6.1,18.2,14.6,15.8,8.7,12.9,23.9,32.58354187,12.22646332,2.327589035,4.069881439,0.1790471595,0.766283512,0,0,0
48229,"Hudspeth County, Texas",TX,3329,35163.0,25.44,8.17,8.2,74.38,0.985,0.8603,0.9863,0.9835,0.9943,17.4,41.1,37.7,40.1,18.7,7.8,18.4,17.8,15.8,8.7,12.9,36.9,99.62373352,58.19702148,3.792301416,25.55555534,0.1790471595,0.6513130965,0,0,0
48231,"Hunt County, Texas",TX,101596,66885.0,12.24,5.84,4.8,85.64,0.825,0.7038,0.6828,0.9322,0.8746,11.2,36.9,33.5,27.7,15.4,5.8,19.0,13.9,15.8,8.7,12.9,16.7,14.3075285,8.427539825,3.392780066,9.455962181,0.080154702,0.641237617,0,0,0
48233,"Hutchinson County, Texas",TX,20595,62211.0,10.36,4.27,4.19,84.07,0.4416,0.6421,0.6872,0.0452,0.3245,11.0,35.2,32.0,27.2,15.0,5.7,19.0,13.8,15.8,8.7,12.9,17.3,30.33523941,8.805033684,1.195003986,3.594022751,0.193451658,0.725443721,0,0,0
48235,"Irion County, Texas",TX,1561,54708.0,7.43,1.26,0.62,71.72,0.4047,0.2838,0.6389,0.1549,0.2962,10.3,35.0,31.0,24.8,13.0,5.2,18.0,12.7,15.8,8.7,12.9,15.5,99.97419739,26.40526772,0.957350254,4.41640377,0.1790471595,0.6513130965,0,0,0
48237,"Jack County, Texas",TX,8588,58861.0,14.5,8.2,10.84,83.32,0.9491,0.7191,0.5927,0.9691,0.9418,11.8,37.9,34.4,29.5,17.7,6.4,19.7,14.9,15.8,8.7,12.9,18.6,47.12591553,15.82258797,3.04860878,4.109753609,0.1790471595,0.772968173,0,0,0
48239,"Jackson County, Texas",TX,15010,67176.0,11.96,5.53,6.72,84.13,0.7385,0.8333,0.8059,0.664,0.8094,12.1,38.1,33.3,30.2,15.5,5.9,19.0,14.4,15.8,8.7,12.9,20.4,20.20948601,5.754369259,1.535404086,6.688903332,0.201965794,0.807863176,0,0,0
48241,"Jasper County, Texas",TX,33032,48818.0,22.84,12.52,5.9,85.0,0.8979,0.6271,0.6223,0.9074,0.8737,12.9,41.2,36.8,31.6,19.5,6.6,21.4,15.6,15.8,8.7,12.9,15.9,16.50442123,5.627992153,2.63248539,6.95121336,0.113074206,0.593639553,0,0,0
48243,"Jeff Davis County, Texas",TX,1992,38125.0,24.6,0.0,2.74,74.61,0.5046,0.4725,0.5558,0.3602,0.4738,13.1,38.0,33.9,30.0,14.9,6.4,18.7,14.8,15.8,8.7,12.9,19.8,30.08721161,8.079195023,0.0,4.308980942,0.1790471595,0.6513130965,0,0,0
48245,"Jefferson County, Texas",TX,254942,57294.0,18.19,5.4,7.42,86.79,0.9313,0.924,0.9259,0.929,0.9723,14.2,41.2,37.4,31.3,16.2,6.2,19.2,14.5,15.8,8.7,12.9,19.3,24.40411186,7.619617939,2.204664946,4.68310976,0.147924855,0.743622243,0,0,0
48247,"Jim Hogg County, Texas",TX,4830,42292.0,29.0,4.52,4.92,67.06,0.8991,0.1941,0.9933,0.2294,0.6427,20.2,45.7,38.1,46.6,18.2,8.0,18.9,19.7,15.8,8.7,12.9,41.3,34.94036865,18.66192627,5.107714653,12.61017799,0.578703701,1.157407403,0,0,0
48249,"Jim Wells County, Texas",TX,39060,46626.0,22.62,5.22,7.58,68.86,0.9415,0.9822,0.9847,0.5431,0.9491,16.2,40.8,34.6,39.4,14.9,6.5,17.9,16.6,15.8,8.7,12.9,33.5,21.20607567,9.661420822,2.469064474,9.043449402,0.173044592,0.692178369,0,0,0
48251,"Johnson County, Texas",TX,182690,77058.0,10.6,3.49,2.4,90.21,0.5511,0.6083,0.6911,0.6083,0.6284,11.0,33.1,32.1,26.7,14.3,5.4,18.4,13.1,15.8,8.7,12.9,16.7,20.09745407,6.04026556,1.364845157,6.450908184,0.08353056,0.762912452,0,0,0
48253,"Jones County, Texas",TX,19758,59361.0,14.2,4.66,3.62,83.57,0.7722,0.2265,0.8075,0.3633,0.5829,12.9,38.8,35.9,30.7,17.3,6.5,18.5,14.8,15.8,8.7,12.9,22.1,29.44719696,11.83842468,5.083064079,8.951050758,0.1790471595,0.402515709,0,0,0
48255,"Karnes County, Texas",TX,14805,57798.0,21.0,5.27,8.76,77.17,0.8155,0.6042,0.9491,0.9978,0.9367,14.4,39.3,35.9,34.5,16.2,6.5,17.9,15.5,15.8,8.7,12.9,27.8,15.7258997,5.688657761,1.626864076,6.911220074,0.1790471595,0.899627268,0,0,0
48257,"Kaufman County, Texas",TX,149773,84075.0,9.79,4.91,3.22,88.15,0.7076,0.7006,0.8225,0.4629,0.7089,11.5,37.6,33.3,27.6,13.7,5.4,18.0,13.2,15.8,8.7,12.9,16.8,10.67369175,3.445454597,2.262802601,7.353925228,0.090783387,0.726267099,0,0,0
48259,"Kendall County, Texas",TX,45376,104196.0,5.09,4.84,2.61,92.41,0.2809,0.4152,0.6624,0.321,0.3411,8.8,34.1,29.0,19.9,10.0,4.5,15.8,10.6,15.8,8.7,12.9,12.5,8.629077911,1.272389054,1.709506392,2.816663742,0.1790471595,0.721307397,0,0,0
48261,"Kenedy County, Texas",TX,116,45455.0,2.59,0.0,0.0,52.63,0.6449,0.9917,1.0,0.0426,0.6678,14.9,37.9,32.6,38.0,15.5,6.4,18.3,16.7,15.8,8.7,12.9,36.5,97.38463593,37.48080826,7.177033424,24.88038254,0.1790471595,0.6513130965,0,0,0
48263,"Kent County, Texas",TX,635,68553.0,7.96,5.39,2.85,92.68,0.1486,0.7531,0.4779,0.146,0.2393,9.3,33.1,29.4,22.4,12.1,4.7,17.6,11.9,15.8,8.7,12.9,13.4,97.19525909,30.24463463,10.06289291,11.320755,0.1790471595,0.6513130965,0,0,0
48265,"Kerr County, Texas",TX,52810,66713.0,12.54,3.33,4.44,89.74,0.6322,0.5733,0.7105,0.8393,0.7442,10.8,35.3,31.2,25.7,13.4,5.5,17.9,13.1,15.8,8.7,12.9,16.9,11.80091953,5.251521587,1.977082491,6.464625359,0.113488056,0.813331068,0,0,0
48267,"Kimble County, Texas",TX,4316,62386.0,12.42,0.76,4.2,81.69,0.531,0.566,0.6532,0.2714,0.4948,11.7,37.5,33.3,28.7,15.8,6.1,19.2,14.4,15.8,8.7,12.9,18.2,24.13804054,8.434247017,0.958254933,2.6765697,0.1790471595,1.137397647,0,0,0
48269,"King County, Texas",TX,216,59375.0,27.78,4.49,0.0,100.0,0.6764,0.8056,0.7464,0.0092,0.4438,12.2,37.8,35.0,29.1,17.8,6.7,20.2,15.1,15.8,8.7,12.9,17.0,100.0,22.36842155,0.0,6.593406677,0.1790471595,0.6513130965,0,0,0
48271,"Kinney County, Texas",TX,3157,52386.0,15.62,1.94,3.08,66.61,0.4855,0.9313,0.9427,0.2364,0.6265,13.2,38.4,33.5,30.5,13.2,6.1,16.8,14.2,15.8,8.7,12.9,25.9,46.52545547,25.61848068,0.162366614,6.773415089,0.1790471595,0.6513130965,0,0,0
48273,"Kleberg County, Texas",TX,30860,52487.0,30.57,7.52,6.05,81.87,0.9936,0.8221,0.9819,0.9704,0.9924,15.4,40.0,34.1,35.4,13.9,6.3,17.4,15.4,15.8,8.7,12.9,28.2,33.67111588,17.35573387,4.289578915,7.015363216,0.098885886,0.85701102,0,0,0
48275,"Knox County, Texas",TX,3333,48750.0,11.43,1.57,3.45,83.09,0.65,0.9205,0.8171,0.189,0.6564,12.5,38.0,34.1,30.6,16.0,6.0,19.2,14.7,15.8,8.7,12.9,20.3,12.63249397,5.931255341,0.421362311,4.512639523,0.1790471595,0.6513130965,0,0,0
48277,"Lamar County, Texas",TX,50149,58246.0,15.96,3.89,7.05,76.67,0.7856,0.9752,0.6373,0.601,0.8536,11.9,38.7,35.2,28.8,17.2,6.1,20.4,14.6,15.8,8.7,12.9,14.7,31.28030014,14.21367455,2.937849283,7.568386555,0.100190364,0.781484842,0,0,0
48279,"Lamb County, Texas",TX,13024,54519.0,17.45,2.77,4.94,78.02,0.6818,0.9885,0.9332,0.3888,0.8221,14.3,40.4,34.1,34.9,15.6,6.3,18.6,15.8,15.8,8.7,12.9,28.3,23.01906967,10.8389883,2.972505093,6.313727856,0.236034617,0.393391043,0,0,0
48281,"Lampasas County, Texas",TX,21829,73269.0,9.49,5.32,4.44,87.01,0.6774,0.8094,0.6599,0.3474,0.658,11.0,34.8,32.2,26.1,14.3,5.6,19.0,13.3,15.8,8.7,12.9,15.6,15.80242443,5.895344734,2.513635397,6.014784336,0.1790471595,0.413052469,0,0,0
48283,"La Salle County, Texas",TX,6965,62798.0,28.03,4.16,2.55,73.4,0.9631,0.6557,0.9952,0.7356,0.9128,16.6,40.9,35.4,40.9,17.0,6.9,18.1,17.6,15.8,8.7,12.9,39.0,29.13141632,11.54904652,3.101130247,9.525716782,0.1790471595,1.066666722,0,0,0
48285,"Lavaca County, Texas",TX,20379,58530.0,10.24,2.98,3.57,80.2,0.4184,0.8298,0.6449,0.4823,0.5752,11.1,36.8,32.8,27.4,15.1,5.7,19.1,13.7,15.8,8.7,12.9,16.4,16.05072403,4.276346684,2.738841295,5.181948662,0.148397312,0.395726144,0,0,0
48287,"Lee County, Texas",TX,17543,66448.0,13.16,2.78,4.69,80.72,0.6398,0.7677,0.7598,0.7983,0.7856,12.4,39.6,34.8,30.4,16.6,6.2,19.4,14.8,15.8,8.7,12.9,19.7,14.01905251,6.446033478,1.49287045,5.284646988,0.172443524,0.919698775,0,0,0
48289,"Leon County, Texas",TX,15928,57363.0,14.37,5.1,1.88,78.63,0.6233,0.9758,0.6102,0.2673,0.6974,11.4,36.4,33.5,28.3,16.5,6.0,19.8,14.3,15.8,8.7,12.9,16.8,20.54343796,8.058961868,3.488933086,7.173915386,0.228662893,0.57165724,0,0,0
48291,"Liberty County, Texas",TX,93523,59605.0,17.72,6.94,4.6,87.73,0.9758,0.8053,0.8139,0.9564,0.9739,13.8,40.0,35.5,34.8,17.8,6.6,20.0,16.1,15.8,8.7,12.9,24.1,9.294897079,4.147798061,4.013464451,12.81223106,0.13108021,0.480627447,0,0,0
48293,"Limestone County, Texas",TX,22222,53102.0,21.5,3.57,3.94,69.88,0.8196,0.9714,0.8199,0.7152,0.9065,13.1,39.9,36.2,31.2,17.0,6.3,19.7,15.0,15.8,8.7,12.9,19.0,18.05838203,8.702367783,2.432980299,8.735469818,0.128534704,0.599828601,0,0,0
48295,"Lipscomb County, Texas",TX,3038,71625.0,13.79,5.9,4.32,86.7,0.6472,0.9835,0.7922,0.3388,0.7703,12.1,36.9,32.8,29.2,14.7,6.0,18.2,14.2,15.8,8.7,12.9,21.2,99.56589508,31.55205917,2.390221834,7.975723743,0.1790471595,0.6513130965,0,0,0
48297,"Live Oak County, Texas",TX,11374,55949.0,21.04,3.56,6.86,69.03,0.7665,0.7267,0.8686,0.9809,0.9039,14.2,40.1,36.0,33.7,17.2,6.8,18.8,15.8,15.8,8.7,12.9,25.6,9.95378685,3.577257395,2.103067398,5.461715221,0.1790471595,0.892567337,0,0,0
48299,"Llano County, Texas",TX,21637,64241.0,11.31,6.0,3.32,87.4,0.6984,0.7731,0.4445,0.3452,0.6192,10.1,36.7,31.4,24.5,13.7,5.4,18.2,12.8,15.8,8.7,12.9,13.8,34.51369858,13.26489162,1.55098033,4.490100861,0.13662447,0.683122337,0,0,0
48301,"Loving County, Texas",TX,96,60461.0,5.21,0.0,12.5,87.5,0.0,0.9866,0.0579,0.9828,0.4356,10.7,38.2,32.8,26.5,16.1,5.9,18.6,13.7,15.8,8.7,12.9,10.4,100.0,18.62745094,0.0,9.090909004,0.1790471595,0.6513130965,1,0,0
48303,"Lubbock County, Texas",TX,311509,61911.0,17.22,4.57,5.62,86.0,0.8177,0.5005,0.8632,0.8613,0.8422,12.0,37.1,31.9,28.6,13.7,5.6,17.7,13.5,15.8,8.7,12.9,17.8,18.20588112,8.188896179,1.699147463,4.214833736,0.092130177,0.89588654,0,0,0
48305,"Lynn County, Texas",TX,5619,52996.0,18.81,3.58,4.24,83.05,0.8317,0.9459,0.8686,0.0442,0.6898,13.4,38.5,34.3,31.6,16.0,6.4,18.9,15.2,15.8,8.7,12.9,22.4,33.69738388,15.08561707,2.152623653,7.717585087,0.1790471595,0.6513130965,0,0,0
48307,"McCulloch County, Texas",TX,7638,53214.0,13.46,8.72,4.83,87.07,0.9154,0.8909,0.7607,0.2049,0.7897,11.9,36.7,33.0,30.1,15.7,6.0,19.1,14.5,15.8,8.7,12.9,20.0,40.88124847,19.20276451,3.941772461,7.446388245,0.1790471595,1.150453806,0,0,0
48309,"McLennan County, Texas",TX,261090,59781.0,17.88,4.41,5.24,85.49,0.8521,0.7951,0.8346,0.8333,0.8861,12.2,36.1,33.9,28.1,14.5,5.8,18.5,13.9,15.8,8.7,12.9,17.1,36.81635284,16.80264091,3.229994059,7.536776543,0.103954107,0.870134354,0,0,0
48311,"McMullen County, Texas",TX,670,60313.0,14.93,2.37,2.97,76.24,0.6933,0.9952,0.9236,0.2689,0.8104,14.1,39.1,35.2,33.2,16.7,6.7,19.0,15.5,15.8,8.7,12.9,23.0,96.42280579,25.34375763,4.035874367,4.932735443,0.1790471595,0.6513130965,0,0,0
48313,"Madison County, Texas",TX,13556,65768.0,12.47,6.26,8.7,79.42,0.714,0.6914,0.8501,0.9987,0.9131,12.9,38.0,35.9,31.5,17.1,6.3,19.0,14.8,15.8,8.7,12.9,21.0,30.9491024,13.32200623,1.312155962,6.069165707,0.1790471595,1.594233036,0,0,0
48315,"Marion County, Texas",TX,9668,48040.0,15.7,10.69,4.88,76.43,0.7821,0.7983,0.6599,0.4088,0.7315,12.8,39.1,36.7,30.0,18.5,6.5,20.9,15.1,15.8,8.7,12.9,15.0,7.933119774,2.890245199,4.006070614,16.67020416,0.1790471595,0.702811241,0,0,0
48317,"Martin County, Texas",TX,5228,70217.0,16.89,10.17,0.0,75.16,0.6618,0.6437,0.9045,0.2199,0.5966,11.5,35.6,31.5,29.3,13.8,5.4,18.0,13.7,15.8,8.7,12.9,22.2,21.42398834,6.765955925,0.0,1.443863392,0.1790471595,0.6513130965,0,0,0
48319,"Mason County, Texas",TX,3959,77583.0,4.94,2.8,3.42,89.4,0.3007,0.9115,0.5352,0.0146,0.2724,9.9,34.3,30.3,23.9,12.4,5.2,17.2,12.3,15.8,8.7,12.9,15.7,21.10491371,2.797976732,1.05485642,3.663805246,0.1790471595,0.690607727,0,0,0
48321,"Matagorda County, Texas",TX,36251,56412.0,21.76,6.66,6.64,75.37,0.9723,0.9825,0.9122,0.7308,0.9758,13.9,39.5,35.0,32.7,15.5,6.3,18.6,15.1,15.8,8.7,12.9,23.6,34.71574402,14.25756359,3.219274282,9.903909683,0.136147037,0.544588149,0,0,0
48323,"Maverick County, Texas",TX,57806,48497.0,23.44,7.14,7.83,73.93,0.9971,0.9023,0.9997,0.8549,0.9901,18.1,44.6,35.0,42.2,14.8,6.6,17.8,17.6,15.8,8.7,12.9,39.0,30.7984066,18.02993965,0.979736507,9.698631287,0.119908184,0.599540949,0,0,0
48325,"Medina County, Texas",TX,51432,73060.0,10.27,2.35,4.71,85.1,0.4018,0.8562,0.9141,0.8209,0.741,12.4,39.6,33.4,29.6,12.7,5.4,16.9,13.5,15.8,8.7,12.9,22.6,15.97939491,4.048676968,3.988447428,8.642728806,0.133694947,0.592077613,0,0,0
48327,"Menard County, Texas",TX,1964,40945.0,22.48,14.29,4.09,74.03,0.9733,0.8629,0.7693,0.3322,0.8606,12.1,37.6,32.5,30.0,15.0,5.9,18.6,14.6,15.8,8.7,12.9,22.3,20.17636681,6.032632351,4.866113663,5.972151279,0.1790471595,0.6513130965,0,0,0
48329,"Midland County, Texas",TX,169393,90123.0,10.75,3.41,4.72,88.38,0.5867,0.6787,0.9077,0.7318,0.7397,11.4,35.8,31.8,27.0,11.9,5.1,16.8,12.7,15.8,8.7,12.9,19.7,25.07951927,5.097592831,1.124952912,2.365368605,0.050600745,0.888324142,0,0,0
48331,"Milam County, Texas",TX,25080,56985.0,14.27,5.83,4.03,80.3,0.755,0.8648,0.7706,0.5714,0.798,11.9,37.3,34.1,29.5,15.7,5.9,19.0,14.2,15.8,8.7,12.9,18.7,26.11363602,11.40674114,2.423875093,8.060773849,0.161890879,0.728509009,0,0,0
48333,"Mills County, Texas",TX,4501,59315.0,6.88,2.31,1.58,84.12,0.3283,0.9364,0.6618,0.1616,0.4693,9.9,33.6,30.7,24.3,13.7,5.4,18.2,12.7,15.8,8.7,12.9,14.6,24.67764664,9.003398895,0.853353262,2.764238596,0.1790471595,0.619834721,0,0,0
48335,"Mitchell County, Texas",TX,8947,49869.0,14.45,1.4,1.91,78.64,0.5504,0.4206,0.8915,0.8218,0.6958,13.5,39.1,35.9,32.2,16.7,6.5,18.2,15.0,15.8,8.7,12.9,23.9,43.48420334,6.037091732,1.431513309,4.046346664,0.1790471595,0.731528878,0,0,0
48337,"Montague County, Texas",TX,20197,63336.0,12.96,5.14,4.62,79.31,0.6484,0.8953,0.434,0.2211,0.5959,10.5,35.0,32.2,26.6,16.1,5.8,19.8,13.9,15.8,8.7,12.9,15.0,14.53342915,4.508646488,0.895974576,5.619222164,0.1790471595,0.601142168,0,0,0
48339,"Montgomery County, Texas",TX,629989,95946.0,8.82,4.3,3.34,93.3,0.4451,0.4254,0.7579,0.5358,0.5212,10.4,31.4,30.1,23.1,11.6,5.0,16.8,11.8,15.8,8.7,12.9,15.2,34.90613937,8.207499504,1.547206402,4.108885288,0.079827443,0.656181574,0,0,0
48341,"Moore County, Texas",TX,21284,59041.0,13.48,2.46,7.65,84.53,0.805,0.8358,0.9586,0.8011,0.882,14.7,39.1,34.4,36.0,15.8,6.5,18.4,15.9,15.8,8.7,12.9,29.5,17.79784203,8.57358551,1.326736927,1.667999506,0.242083862,0.726251602,0,0,0
48343,"Morris County, Texas",TX,11993,51532.0,15.77,5.85,5.7,84.14,0.6872,0.9376,0.749,0.5033,0.7792,12.5,39.1,36.1,29.7,17.2,6.1,20.4,14.6,15.8,8.7,12.9,15.5,2.084886789,0.862718463,2.987098217,8.583366394,0.322762847,0.645525694,0,0,0
48345,"Motley County, Texas",TX,1223,66528.0,9.4,2.96,2.39,76.74,0.3236,0.5889,0.5616,0.0067,0.1721,10.5,35.8,32.2,26.3,15.2,5.7,19.0,13.5,15.8,8.7,12.9,16.4,18.4537487,3.313518524,5.077086449,6.56062746,0.1790471595,0.6513130965,0,0,0
48347,"Nacogdoches County, Texas",TX,64768,51153.0,22.44,6.64,5.99,84.37,0.972,0.9106,0.797,0.9984,0.9952,13.0,35.4,35.1,30.5,16.6,6.4,19.8,14.9,15.8,8.7,12.9,17.4,22.16522026,9.339159012,3.359855175,10.00379944,0.123546399,0.694948494,0,0,0
48349,"Navarro County, Texas",TX,52834,56261.0,16.46,5.58,5.07,81.32,0.9628,0.9685,0.8565,0.8587,0.979,13.5,38.5,35.2,32.3,17.1,6.4,19.7,15.3,15.8,8.7,12.9,21.6,22.16430092,8.10292244,3.585850954,11.48706627,0.138083398,0.670690835,0,0,0
48351,"Newton County, Texas",TX,12333,38871.0,24.22,10.58,7.62,88.26,0.9574,0.4092,0.6128,0.7843,0.8463,14.1,42.6,38.4,34.6,22.9,7.4,22.8,17.2,15.8,8.7,12.9,17.3,32.46126175,14.12606144,5.274625301,14.32396793,0.1790471595,0.6513130965,0,0,0
48353,"Nolan County, Texas",TX,14657,47437.0,15.54,6.65,6.84,77.14,0.9255,0.9981,0.8571,0.8212,0.9815,14.0,40.8,35.7,34.5,17.7,6.8,19.8,16.2,15.8,8.7,12.9,23.8,23.51316452,7.092486382,1.919416666,2.833702326,0.1790471595,0.943714201,0,0,0
48355,"Nueces County, Texas",TX,353245,64027.0,17.3,5.68,6.96,86.11,0.9332,0.7801,0.9666,0.8492,0.9351,14.5,40.0,34.0,31.3,13.4,5.7,17.0,14.2,15.8,8.7,12.9,25.0,33.22620392,9.916718483,2.648338795,5.444445133,0.077103548,0.842631638,0,0,0
48357,"Ochiltree County, Texas",TX,9924,62240.0,12.22,1.53,3.28,87.49,0.6863,0.9434,0.9163,0.5765,0.8244,13.5,39.6,33.9,33.5,15.2,6.3,18.2,15.3,15.8,8.7,12.9,26.6,11.46104527,2.875032187,0.473835647,1.6263026,0.312565118,0.416753501,0,0,0
48359,"Oldham County, Texas",TX,2171,71103.0,17.17,1.45,1.58,87.48,0.4496,0.1374,0.7146,0.4184,0.392,11.3,35.3,32.3,27.4,14.9,5.8,19.0,13.8,15.8,8.7,12.9,15.5,100.0,32.55441284,1.846594572,6.451612949,0.1790471595,0.6513130965,0,0,0
48361,"Orange County, Texas",TX,84761,71910.0,11.92,5.77,5.26,90.57,0.594,0.8037,0.5476,0.6099,0.6853,10.9,38.2,33.5,26.7,15.8,5.8,19.8,13.7,15.8,8.7,12.9,13.7,32.00808334,9.857180595,2.618797541,8.975132942,0.144791141,0.651560128,0,0,0
48363,"Palo Pinto County, Texas",TX,28569,65242.0,15.83,7.34,4.0,86.01,0.9106,0.7515,0.6309,0.4738,0.8015,11.6,39.4,33.0,29.2,16.7,6.1,19.9,14.6,15.8,8.7,12.9,17.6,68.07485962,24.31370163,2.68521452,6.649316788,0.102319233,1.023192406,0,0,0
48365,"Panola County, Texas",TX,22540,58205.0,13.97,2.93,3.08,82.36,0.6456,0.8501,0.6389,0.5845,0.7331,11.3,37.5,34.0,27.3,16.0,5.8,19.6,13.8,15.8,8.7,12.9,14.5,23.06515312,9.566362381,3.214112997,10.21711445,0.129382849,0.560658991,0,0,0
48367,"Parker County, Texas",TX,151188,95721.0,7.91,3.89,2.78,91.03,0.321,0.2284,0.5119,0.258,0.2638,9.2,35.0,30.4,22.6,12.7,5.1,17.8,12.0,15.8,8.7,12.9,12.7,20.66409683,5.754034519,1.703668356,5.564855099,0.053981837,0.60054791,0,0,0
48369,"Parmer County, Texas",TX,9809,65575.0,9.51,2.14,1.94,85.17,0.6437,0.7833,0.9513,0.2797,0.6596,13.5,37.4,32.3,33.2,13.7,5.9,17.3,14.9,15.8,8.7,12.9,29.5,20.22536659,8.200631142,0.848989844,3.108016968,0.31505987,0.420079827,0,0,0
48371,"Pecos County, Texas",TX,15114,59325.0,22.97,1.23,8.48,74.58,0.7474,0.6653,0.9771,0.9885,0.9049,16.0,39.9,35.5,37.3,15.7,6.7,17.5,16.1,15.8,8.7,12.9,31.3,41.37603378,19.11537933,2.06136179,2.048051357,0.190863982,0.508970618,0,0,0
48373,"Polk County, Texas",TX,50536,57315.0,16.37,9.31,3.55,82.89,0.9262,0.8858,0.6532,0.8412,0.9208,12.5,38.3,35.3,31.1,18.3,6.5,20.2,15.2,15.8,8.7,12.9,18.7,10.97602081,5.02990818,4.724895,13.75894833,0.09434852,0.415133506,0,0,0
48375,"Potter County, Texas",TX,117905,47974.0,20.71,3.7,8.65,83.24,0.9485,0.8788,0.9052,0.9936,0.9889,14.4,42.0,36.3,34.6,17.5,6.7,19.5,15.9,15.8,8.7,12.9,24.0,24.52668571,11.74674892,2.295705557,5.560067654,0.13792628,1.034447074,0,0,0
48377,"Presidio County, Texas",TX,6168,29012.0,40.0,12.35,13.89,70.37,1.0,0.9669,0.9825,0.7219,0.9933,17.8,42.5,35.9,41.0,16.2,7.2,18.3,17.7,15.8,8.7,12.9,35.5,24.43465424,17.84376907,1.685787082,9.350808144,0.1790471595,0.614628136,0,0,0
48379,"Rains County, Texas",TX,12257,60291.0,10.99,2.3,4.1,86.03,0.3318,0.9185,0.4636,0.2615,0.4706,10.3,35.6,32.0,25.3,14.9,5.6,19.1,13.2,15.8,8.7,12.9,13.5,0.0,0.0,2.429552555,7.884329319,0.1790471595,0.637348652,0,0,0
48381,"Randall County, Texas",TX,141489,78038.0,9.43,2.84,2.8,91.36,0.2154,0.3751,0.6936,0.4839,0.3519,10.0,35.4,31.1,23.2,12.2,5.1,17.6,12.2,15.8,8.7,12.9,14.2,10.77603817,2.382399082,0.57585144,1.373691201,0.07148014,0.686209321,0,0,0
48383,"Reagan County, Texas",TX,3308,70319.0,7.19,8.67,0.73,84.4,0.5794,0.4276,0.979,0.1919,0.5052,13.7,38.7,33.1,32.9,12.9,5.7,16.7,14.0,15.8,8.7,12.9,27.5,6.366387844,1.502696991,2.685615301,0.585955381,0.1790471595,0.782676756,0,0,0
48385,"Real County, Texas",TX,2830,46842.0,24.53,1.56,3.73,74.4,0.5523,0.9806,0.6309,0.6392,0.783,12.6,38.4,34.3,31.5,17.0,6.4,19.8,15.3,15.8,8.7,12.9,20.3,100.0,48.50442886,2.966351509,6.764466286,0.1790471595,0.6513130965,0,0,0
48387,"Red River County, Texas",TX,11627,44583.0,20.21,3.78,3.41,68.06,0.7945,0.6783,0.6287,0.3796,0.6895,12.5,38.7,36.1,29.8,18.4,6.5,20.9,15.1,15.8,8.7,12.9,15.3,65.59205627,25.87083626,3.42422533,9.771369934,0.1790471595,0.333472282,0,0,0
48389,"Reeves County, Texas",TX,14022,57487.0,20.97,6.95,4.98,70.71,0.9389,0.7035,0.9809,0.9462,0.9548,17.5,41.0,35.5,41.6,15.9,6.8,17.9,17.3,15.8,8.7,12.9,37.5,21.05405998,7.188601494,1.767076969,5.074199677,0.1790471595,0.752398252,0,0,0
48391,"Refugio County, Texas",TX,6718,54304.0,16.3,5.6,9.49,75.62,0.91,0.9962,0.9201,0.7133,0.9653,14.0,40.1,34.3,34.0,15.5,6.2,18.7,15.4,15.8,8.7,12.9,25.7,19.18249321,8.796067238,3.033902645,9.016827583,0.1790471595,1.163297892,0,0,0
48393,"Roberts County, Texas",TX,764,62667.0,14.74,0.5,7.81,71.88,0.1406,0.0067,0.4741,0.2437,0.0576,8.9,33.8,29.6,21.9,12.7,4.8,18.1,11.7,15.8,8.7,12.9,11.7,91.4323349,21.40803337,3.53697753,4.180064201,0.1790471595,0.6513130965,0,0,0
48395,"Robertson County, Texas",TX,16912,59410.0,14.25,8.67,7.91,80.6,0.707,0.9793,0.8199,0.6322,0.8546,12.3,38.0,34.6,29.7,16.0,5.9,19.4,14.3,15.8,8.7,12.9,18.3,27.01202202,9.704645157,5.705179691,8.431771278,0.174876124,0.46633634,0,0,0
48397,"Rockwall County, Texas",TX,110631,121303.0,4.17,3.88,1.78,96.56,0.0913,0.28,0.7066,0.0875,0.1164,8.7,34.4,29.1,20.1,9.7,4.4,15.9,10.4,15.8,8.7,12.9,11.7,20.33373642,3.237183094,0.73067677,1.547168136,0.12740244,0.882716954,0,0,0
48399,"Runnels County, Texas",TX,9858,55424.0,11.86,3.0,2.35,82.33,0.4922,0.985,0.7821,0.0242,0.5148,11.8,36.1,32.3,29.4,14.7,5.8,18.4,14.0,15.8,8.7,12.9,20.3,41.52771759,15.9853878,1.148653865,4.320220947,0.28843379,0.480722994,0,0,0
48401,"Rusk County, Texas",TX,52755,61661.0,13.42,5.54,3.91,73.83,0.7486,0.7464,0.7537,0.7248,0.7973,12.2,37.5,35.7,29.0,16.3,6.1,19.2,14.3,15.8,8.7,12.9,17.4,26.91892242,11.19966125,3.56972003,9.167031288,0.05522421,0.57065016,0,0,0
48403,"Sabine County, Texas",TX,9980,47061.0,17.31,8.38,4.47,85.48,0.8839,0.4868,0.4537,0.1327,0.5609,11.1,35.8,34.1,27.2,17.3,6.2,20.4,14.4,15.8,8.7,12.9,14.0,15.16429996,5.544977665,3.161880255,8.03712368,0.1790471595,0.6513130965,0,0,0
48405,"San Augustine County, Texas",TX,7920,45888.0,27.28,10.35,11.7,76.66,0.9793,0.944,0.6828,0.972,0.9885,15.2,43.9,40.0,36.0,22.9,7.7,22.7,17.7,15.8,8.7,12.9,19.0,26.55686951,12.00885963,4.378106117,13.06791115,0.1790471595,0.6513130965,0,0,0
48407,"San Jacinto County, Texas",TX,27666,54839.0,17.38,7.11,3.21,82.29,0.9329,0.875,0.6347,0.2965,0.8091,12.7,39.1,35.6,30.5,18.0,6.4,20.4,15.4,15.8,8.7,12.9,18.8,7.559696198,3.233333111,2.115319729,14.15455246,0.136514112,0.238899693,0,0,0
48409,"San Patricio County, Texas",TX,68942,63842.0,15.76,4.36,6.75,79.77,0.846,0.9761,0.9354,0.7101,0.9249,13.9,41.3,35.5,34.0,14.5,6.0,18.1,15.0,15.8,8.7,12.9,25.4,30.67145348,11.03259754,1.9475137,6.175915718,0.104370125,0.775320947,0,0,0
48411,"San Saba County, Texas",TX,5779,54087.0,14.28,3.77,2.04,86.79,0.6977,0.6561,0.7521,0.3522,0.6389,12.0,37.0,33.6,29.8,16.1,6.2,18.6,14.5,15.8,8.7,12.9,21.0,37.28669357,13.72838116,2.98950839,3.736748219,0.1790471595,0.993541956,0,0,0
48413,"Schleicher County, Texas",TX,2474,53774.0,14.48,6.86,4.12,67.63,0.7401,0.762,0.9052,0.0735,0.5803,11.9,36.4,31.2,29.1,12.6,5.5,17.1,13.5,15.8,8.7,12.9,23.7,10.64867973,2.966575861,0.638181508,2.338840961,0.1790471595,0.6513130965,0,0,0
48415,"Scurry County, Texas",TX,16883,58932.0,11.82,2.25,0.95,84.37,0.5202,0.4846,0.8686,0.3548,0.5332,12.4,38.6,33.0,30.5,14.6,5.9,18.1,14.2,15.8,8.7,12.9,21.8,10.02588463,2.527763605,1.364519,4.665895939,0.1790471595,1.020285726,0,0,0
48417,"Shackelford County, Texas",TX,3134,60924.0,11.3,7.23,5.59,86.25,0.511,0.2119,0.4445,0.3872,0.3936,9.5,33.8,30.5,22.5,12.8,5.2,17.9,12.1,15.8,8.7,12.9,12.3,14.62651634,5.382641792,1.576189995,4.042467117,0.1790471595,0.6513130965,0,0,0
48419,"Shelby County, Texas",TX,24157,49231.0,23.26,4.02,6.29,77.97,0.77,0.9481,0.7751,0.7598,0.8778,13.7,41.3,37.2,33.8,18.9,6.8,20.8,15.9,15.8,8.7,12.9,19.7,17.87879944,7.484447002,3.55116272,12.51490593,0.200682327,0.481637567,0,0,0
48421,"Sherman County, Texas",TX,2414,66169.0,8.32,1.53,1.12,85.55,0.4757,0.9485,0.833,0.2654,0.6309,11.2,35.7,30.8,27.7,12.6,5.4,17.0,13.2,15.8,8.7,12.9,21.7,27.42441559,9.537147522,0.293111086,0.976296186,0.1790471595,0.6513130965,0,0,0
48423,"Smith County, Texas",TX,234667,69053.0,12.61,4.72,4.27,87.25,0.7334,0.7916,0.797,0.7735,0.8234,11.7,37.9,33.4,26.4,14.0,5.5,18.5,13.1,15.8,8.7,12.9,15.6,20.2353096,8.137907028,1.720272541,6.628574848,0.135704771,0.886321783,0,0,0
48425,"Somervell County, Texas",TX,9337,87899.0,7.28,3.94,2.87,88.79,0.2959,0.6468,0.5597,0.6853,0.5135,9.8,33.9,30.7,24.2,13.3,5.2,18.1,12.5,15.8,8.7,12.9,14.4,0.0,0.0,0.447278291,12.12230492,0.1790471595,0.87536931,0,0,0
48427,"Starr County, Texas",TX,65716,35979.0,33.46,11.46,10.74,67.13,0.9978,0.9682,0.999,0.7197,0.9905,20.5,45.8,37.5,47.6,17.6,7.8,19.2,20.2,15.8,8.7,12.9,43.7,33.88890457,23.73208618,5.09683609,24.48472977,0.124482617,0.575732112,0,0,0
48429,"Stephens County, Texas",TX,9260,44712.0,16.66,8.62,9.25,83.85,0.9768,0.9539,0.6806,0.9752,0.9898,11.8,37.0,33.5,28.9,16.3,6.1,18.9,14.4,15.8,8.7,12.9,19.1,27.59099007,13.47339916,3.776648521,6.511744499,0.1790471595,0.642811239,0,0,0
48431,"Sterling County, Texas",TX,1392,63558.0,1.77,0.0,0.0,88.52,0.1794,0.2447,0.7156,0.0636,0.1419,9.4,33.2,28.7,23.2,11.2,4.5,16.7,11.5,15.8,8.7,12.9,16.0,100.0,35.90208435,0.649350643,4.545454502,0.1790471595,0.6513130965,0,0,0
48433,"Stonewall County, Texas",TX,1331,66591.0,7.06,1.77,2.44,85.11,0.4769,0.2214,0.6449,0.132,0.2994,11.5,36.7,33.1,29.1,16.1,5.9,19.4,14.3,15.8,8.7,12.9,18.4,15.38062859,4.848034859,0.03582301,2.831896782,0.1790471595,0.6513130965,0,0,0
48435,"Sutton County, Texas",TX,3345,56778.0,16.57,4.73,2.53,64.61,0.7448,0.8145,0.9777,0.4283,0.7687,14.0,38.6,33.1,34.1,14.4,6.1,17.8,15.2,15.8,8.7,12.9,28.6,19.17641068,5.778343201,0.790456295,1.160506487,0.1790471595,1.070091009,0,0,0
48437,"Swisher County, Texas",TX,6989,40290.0,29.52,5.19,8.08,71.39,0.95,0.7766,0.9096,0.713,0.9103,15.5,41.4,37.5,36.5,18.3,7.2,19.2,16.6,15.8,8.7,12.9,26.8,31.82649422,14.16448307,2.201458216,4.709344387,0.1790471595,0.6513130965,0,0,0
48439,"Tarrant County, Texas",TX,2113854,78872.0,11.02,4.88,4.36,92.12,0.7792,0.6707,0.8982,0.5017,0.7585,11.4,33.1,31.1,27.8,12.6,5.1,17.5,12.7,15.8,8.7,12.9,17.0,30.05670738,8.228264809,1.098560572,2.951560259,0.116325781,0.849131107,0,0,0
48441,"Taylor County, Texas",TX,143029,61806.0,14.58,2.39,4.65,88.62,0.6363,0.7289,0.7655,0.7353,0.7591,11.3,35.7,33.0,26.5,13.9,5.5,18.3,13.2,15.8,8.7,12.9,15.8,24.85202026,9.945581436,1.750068665,4.464808941,0.093390808,1.027298808,0,0,0
48443,"Terrell County, Texas",TX,862,52813.0,6.38,0.0,3.21,74.31,0.0767,0.6812,0.8533,0.0025,0.0859,10.4,34.3,29.4,23.8,10.0,4.6,15.5,11.2,15.8,8.7,12.9,17.5,100.0,41.53132248,6.313131332,1.515151501,0.1790471595,0.6513130965,0,0,0
48445,"Terry County, Texas",TX,11816,42694.0,22.35,4.75,7.91,81.44,0.9625,0.9462,0.9325,0.9128,0.9828,15.1,41.2,35.5,36.8,17.1,6.8,19.1,16.7,15.8,8.7,12.9,29.7,42.84799957,20.41927338,3.009412289,10.15401077,0.1790471595,0.984979093,0,0,0
48447,"Throckmorton County, Texas",TX,1439,55221.0,13.97,2.52,2.52,83.31,0.4375,0.2428,0.4496,0.0143,0.1581,11.0,36.3,33.2,26.9,15.9,6.0,19.5,13.8,15.8,8.7,12.9,14.2,100.0,32.19061279,3.064286947,6.543385506,0.1790471595,0.6513130965,0,0,0
48449,"Titus County, Texas",TX,31301,57634.0,18.34,4.02,4.67,82.91,0.8956,0.9227,0.9052,0.6252,0.8995,14.0,38.8,35.1,34.5,16.9,6.5,19.4,15.9,15.8,8.7,12.9,25.5,32.2766304,14.05916691,1.872471929,8.95555687,0.12148454,0.789649546,0,0,0
48451,"Tom Green County, Texas",TX,119276,67215.0,11.74,3.15,4.74,85.2,0.6204,0.7957,0.8673,0.8304,0.8113,11.9,37.5,32.7,28.6,13.3,5.6,17.9,13.5,15.8,8.7,12.9,19.6,30.62863922,10.4340477,1.521316171,3.777456522,0.083326392,0.833263874,0,0,0
48453,"Travis County, Texas",TX,1289054,92731.0,11.28,4.18,5.5,92.64,0.5527,0.0935,0.882,0.7805,0.5702,9.5,30.1,28.0,20.3,9.3,4.6,15.5,10.5,15.8,8.7,12.9,13.6,26.41580391,5.29002285,0.757599056,2.085483313,0.120722517,0.788925529,0,0,0
48455,"Trinity County, Texas",TX,13735,51165.0,14.24,7.04,9.72,81.18,0.8552,0.9879,0.574,0.7518,0.9185,11.8,37.8,34.6,29.1,17.4,6.2,20.5,14.7,15.8,8.7,12.9,15.9,15.1489172,7.791295052,4.800069809,10.57963371,0.1790471595,0.335953772,0,0,0
48457,"Tyler County, Texas",TX,19962,50898.0,17.95,12.6,7.0,82.1,0.8842,0.9103,0.5501,0.951,0.9319,12.7,39.4,37.0,31.6,20.3,6.8,20.8,15.7,15.8,8.7,12.9,17.8,45.14702988,16.15717316,5.886812687,15.26321697,0.1790471595,0.370524764,0,0,0
48459,"Upshur County, Texas",TX,41261,60456.0,14.56,4.33,3.85,87.03,0.6841,0.7817,0.5425,0.259,0.6017,11.4,37.3,33.7,28.2,16.8,6.1,20.4,14.4,15.8,8.7,12.9,14.8,7.49307251,3.395619154,2.908567667,11.09360981,0.118578948,0.40316844,0,0,0
48461,"Upton County, Texas",TX,3284,55284.0,20.34,4.7,6.02,70.73,0.6876,0.7092,0.9185,0.6567,0.77,14.8,41.2,34.9,36.3,17.0,6.6,19.3,16.3,15.8,8.7,12.9,27.8,33.40593719,8.564417839,2.055275679,1.180478215,0.1790471595,0.6513130965,0,0,0
48463,"Uvalde County, Texas",TX,24833,55000.0,24.12,3.21,7.24,79.32,0.9065,0.9968,0.9749,0.9364,0.9911,14.6,41.0,33.7,34.1,13.8,6.1,17.5,15.4,15.8,8.7,12.9,28.9,45.17366409,25.05990601,4.897868633,12.48558235,0.1790471595,0.822675943,0,0,0
48465,"Val Verde County, Texas",TX,47693,57250.0,16.2,3.38,4.82,71.48,0.8371,0.9329,0.9889,0.8877,0.9437,15.7,38.8,33.3,36.7,13.7,6.2,17.1,15.7,15.8,8.7,12.9,32.3,50.87202835,21.59416199,2.606784821,9.420822144,0.081586033,0.734274268,0,0,0
48467,"Van Zandt County, Texas",TX,60053,62334.0,13.15,3.09,2.87,81.34,0.6538,0.7633,0.4948,0.265,0.5714,10.7,35.9,32.9,27.0,15.9,5.8,19.8,13.9,15.8,8.7,12.9,14.8,31.3361454,10.67067051,2.773346424,9.096887589,0.139050633,0.590965211,0,0,0
48469,"Victoria County, Texas",TX,91209,66308.0,16.64,5.15,7.25,76.33,0.8606,0.8937,0.9052,0.8377,0.9198,12.9,37.6,32.4,30.9,14.2,5.8,18.2,14.3,15.8,8.7,12.9,22.9,23.76056862,8.857323647,2.015990734,4.19479084,0.076139927,0.870170534,0,0,0
48471,"Walker County, Texas",TX,77182,47193.0,19.46,7.03,6.68,84.26,0.9755,0.1161,0.8225,0.9997,0.9392,13.8,40.6,37.7,30.5,17.2,6.6,19.0,14.6,15.8,8.7,12.9,18.6,13.12957859,6.278004646,1.499547362,3.603575468,0.124715924,0.485006362,0,0,0
48473,"Waller County, Texas",TX,57463,71643.0,13.03,6.06,3.55,83.19,0.7868,0.5262,0.9176,0.8514,0.8317,12.2,38.6,33.7,28.3,13.6,5.6,18.0,13.3,15.8,8.7,12.9,18.7,17.5815239,11.05504227,2.359853268,9.407670021,0.087029174,0.435145855,0,0,0
48475,"Ward County, Texas",TX,11347,70771.0,13.62,5.53,3.92,76.97,0.6548,0.8412,0.9345,0.3987,0.7235,13.5,37.8,33.3,33.6,14.7,5.9,18.2,14.9,15.8,8.7,12.9,26.4,8.250125885,2.63279295,0.984308064,2.321035624,0.1790471595,0.578655839,0,0,0
48477,"Washington County, Texas",TX,35807,70043.0,11.89,2.69,5.98,81.49,0.4467,0.4601,0.7585,0.8826,0.6522,10.7,37.0,32.9,25.2,13.0,5.2,18.0,12.5,15.8,8.7,12.9,14.1,21.4373436,7.277215481,2.406829596,4.535671711,0.08386682,0.810712576,0,0,0
48479,"Webb County, Texas",TX,267282,59984.0,21.39,5.93,6.15,81.12,0.9917,0.917,0.9987,0.8034,0.9831,16.8,42.8,33.0,40.0,13.1,6.2,16.8,16.4,15.8,8.7,12.9,36.3,18.45577431,9.670620918,1.666425228,5.86981678,0.079227604,0.731054723,0,0,0
48481,"Wharton County, Texas",TX,41614,59712.0,14.65,5.67,6.36,81.1,0.9141,0.9319,0.9045,0.8078,0.9456,12.9,40.5,34.1,31.1,14.7,5.9,18.4,14.4,15.8,8.7,12.9,22.0,13.47840977,4.780876637,2.441441536,7.818277836,0.191915557,0.839630544,0,0,0
48483,"Wheeler County, Texas",TX,4980,58158.0,18.33,6.57,7.02,80.82,0.9036,0.986,0.6828,0.5377,0.9045,11.8,37.3,33.5,29.2,16.3,6.1,19.6,14.6,15.8,8.7,12.9,18.3,11.46669483,3.103314638,1.01472199,6.064011574,0.808734357,1.010917902,0,0,0
48485,"Wichita County, Texas",TX,129584,58862.0,15.75,4.17,6.61,85.62,0.7372,0.6876,0.741,0.8416,0.8167,11.6,36.2,34.1,27.0,15.3,5.8,18.8,13.7,15.8,8.7,12.9,16.1,34.55289078,11.28726387,2.105722189,6.309710503,0.090086706,0.803273141,0,0,0
48487,"Wilbarger County, Texas",TX,12795,50769.0,18.39,9.29,5.51,73.58,0.9691,0.8906,0.8272,0.7938,0.9561,14.2,39.9,36.2,34.7,18.6,6.9,20.4,16.3,15.8,8.7,12.9,22.0,38.66159058,15.59178638,2.218695879,6.883281231,0.1790471595,0.876354337,0,0,0
48489,"Willacy County, Texas",TX,20308,42839.0,26.62,8.71,5.6,71.35,0.9892,0.91,0.993,0.8428,0.985,19.0,44.4,36.9,44.5,17.4,7.5,18.3,18.7,15.8,8.7,12.9,40.7,43.18441772,25.63968468,3.26427722,10.27059841,0.1790471595,0.472567469,0,0,0
48491,"Williamson County, Texas",TX,617396,102851.0,6.34,4.36,2.57,95.13,0.2701,0.4009,0.8199,0.2275,0.3207,9.5,32.1,28.6,22.4,9.6,4.5,15.6,10.4,15.8,8.7,12.9,12.3,47.83671188,8.690342903,1.174346447,2.687902927,0.071214117,0.66358614,0,0,0
48493,"Wilson County, Texas",TX,50381,89708.0,10.29,3.37,2.22,86.27,0.2351,0.2402,0.833,0.3363,0.2972,11.0,34.9,30.0,25.6,12.3,5.2,17.0,12.6,15.8,8.7,12.9,18.5,5.179387093,1.598130107,2.363853931,6.184890747,0.076889068,0.480556667,0,0,0
48495,"Winkler County, Texas",TX,7582,89155.0,12.63,2.28,5.59,84.39,0.3958,0.3252,0.9523,0.3388,0.4448,13.3,37.5,32.6,33.0,14.0,5.8,17.6,14.7,15.8,8.7,12.9,28.4,5.926381588,1.43998158,0.637175322,2.303678513,0.507163703,0.507163703,0,0,0
48497,"Wise County, Texas",TX,70062,85385.0,9.08,4.31,1.64,87.19,0.4483,0.79,0.6128,0.3923,0.5422,10.3,33.8,31.2,25.9,14.6,5.5,18.7,13.3,15.8,8.7,12.9,16.0,9.856152534,3.213502407,2.385469913,7.473386288,0.112542905,0.604918122,0,0,0
48499,"Wood County, Texas",TX,45341,61748.0,12.63,5.28,5.52,83.88,0.7124,0.847,0.5011,0.6771,0.7655,10.6,34.8,32.5,26.2,15.7,5.8,19.3,13.6,15.8,8.7,12.9,14.7,21.76516342,8.84988308,2.255309105,7.454590321,0.086409882,0.496856838,0,0,0
48501,"Yoakum County, Texas",TX,7630,80317.0,13.62,3.92,2.45,90.84,0.622,0.5918,0.9644,0.2472,0.587,13.0,38.2,32.0,32.2,13.3,5.7,17.4,14.5,15.8,8.7,12.9,27.6,25.76795197,5.365202427,0.438577086,1.465277314,0.1790471595,1.034245014,0,0,0
48503,"Young County, Texas",TX,17903,65565.0,15.72,2.63,5.09,87.83,0.4639,0.9535,0.5892,0.1575,0.5345,10.8,37.3,32.5,27.0,14.9,5.7,18.8,13.5,15.8,8.7,12.9,15.9,30.13889885,13.69506931,2.185541868,5.756168842,0.1790471595,1.172922254,0,0,0
48505,"Zapata County, Texas",TX,13896,35061.0,37.19,8.05,9.65,65.46,0.9901,0.9809,0.9984,0.9014,0.9968,20.1,44.5,37.4,47.1,17.8,7.9,19.0,19.9,15.8,8.7,12.9,43.3,16.78508186,8.422754288,3.649989605,15.2773056,0.282246679,0.423370034,0,0,0
48507,"Zavala County, Texas",TX,9700,49243.0,31.0,5.76,4.93,80.22,0.8813,0.9905,0.9978,0.4292,0.909,21.4,48.2,39.4,48.2,18.7,8.3,19.5,20.6,15.8,8.7,12.9,42.8,31.59499359,23.04994965,8.616863251,15.64114761,0.1790471595,0.337837845,0,0,0
49001,"Beaver County, Utah",UT,7102,80268.0,7.03,3.65,2.71,79.96,0.1556,0.5612,0.4658,0.0519,0.1457,8.9,29.0,27.7,19.1,9.7,5.1,17.4,12.7,12.2,6.9,10.3,10.8,14.38789368,4.230509281,0.005647746,3.093892336,0.1790471595,1.47907114,0,0,0
49003,"Box Elder County, Utah",UT,58291,72769.0,8.15,2.63,4.19,91.9,0.1527,0.1416,0.3977,0.1686,0.1215,8.9,32.7,28.2,19.4,9.9,5.2,18.1,13.1,12.7,7.1,10.1,10.4,16.79721832,5.106789112,0.88307929,2.715601683,0.087708525,0.66658479,0,0,0
49005,"Cache County, Utah",UT,134428,72719.0,13.55,2.45,3.31,91.56,0.2816,0.2889,0.4779,0.538,0.3478,9.5,30.3,28.7,16.9,9.1,5.2,16.6,12.8,12.2,7.2,9.6,9.7,33.31109238,8.529052734,0.550659478,2.776634932,0.130765215,0.676902235,0,0,0
49007,"Carbon County, Utah",UT,20338,53734.0,16.61,6.73,4.4,82.91,0.7051,0.7436,0.4932,0.3748,0.6297,10.8,35.1,29.6,21.1,12.3,6.0,19.1,15.1,17.1,8.9,13.0,12.1,25.96681976,9.03482914,1.533655047,5.656197071,0.192678228,0.818882465,0,0,0
49009,"Daggett County, Utah",UT,638,61250.0,7.81,3.49,4.68,93.62,0.2199,0.0506,0.182,0.5469,0.1849,9.4,32.8,30.0,20.5,11.4,5.7,18.5,13.7,13.5,7.6,10.9,10.8,100.0,15.38461494,4.827586174,0.0,0.1790471595,0.6513130965,0,0,0
49011,"Davis County, Utah",UT,363032,101285.0,6.05,2.46,2.44,93.8,0.0325,0.2822,0.4948,0.1069,0.0678,8.4,32.7,27.4,17.2,7.4,4.7,17.0,11.0,9.5,5.8,8.5,8.7,31.56070518,4.637614727,0.587081194,1.202919006,0.055674326,0.6764431,0,0,0
49013,"Duchesne County, Utah",UT,19779,70821.0,13.5,4.29,4.66,87.56,0.5778,0.4629,0.4445,0.5167,0.5361,10.2,31.6,29.6,23.8,11.8,5.9,19.1,14.4,15.5,8.5,12.0,11.4,24.0352478,6.718873978,0.945195258,6.456433296,0.251332074,0.854529023,0,0,0
49015,"Emery County, Utah",UT,9898,67056.0,11.81,3.62,2.7,85.73,0.1645,0.6729,0.2914,0.2008,0.2269,9.4,30.7,30.0,19.3,11.3,5.5,18.5,13.7,13.4,7.5,10.7,10.1,34.11687469,11.50860977,1.204172015,4.486488342,0.394205183,0.788410366,0,0,0
49017,"Garfield County, Utah",UT,5121,56481.0,15.91,4.42,2.46,80.48,0.4617,0.364,0.3446,0.251,0.3423,8.9,28.9,28.3,18.1,9.8,5.2,17.3,12.7,12.1,7.0,9.9,9.4,59.97453308,21.62441444,2.143887997,2.588695049,0.79207921,1.782178164,0,0,0
49019,"Grand County, Utah",UT,9680,59171.0,15.68,1.25,2.08,88.3,0.433,0.3331,0.5218,0.5597,0.4582,9.3,28.2,28.8,19.2,10.4,5.4,17.7,13.1,13.7,7.8,10.9,10.4,8.028926849,2.497630358,2.901621819,3.184332848,0.306247443,1.224989772,0,0,0
49021,"Iron County, Utah",UT,58068,63005.0,14.12,3.28,3.39,87.93,0.5017,0.2809,0.4496,0.384,0.4114,9.7,36.9,28.4,18.9,10.8,5.6,18.1,13.7,14.1,7.9,11.3,10.1,39.73826981,17.58870125,2.344829798,6.009385586,0.088006474,0.880064785,0,0,0
49023,"Juab County, Utah",UT,11943,88048.0,8.56,1.88,3.9,88.48,0.0487,0.1887,0.2692,0.1823,0.0659,8.9,32.9,28.5,18.8,10.6,5.3,18.3,13.1,12.7,7.0,10.2,9.7,46.50270081,13.0151329,2.52885294,3.828927994,0.1790471595,1.154924989,0,0,0
49025,"Kane County, Utah",UT,7814,70327.0,12.92,3.53,4.62,89.98,0.2265,0.5861,0.2399,0.2663,0.259,8.9,33.4,28.7,17.9,9.7,5.2,17.5,12.6,11.8,6.8,9.5,8.8,49.69393539,14.37406921,1.152712584,2.856456041,0.505433381,1.010866761,0,0,0
49027,"Millard County, Utah",UT,13027,69403.0,11.19,4.41,3.73,85.3,0.4241,0.8657,0.4763,0.1642,0.4502,10.1,34.5,29.9,22.5,11.2,5.7,18.3,14.2,15.0,8.1,11.9,12.0,21.70132256,5.029541969,1.001211882,4.295389175,0.300142556,0.975463331,0,0,0
49029,"Morgan County, Utah",UT,12367,120854.0,1.72,1.71,0.77,93.78,0.0019,0.0146,0.1409,0.0019,0.0,7.5,25.1,26.4,14.9,7.7,4.4,16.1,10.7,7.9,5.0,7.3,6.8,0.355326176,0.057704154,0.393777698,1.165525556,0.1790471595,0.6513130965,0,0,0
49031,"Piute County, Utah",UT,1764,33359.0,20.9,9.12,4.92,70.83,0.9478,0.3293,0.0544,0.1753,0.5402,11.0,34.0,31.5,23.7,13.4,6.5,19.9,15.8,19.1,9.9,14.0,14.0,100.0,47.83454514,1.401833534,8.416833878,0.1790471595,0.6513130965,0,0,0
49033,"Rich County, Utah",UT,2543,69250.0,8.01,2.58,0.0,94.12,0.0811,0.8193,0.4117,0.1829,0.2141,9.4,33.0,28.8,18.2,10.5,5.6,18.1,13.2,12.3,7.2,10.2,9.1,100.0,34.58487701,0.399881691,2.741935492,0.1790471595,4.486133575,0,0,0
49035,"Salt Lake County, Utah",UT,1180643,90011.0,8.1,3.59,5.22,92.99,0.3325,0.4044,0.6777,0.552,0.4512,8.7,29.9,28.1,18.9,8.3,4.6,17.2,12.6,13.8,7.0,11.0,11.5,11.45935726,2.621184826,0.412074894,0.598658383,0.138994113,0.854556382,0,0,0
49037,"San Juan County, Utah",UT,14524,52108.0,20.65,12.08,8.77,66.73,0.8524,0.9688,0.8988,0.8794,0.9567,13.7,34.4,34.6,24.6,16.2,6.9,21.3,17.9,26.2,14.1,18.5,12.4,49.9430542,30.12950516,5.746707916,12.73103142,0.1790471595,0.392721564,0,0,0
49039,"Sanpete County, Utah",UT,28816,64356.0,14.81,4.55,2.79,86.36,0.6064,0.2743,0.4146,0.5507,0.5116,10.3,30.2,28.6,20.9,11.9,6.0,18.5,14.2,16.0,8.7,12.5,12.1,20.73342896,8.147945404,0.636590362,4.56848526,0.127416939,0.4459593,0,0,0
49041,"Sevier County, Utah",UT,21667,66972.0,11.74,4.88,4.07,88.24,0.37,0.1931,0.2485,0.4162,0.2886,9.1,36.6,29.7,20.4,10.6,5.4,18.6,13.8,12.8,7.2,10.1,9.9,3.126762867,1.320165753,0.548664987,4.660858631,0.137741044,0.964187324,0,0,0
49043,"Summit County, Utah",UT,42524,126392.0,5.24,2.25,1.84,94.55,0.0267,0.251,0.4556,0.091,0.0509,7.2,19.3,24.2,13.7,6.5,4.3,14.5,9.8,7.9,4.9,7.2,7.8,31.62906837,5.675299644,1.216264486,0.885645926,0.258829623,1.129438281,0,0,0
49045,"Tooele County, Utah",UT,74032,95545.0,4.54,3.9,3.76,94.53,0.1206,0.3204,0.5269,0.238,0.1766,9.4,37.3,30.3,21.3,9.3,4.8,16.8,12.5,12.4,6.8,9.7,10.7,25.77551842,6.804185867,2.676056385,4.244343758,0.067103289,0.375778407,0,0,0
49047,"Uintah County, Utah",UT,35951,67983.0,11.57,6.25,3.14,88.8,0.5644,0.4216,0.5294,0.5081,0.5297,10.2,35.4,30.2,21.4,12.5,5.7,18.8,14.2,15.9,8.4,12.0,11.4,24.6088047,8.280203819,2.211716413,5.985618591,0.1790471595,0.556018889,0,0,0
49049,"Utah County, Utah",UT,666021,91263.0,8.87,3.43,2.52,91.32,0.1798,0.1963,0.5183,0.5011,0.2555,8.8,31.6,27.9,15.6,7.0,4.9,15.7,11.9,10.4,6.2,9.1,9.5,33.97556686,8.21105957,0.673037767,1.809272051,0.070654117,0.692717552,0,0,0
49051,"Wasatch County, Utah",UT,35009,104855.0,5.36,2.37,2.4,95.13,0.0776,0.1508,0.4871,0.1114,0.0748,7.4,24.1,24.9,16.5,7.3,4.5,15.1,10.9,8.9,5.4,8.1,8.7,43.04127502,6.835836411,0.561981499,0.823648036,0.141643062,0.566572249,0,0,0
49053,"Washington County, Utah",UT,183297,71976.0,8.82,3.05,2.99,91.35,0.3382,0.5762,0.4763,0.3309,0.3875,8.8,34.1,29.2,15.9,8.7,5.1,17.0,13.0,12.2,6.9,9.7,10.3,35.64012909,10.60600662,1.080910087,3.303266764,0.097343072,0.789560497,0,0,0
49055,"Wayne County, Utah",UT,2532,64870.0,8.46,0.62,1.71,89.15,0.244,0.3166,0.0041,0.0589,0.1053,9.9,34.2,30.7,20.5,11.1,5.9,18.7,14.0,14.1,8.0,11.1,9.6,38.66171646,15.83190441,3.044381618,7.893027782,0.1790471595,1.449800611,0,0,0
49057,"Weber County, Utah",UT,262960,82291.0,7.64,3.08,4.51,93.52,0.2393,0.4944,0.6083,0.3891,0.3471,8.9,34.8,29.5,20.5,9.2,5.0,18.5,12.9,13.8,6.9,11.0,11.2,26.64613342,5.603204727,0.830183625,1.793130636,0.106602505,0.677687347,0,0,0
50001,"Addison County, Vermont",VT,37434,85870.0,7.5,4.1,4.09,89.35,0.1518,0.0652,0.2323,0.4499,0.139,6.5,28.1,26.9,17.0,10.7,4.5,16.5,11.0,15.8,8.7,12.9,6.3,6.229596615,1.514694571,2.15108037,7.010400295,0.325635672,0.488453507,0,0,0
50003,"Bennington County, Vermont",VT,37326,68558.0,11.2,4.15,8.5,81.13,0.2736,0.433,0.1861,0.5861,0.349,7.3,30.8,28.2,18.3,12.6,5.0,18.3,12.4,15.8,8.7,12.9,6.6,8.241308212,2.785163164,3.549683332,7.333566666,0.339577794,0.707453728,0,0,0
50005,"Caledonia County, Vermont",VT,30418,62964.0,11.81,2.63,7.46,83.69,0.2113,0.4473,0.1225,0.5367,0.2844,7.7,31.1,28.7,22.3,14.1,5.2,19.0,12.5,15.8,8.7,12.9,7.1,5.778233528,1.671233058,2.599864006,9.248303413,0.269314945,0.706951678,0,0,0
50007,"Chittenden County, Vermont",VT,168309,89494.0,11.16,3.91,6.92,89.9,0.1763,0.0245,0.3802,0.7722,0.2205,6.2,23.6,24.3,14.1,9.2,4.4,16.1,10.6,15.8,8.7,12.9,5.4,13.92240047,2.498093605,1.164250612,2.623466015,0.304310262,0.712085962,0,0,0
50009,"Essex County, Vermont",VT,5976,55247.0,13.23,5.43,4.95,81.66,0.6386,0.5752,0.0983,0.1852,0.4155,8.6,34.1,30.1,24.2,17.0,6.0,19.9,14.5,15.8,8.7,12.9,8.9,28.24292946,10.02463436,4.741877079,16.05104828,0.1790471595,0.6513130965,0,0,0
50011,"Franklin County, Vermont",VT,50101,73633.0,10.37,3.3,6.2,86.81,0.2444,0.0748,0.1654,0.1976,0.1219,7.9,36.4,29.5,20.3,13.0,5.5,18.3,12.5,15.8,8.7,12.9,7.1,9.214241982,1.880122662,1.677462578,7.208695412,0.322028786,0.462916374,0,0,0
50013,"Grand Isle County, Vermont",VT,7335,86639.0,7.44,3.45,1.98,90.95,0.1203,0.0156,0.2485,0.0057,0.006,6.9,29.9,27.9,17.1,11.4,4.7,17.1,10.8,15.8,8.7,12.9,6.1,2.700200319,0.444803596,3.115969896,7.758629799,0.418468416,0.6513130965,0,0,0
50015,"Lamoille County, Vermont",VT,25977,69886.0,8.58,3.93,5.12,89.11,0.2685,0.034,0.1276,0.3678,0.1409,6.8,28.9,25.2,18.3,12.0,4.8,16.9,11.7,15.8,8.7,12.9,6.4,0.916112959,0.289373577,2.695518255,9.032249451,0.394617409,0.828696549,0,0,0
50017,"Orange County, Vermont",VT,29439,74534.0,9.22,3.09,4.2,86.75,0.1565,0.0967,0.0735,0.224,0.0939,7.2,32.3,27.5,20.5,12.4,4.9,17.5,11.9,15.8,8.7,12.9,6.6,9.764408112,3.470814943,3.886173964,10.68635368,0.208066031,0.277421355,0,0,0
50019,"Orleans County, Vermont",VT,27459,63981.0,9.82,6.06,6.34,88.01,0.4508,0.3038,0.1037,0.4664,0.3548,8.1,33.0,29.4,21.7,14.3,5.5,19.1,13.2,15.8,8.7,12.9,7.6,10.11772919,4.000157356,4.421938419,11.03799629,0.520504117,0.334609807,0,0,0
50021,"Rutland County, Vermont",VT,60585,62641.0,11.36,4.27,7.14,83.45,0.2879,0.1661,0.1094,0.9093,0.3955,7.6,35.5,29.3,20.4,13.5,5.2,18.5,12.8,15.8,8.7,12.9,7.1,18.12280273,4.914710522,3.713160992,5.811043739,0.328924596,0.709784627,0,0,0
50023,"Washington County, Vermont",VT,59768,77278.0,9.88,2.96,7.69,90.0,0.1222,0.1098,0.1508,0.5791,0.161,7.1,27.1,25.3,17.1,11.8,4.6,17.0,10.8,15.8,8.7,12.9,6.1,17.67663002,5.931412697,3.023483992,6.235892773,0.325744063,0.702921391,0,0,0
50025,"Windham County, Vermont",VT,45857,65473.0,12.56,4.35,6.07,76.33,0.3248,0.3159,0.2265,0.4878,0.3185,7.2,26.0,25.5,18.1,12.7,4.9,17.9,11.9,15.8,8.7,12.9,6.8,9.194394112,3.694789886,3.040818691,9.301612854,0.452219456,0.856836855,0,0,0
50027,"Windsor County, Vermont",VT,57832,69492.0,8.72,3.67,5.12,87.37,0.1817,0.0961,0.1409,0.4143,0.1499,6.9,28.7,25.8,17.7,11.5,4.6,17.1,10.8,15.8,8.7,12.9,6.2,5.193857193,1.15679729,2.710377932,8.467071533,0.418273091,0.691059887,0,0,0
51001,"Accomack County, Virginia",VA,33367,52694.0,15.9,3.73,8.01,80.93,0.7416,0.8982,0.791,0.7973,0.8597,13.4,40.3,38.5,31.0,17.1,6.4,19.4,14.8,21.3,11.3,17.3,13.0,2.192136049,0.899445117,9.235548019,12.18459129,0.279173642,0.651405156,0,0,0
51003,"Albemarle County, Virginia",VA,112513,97708.0,7.09,3.11,4.73,90.26,0.1295,0.245,0.5927,0.5059,0.2469,8.7,29.0,28.5,18.6,9.6,4.5,15.2,10.5,8.8,5.5,8.3,6.7,11.90980148,3.52666378,1.029410839,1.996038437,0.153634816,0.650688648,0,0,0
51005,"Alleghany County, Virginia",VA,15159,52546.0,13.69,3.7,6.74,78.46,0.3099,0.1864,0.2444,0.5918,0.3102,11.0,39.1,33.8,25.7,17.5,6.1,20.1,14.5,14.5,8.3,11.8,9.4,16.39222145,7.894757271,4.931433678,9.814324379,0.1790471595,0.544180691,0,0,0
51007,"Amelia County, Virginia",VA,13309,63438.0,11.13,4.13,2.62,80.35,0.4808,0.2399,0.6287,0.2924,0.3853,12.8,38.8,36.1,28.2,18.0,6.3,19.9,15.0,18.0,9.9,14.4,11.0,16.46385956,6.153926373,3.380600214,10.43174076,0.1790471595,0.461041957,0,0,0
51009,"Amherst County, Virginia",VA,31426,64454.0,11.29,4.48,5.37,79.52,0.4244,0.1632,0.6198,0.4973,0.4022,11.8,39.6,34.9,27.1,16.3,5.9,19.3,14.1,15.8,9.0,13.2,9.6,11.31956863,3.866821766,2.453422546,5.853416443,0.157893077,0.631572306,0,0,0
51011,"Appomattox County, Virginia",VA,16253,60041.0,13.77,3.51,3.43,78.24,0.2848,0.1419,0.5892,0.0557,0.1441,11.7,38.8,35.2,26.4,16.2,6.0,19.2,14.1,15.8,9.0,13.1,9.4,7.398758888,2.041593313,4.594776154,13.40278244,0.1790471595,0.436327368,0,0,0
51013,"Arlington County, Virginia",VA,235845,137387.0,6.67,2.78,14.12,94.1,0.0423,0.0115,0.7894,0.7945,0.1597,8.5,25.2,27.2,15.1,7.0,4.1,13.0,9.0,7.1,4.7,6.9,6.2,2.311382771,0.078137748,0.003498946,0.011050861,0.195736274,1.032821178,0,0,0
51015,"Augusta County, Virginia",VA,77433,76124.0,8.11,3.0,4.48,85.01,0.1591,0.1626,0.3166,0.5266,0.2129,10.3,40.8,31.7,23.8,15.0,5.5,18.7,13.3,12.5,7.3,10.7,9.1,29.34067917,7.504591465,3.215014935,5.693104267,0.091450669,0.37886706,0,0,0
51017,"Bath County, Virginia",VA,4177,55699.0,23.66,2.01,0.94,73.33,0.3678,0.16,0.1409,0.1314,0.1674,12.6,38.7,36.2,29.5,20.3,7.2,21.2,16.5,18.9,10.4,14.2,11.4,21.23629379,10.48247719,2.519443035,8.79437542,0.1790471595,0.6513130965,0,0,0
51019,"Bedford County, Virginia",VA,79761,74773.0,9.07,2.91,3.62,85.37,0.0878,0.1215,0.4085,0.1721,0.0853,10.1,36.7,30.4,24.4,13.6,5.4,18.0,12.5,11.2,6.7,9.8,7.8,8.749865532,1.475363493,1.855100274,5.146002293,0.100236811,0.37588805,0,0,0
51021,"Bland County, Virginia",VA,6241,59901.0,10.75,3.35,3.49,64.52,0.0493,0.0458,0.1276,0.6195,0.0974,10.5,36.2,32.9,24.3,16.4,6.0,18.8,13.7,12.8,7.6,10.8,9.4,19.52385521,5.19611454,4.273355007,9.010210991,0.1790471595,0.641128361,0,0,0
51023,"Botetourt County, Virginia",VA,33734,77680.0,7.19,3.09,3.75,86.46,0.0375,0.0226,0.2294,0.0783,0.013,9.5,34.8,31.3,21.8,13.4,5.2,17.9,12.4,10.3,6.4,9.2,7.8,45.75863647,10.84733772,3.068488359,3.976192951,0.148663521,0.475723237,0,0,0
51025,"Brunswick County, Virginia",VA,15965,52678.0,17.17,5.16,7.58,78.33,0.8101,0.308,0.9141,0.9281,0.8311,15.1,43.7,40.6,32.3,18.6,6.6,19.6,15.4,25.3,13.3,20.6,12.7,33.02445984,10.06511402,7.397873878,18.13900757,0.1790471595,0.249423206,0,0,0
51027,"Buchanan County, Virginia",VA,20246,39591.0,25.28,5.97,4.91,71.15,0.8517,0.5049,0.015,0.4381,0.5975,13.2,38.8,36.6,31.8,22.2,7.5,22.0,17.4,21.4,11.2,15.1,12.5,1.888792396,1.112529993,7.154467583,18.68419647,0.242565379,0.485130757,0,0,0
51029,"Buckingham County, Virginia",VA,16869,59894.0,14.01,5.03,6.39,69.53,0.6974,0.2437,0.7725,0.7614,0.6758,13.6,43.1,38.3,29.2,18.5,6.5,19.6,15.1,20.5,11.0,16.6,11.6,13.02096558,5.008766174,5.718893051,14.27885437,0.1790471595,0.174743712,0,0,0
51031,"Campbell County, Virginia",VA,55518,59022.0,9.98,4.94,5.2,81.92,0.3567,0.4458,0.5581,0.4365,0.4152,11.3,35.6,33.5,25.2,15.8,5.8,18.9,13.6,14.8,8.5,12.4,9.1,8.100543976,2.23197031,3.577154636,7.555240631,0.12657313,0.578620017,0,0,0
51033,"Caroline County, Virginia",VA,31181,83562.0,11.57,4.63,5.01,83.96,0.3064,0.4209,0.7537,0.3901,0.399,12.0,41.3,35.4,26.8,15.1,5.6,18.4,13.5,16.4,9.1,13.9,10.5,5.296490192,1.518267393,4.070123672,8.990550995,0.129617631,0.356448472,0,0,0
51035,"Carroll County, Virginia",VA,29126,49113.0,15.24,4.82,4.24,77.82,0.5861,0.3016,0.1225,0.1114,0.2797,11.5,41.3,34.1,27.7,18.6,6.6,20.6,15.5,16.2,9.1,12.8,10.9,5.119353771,1.700039506,4.426131725,10.28084087,0.133005247,0.332513124,0,0,0
51036,"Charles City County, Virginia",VA,6760,65573.0,12.47,4.1,6.4,70.43,0.3945,0.1934,0.8988,0.09,0.2685,13.7,41.6,37.7,28.8,17.1,6.0,19.5,14.6,20.6,11.2,17.2,10.5,2.29838562,0.718572676,6.253192902,10.70936108,0.1790471595,0.6513130965,0,0,0
51037,"Charlotte County, Virginia",VA,11563,51548.0,20.31,3.62,7.95,71.15,0.6172,0.86,0.6885,0.6344,0.7436,14.0,42.5,37.4,31.0,19.8,6.9,21.0,16.4,22.7,12.2,17.5,12.0,33.71976471,14.60332012,8.115477562,15.14836788,0.1790471595,0.253807098,0,0,0
51041,"Chesterfield County, Virginia",VA,366019,95757.0,6.69,4.73,3.13,92.76,0.2421,0.6452,0.7929,0.111,0.2943,10.8,36.1,33.4,21.9,11.4,4.9,16.9,11.8,12.4,7.3,11.5,8.6,47.23516464,8.191214561,1.381422281,3.099712372,0.139569283,0.667141199,0,0,0
51043,"Clarke County, Virginia",VA,14882,107475.0,5.4,3.51,1.96,86.22,0.0926,0.098,0.4445,0.0916,0.0598,9.1,32.6,29.5,21.0,11.9,4.9,16.9,11.8,9.9,6.1,9.0,8.1,0.380293965,0.059653953,2.039631367,2.59700942,0.1790471595,0.410340577,0,0,0
51045,"Craig County, Virginia",VA,4898,66286.0,10.93,1.87,4.7,89.01,0.0538,0.1059,0.0627,0.2864,0.0589,10.2,36.2,32.0,24.0,16.1,5.8,19.3,14.0,12.6,7.4,10.4,9.1,11.80309963,3.60649085,4.283074856,9.011066437,0.1790471595,0.6513130965,0,0,0
51047,"Culpeper County, Virginia",VA,52822,92359.0,7.33,3.9,3.38,89.65,0.357,0.5511,0.6923,0.3401,0.4327,10.9,38.2,33.3,24.9,13.8,5.4,17.8,13.0,14.1,8.0,12.4,11.0,11.94345284,2.880751371,2.370629549,4.621610641,0.168007612,0.65336293,0,0,0
51049,"Cumberland County, Virginia",VA,9697,56497.0,7.95,3.19,6.93,77.16,0.3532,0.5196,0.7391,0.371,0.4426,12.1,39.4,35.6,26.3,15.9,5.9,19.3,14.0,17.2,9.5,14.5,9.8,55.47490311,19.47060204,8.925209999,20.62394142,0.1790471595,0.6513130965,0,0,0
51051,"Dickenson County, Virginia",VA,14089,40143.0,22.47,3.41,7.05,75.74,0.5717,0.3058,0.0032,0.644,0.4629,12.6,39.0,36.1,31.2,21.3,7.3,21.9,17.1,18.9,10.3,13.9,11.7,0.0,0.0,8.590434074,19.70020294,0.213098451,0.426196903,0,0,0
51053,"Dinwiddie County, Virginia",VA,28057,77225.0,11.05,4.73,2.85,81.43,0.3656,0.1495,0.7502,0.3229,0.3261,11.8,40.1,35.2,26.3,14.7,5.4,18.8,13.2,15.6,8.8,13.8,9.3,26.99767494,8.245257378,3.238179922,10.2752409,0.209146678,0.313720018,0,0,0
51057,"Essex County, Virginia",VA,10602,52335.0,17.11,9.85,5.33,70.81,0.9593,0.6048,0.8438,0.4311,0.8272,13.5,42.5,37.8,28.9,17.4,6.2,20.1,15.0,21.4,11.4,17.5,11.2,44.09673309,16.57725525,3.929780722,10.87543869,0.1790471595,0.731060982,0,0,0
51059,"Fairfax County, Virginia",VA,1145354,145165.0,5.98,4.12,4.61,96.03,0.112,0.2574,0.8775,0.3621,0.2412,9.5,23.8,27.2,18.9,8.0,4.4,12.7,9.8,9.4,5.5,8.3,7.6,18.04464531,1.569408774,0.431504995,0.400908172,0.17030935,0.841119647,0,0,0
51061,"Fauquier County, Virginia",VA,73290,122785.0,5.82,2.33,3.09,90.85,0.0764,0.3802,0.5654,0.0286,0.0732,9.5,32.4,29.4,20.1,11.5,4.9,16.5,11.6,10.4,6.3,9.5,8.7,13.65913391,1.154385567,1.698607922,2.876466274,0.098092794,0.728689313,0,0,0
51063,"Floyd County, Virginia",VA,15532,57146.0,9.43,2.63,5.62,78.39,0.1546,0.0955,0.1696,0.1941,0.0929,9.9,32.5,31.2,23.9,15.5,5.7,18.7,13.4,12.0,7.2,10.2,8.6,27.54180527,9.397867203,3.072001457,7.692754269,0.253533632,0.253533632,0,0,0
51065,"Fluvanna County, Virginia",VA,27442,90766.0,6.06,2.97,2.71,90.01,0.0821,0.027,0.5915,0.1658,0.0582,9.9,38.8,31.5,21.4,12.6,5.1,17.6,12.3,11.8,7.1,10.6,7.7,28.91872215,3.157705545,2.652447701,2.202996731,0.1790471595,0.218802422,0,0,0
51067,"Franklin County, Virginia",VA,54838,66275.0,13.25,2.84,5.46,79.62,0.2275,0.1909,0.3847,0.7028,0.321,11.0,34.9,32.9,25.1,15.7,5.9,19.0,13.8,13.9,8.2,11.7,9.4,19.52885437,7.944708347,3.936254263,9.947061539,0.071216196,0.462905258,0,0,0
51069,"Frederick County, Virginia",VA,92007,92443.0,6.77,4.16,3.6,87.64,0.2179,0.4715,0.5183,0.2135,0.2545,9.6,37.3,30.3,22.9,13.0,5.2,17.4,12.4,12.0,7.0,10.5,9.9,33.68125153,4.974522114,1.473657727,3.128505468,0.098771937,0.515809,0,0,0
51071,"Giles County, Virginia",VA,16711,61987.0,9.66,2.18,5.59,80.94,0.1273,0.099,0.0821,0.3334,0.1037,10.6,36.0,33.0,24.9,16.4,5.8,19.5,13.9,13.2,7.7,10.8,9.1,1.041908264,0.360822439,3.297860861,4.344860554,0.300066024,0.840184867,0,0,0
51073,"Gloucester County, Virginia",VA,38875,83750.0,7.46,3.4,2.42,87.47,0.133,0.0732,0.4683,0.0089,0.0344,9.9,35.4,31.9,22.1,13.6,5.2,18.0,12.8,11.2,6.8,10.1,8.3,5.541168213,1.560725927,1.898854971,5.369119644,0.16017513,0.667396367,0,0,0
51075,"Goochland County, Virginia",VA,24906,105600.0,4.23,2.44,2.67,88.61,0.0041,0.0449,0.5667,0.4009,0.0592,8.7,32.8,30.0,18.9,10.5,4.5,15.9,10.6,8.8,5.6,8.5,6.7,9.192893982,2.37594533,1.992785335,5.351590157,0.1790471595,0.368384421,0,0,0
51077,"Grayson County, Virginia",VA,15356,43348.0,18.69,4.25,5.01,78.27,0.6414,0.6755,0.3446,0.4648,0.5851,13.1,41.2,36.8,31.3,20.5,7.2,20.7,16.5,20.4,11.0,15.2,12.4,18.08909035,9.042187691,5.908693314,12.03631973,0.1790471595,0.6513130965,0,0,0
51079,"Greene County, Virginia",VA,20631,81338.0,11.12,3.83,2.08,90.68,0.1683,0.6096,0.5269,0.1365,0.2199,10.4,37.5,32.4,24.5,14.3,5.5,18.1,13.2,13.3,7.7,11.3,9.5,27.6055584,6.522454739,2.299827576,5.709908485,0.1790471595,0.645770192,0,0,0
51081,"Greensville County, Virginia",VA,11373,51823.0,12.93,6.32,8.63,81.56,0.8883,0.3016,0.9405,0.9847,0.8979,15.6,44.9,42.2,30.9,19.0,6.8,18.9,15.1,25.7,13.5,20.5,13.2,0.68049562,0.25041768,7.559446335,19.21149635,0.1790471595,0.6513130965,0,0,0
51083,"Halifax County, Virginia",VA,34013,49145.0,14.7,3.68,6.44,65.38,0.6977,0.8365,0.7859,0.5749,0.7684,14.3,40.6,38.7,30.9,19.5,6.7,20.6,16.0,23.3,12.4,18.1,11.9,29.68131828,10.34897995,5.77029705,10.29260445,0.208128914,0.683852196,0,0,0
51085,"Hanover County, Virginia",VA,110513,104678.0,5.18,2.94,2.74,90.29,0.0185,0.0735,0.4932,0.0837,0.0274,9.3,32.7,29.8,20.1,11.9,4.8,16.4,11.3,9.6,5.9,8.8,7.1,25.25375366,3.972535849,1.325452805,2.536906242,0.129315913,0.794369221,0,0,0
51087,"Henrico County, Virginia",VA,333120,82424.0,8.42,3.91,5.54,90.66,0.266,0.4677,0.8661,0.2183,0.3414,10.8,32.5,33.3,20.6,11.4,4.9,16.2,11.4,13.0,7.6,11.9,8.0,26.92008591,4.726092815,1.30529201,1.970286369,0.191751108,0.943774998,0,0,0
51089,"Henry County, Virginia",VA,50760,43694.0,16.13,5.23,6.52,71.87,0.7553,0.7614,0.6828,0.6494,0.7757,13.4,42.2,37.5,30.4,18.7,6.6,20.6,16.0,21.2,11.3,16.6,12.1,28.63188744,14.45112896,5.567563534,15.71110916,0.15901728,0.596314788,0,0,0
51091,"Highland County, Virginia",VA,2247,57070.0,10.25,14.66,5.33,74.65,0.3901,0.1368,0.0821,0.0751,0.1352,9.4,33.4,30.2,21.8,14.1,5.3,18.1,12.5,11.0,6.5,9.3,8.1,99.66863251,34.44867706,7.132023335,6.500445366,0.1790471595,0.6513130965,0,0,0
51093,"Isle of Wight County, Virginia",VA,38898,91680.0,9.76,5.47,4.74,83.75,0.2733,0.2784,0.6726,0.1279,0.2243,10.8,36.1,32.9,22.4,13.3,5.2,17.7,12.4,12.9,7.6,11.6,8.3,26.21637917,4.465237141,2.395332575,8.056645393,0.159045726,0.636182904,0,0,0
51095,"James City County, Virginia",VA,78818,100711.0,7.28,3.67,4.21,91.88,0.078,0.5781,0.6249,0.1499,0.1763,9.1,32.5,30.0,19.0,10.3,4.6,16.1,10.9,9.7,6.0,9.2,7.1,46.73205948,8.678845406,1.726035833,3.018751144,0.154615268,0.515384197,0,0,0
51097,"King and Queen County, Virginia",VA,6681,70147.0,19.94,5.68,4.0,71.16,0.6382,0.0239,0.7136,0.0277,0.1973,12.6,40.3,36.7,27.4,16.8,6.2,19.5,14.6,18.0,9.9,14.7,10.3,10.5517807,4.97570467,3.133633375,9.178289413,0.1790471595,0.6513130965,0,0,0
51099,"King George County, Virginia",VA,26985,103264.0,6.93,2.57,1.78,90.09,0.09,0.1397,0.6647,0.0239,0.0528,10.3,35.5,31.5,22.5,12.9,5.2,17.3,12.2,12.2,7.2,10.9,8.6,10.48361397,2.124133825,3.077803373,7.330218792,0.1790471595,0.620868504,0,0,0
51101,"King William County, Virginia",VA,17845,79398.0,8.02,3.97,3.24,75.37,0.1082,0.1874,0.5727,0.0022,0.0334,10.3,34.3,32.5,22.8,13.7,5.3,18.2,12.7,12.2,7.2,10.8,8.2,13.59303379,2.859613419,1.881063104,5.907895088,0.1790471595,0.510175169,0,0,0
51103,"Lancaster County, Virginia",VA,10866,62674.0,14.0,9.35,4.05,73.27,0.7331,0.3907,0.7089,0.1565,0.5075,11.6,36.5,35.5,25.2,14.9,5.8,18.3,13.5,17.0,9.4,14.1,9.4,3.22729516,2.133569002,5.51831913,7.609920979,0.282539099,0.659257889,0,0,0
51105,"Lee County, Virginia",VA,22287,41619.0,25.98,8.09,9.01,62.77,0.9217,0.908,0.2062,0.8374,0.8788,13.6,42.2,37.8,31.8,21.7,7.5,21.4,17.5,20.9,11.4,15.6,12.6,0.003303064,0.00182939,6.931559563,18.68545914,0.21516481,0.344263703,0,0,0
51107,"Loudoun County, Virginia",VA,420773,170463.0,3.75,3.2,3.09,96.49,0.0197,0.3322,0.8524,0.1374,0.1059,8.9,27.3,28.6,18.7,8.0,4.2,13.3,9.6,8.5,5.1,7.4,7.1,16.56297302,0.993953645,0.461383075,0.526730955,0.144281715,0.70958221,0,0,0
51109,"Louisa County, Virginia",VA,38106,76594.0,10.86,6.4,3.54,81.69,0.5049,0.1406,0.5829,0.0885,0.2542,10.9,36.1,33.3,23.7,14.9,5.6,18.4,13.4,13.9,8.1,11.9,9.2,2.30892396,0.544256032,4.352039337,10.35415077,0.104898773,0.340921015,0,0,0
51111,"Lunenburg County, Virginia",VA,11988,54438.0,13.04,3.98,7.73,63.29,0.7661,0.9561,0.7983,0.93,0.9243,14.7,45.8,38.8,31.3,19.3,6.9,20.0,16.1,22.9,12.2,18.2,13.2,0.044145379,0.018501339,4.495221615,13.39688206,0.326078087,0.6513130965,0,0,0
51113,"Madison County, Virginia",VA,13828,74586.0,7.96,3.7,2.95,81.05,0.3398,0.077,0.4518,0.125,0.1594,10.2,37.7,31.9,23.6,14.6,5.4,18.5,13.1,12.7,7.4,10.8,9.1,0.674621522,0.292575687,3.770921707,9.31356144,0.225360572,0.375600964,0,0,0
51115,"Mathews County, Virginia",VA,8537,79054.0,6.84,8.19,0.56,74.27,0.2205,0.307,0.4416,0.0127,0.1002,10.1,35.3,31.5,22.8,14.1,5.4,18.3,13.0,12.0,7.1,10.3,8.3,0.0,0.0,2.958512068,8.25647831,0.1790471595,0.570385575,0,0,0
51117,"Mecklenburg County, Virginia",VA,30367,51265.0,18.77,3.62,7.52,70.56,0.5581,0.8088,0.7798,0.6812,0.7308,13.6,41.5,37.7,28.6,17.2,6.3,19.4,14.9,20.0,11.1,16.5,10.9,21.75298119,9.547304153,5.552348614,9.285799026,0.162977934,0.912676394,0,0,0
51119,"Middlesex County, Virginia",VA,10738,69389.0,9.65,4.57,2.78,77.56,0.3089,0.3115,0.5644,0.3026,0.3042,10.8,38.3,32.6,23.6,14.3,5.6,18.1,13.1,13.4,7.9,11.6,8.6,1.067416072,0.270523906,3.447705507,9.085503578,0.283849001,0.567698002,0,0,0
51121,"Montgomery County, Virginia",VA,99373,65270.0,24.89,3.29,5.46,90.46,0.3621,0.0029,0.4779,0.9017,0.2873,11.0,31.4,33.1,23.1,14.2,5.9,17.7,13.1,12.6,7.6,10.4,8.0,20.21525574,4.403623104,1.861886501,3.690687895,0.111798845,0.792755425,0,0,0
51125,"Nelson County, Virginia",VA,14773,64028.0,13.24,3.24,5.79,78.64,0.3672,0.1699,0.5202,0.2033,0.2536,10.7,35.2,32.7,24.4,14.4,5.6,18.2,13.1,13.6,7.9,11.4,9.1,6.210778713,2.107321501,5.783050537,10.49955082,0.1790471595,0.338868171,0,0,0
51127,"New Kent County, Virginia",VA,23296,113120.0,3.92,3.05,1.46,89.22,0.0115,0.0111,0.574,0.0111,0.0025,9.9,34.4,31.2,20.5,12.1,5.0,16.9,11.6,10.7,6.6,9.8,7.5,0.0,0.0,2.099170685,5.530549049,0.126860619,0.380581856,0,0,0
51131,"Northampton County, Virginia",VA,12132,54693.0,16.74,4.77,10.29,81.85,0.6857,0.6977,0.8272,0.7782,0.79,12.9,40.1,36.3,28.2,15.3,6.0,18.6,14.2,19.2,10.5,15.8,11.1,0.001248741,0.00038784,5.916422844,11.40090656,0.257003337,0.85667783,0,0,0
51133,"Northumberland County, Virginia",VA,12007,64655.0,14.82,4.94,4.25,79.86,0.3805,0.0757,0.6901,0.0935,0.1922,10.8,37.2,33.4,22.8,13.2,5.3,17.5,12.5,14.0,8.0,12.6,8.8,9.327356339,2.097422123,3.42184782,6.140208721,0.248570725,0.248570725,0,0,0
51135,"Nottoway County, Virginia",VA,15638,62366.0,19.1,6.4,7.18,71.56,0.9303,0.5151,0.8438,0.6592,0.8425,14.5,43.4,39.4,29.7,18.2,6.5,19.3,15.1,21.7,11.8,17.7,12.0,40.59609604,21.76883316,6.655909538,23.11339188,0.1790471595,0.659630597,0,0,0
51137,"Orange County, Virginia",VA,36593,87309.0,12.99,4.38,3.86,88.44,0.2459,0.2434,0.5797,0.3172,0.2593,10.2,36.9,32.5,23.3,13.9,5.3,18.2,12.8,12.9,7.5,11.3,9.2,33.78006744,9.951285362,2.769786119,6.657007217,0.079586156,0.769332826,0,0,0
51139,"Page County, Virginia",VA,23753,56760.0,10.04,4.64,6.96,77.5,0.6602,0.3831,0.1753,0.1359,0.363,10.7,34.4,32.8,26.9,17.5,6.0,20.0,14.6,14.3,8.1,11.5,10.2,0.0,0.0,3.059377909,9.697756767,0.20891656,0.752099633,0,0,0
51141,"Patrick County, Virginia",VA,17660,49180.0,11.43,2.25,4.19,75.92,0.2768,0.3557,0.3058,0.2956,0.2558,11.4,39.8,33.2,27.1,17.9,6.5,20.3,15.2,16.0,9.1,12.8,10.8,9.066108704,3.140447855,3.289086342,13.75274944,0.1790471595,0.400160074,0,0,0
51143,"Pittsylvania County, Virginia",VA,60541,52619.0,16.41,5.4,5.21,74.35,0.6777,0.7973,0.6233,0.5126,0.7054,13.0,41.6,37.6,30.6,18.8,6.5,19.9,15.5,19.6,10.6,15.3,11.0,16.50482941,5.924458504,4.408170223,12.96391201,0.116959065,0.317460328,0,0,0
51145,"Powhatan County, Virginia",VA,30503,108089.0,4.54,2.61,1.57,91.83,0.0226,0.008,0.4248,0.0181,0.0022,9.4,35.5,31.3,20.9,12.6,5.1,17.5,12.0,10.1,6.2,9.1,7.7,6.065235138,1.093095899,1.326338887,2.824305534,0.09950909,0.398036361,0,0,0
51147,"Prince Edward County, Virginia",VA,21922,57304.0,18.11,2.38,8.43,75.49,0.5313,0.1801,0.776,0.8552,0.6106,14.3,41.3,38.4,29.3,17.4,6.5,20.0,15.2,21.0,11.5,17.3,10.9,17.76675034,5.127412319,5.919983864,11.59264374,0.1790471595,0.608536899,0,0,0
51149,"Prince George County, Virginia",VA,42634,80318.0,8.28,7.46,2.99,88.45,0.4582,0.0681,0.8549,0.4158,0.3805,12.3,39.7,36.1,25.8,14.7,5.8,17.9,13.2,16.6,9.4,14.6,10.7,33.94532013,6.948160648,3.999563217,5.949532986,0.1790471595,0.413586318,0,0,0
51153,"Prince William County, Virginia",VA,481114,123193.0,6.05,4.67,2.35,96.29,0.3213,0.5813,0.9195,0.2144,0.4117,10.8,33.7,31.9,23.0,10.9,4.7,15.1,11.4,13.2,7.3,11.8,10.7,27.88110924,3.815600157,0.518516541,1.172973514,0.14510034,0.70236975,0,0,0
51155,"Pulaski County, Virginia",VA,33841,59740.0,13.14,3.28,4.67,78.21,0.2304,0.1658,0.2854,0.3465,0.2011,10.8,35.5,32.4,25.8,16.2,6.0,19.4,13.9,13.8,7.9,11.3,9.0,11.18452454,3.903199673,5.35045433,8.168922424,0.117872402,1.031383514,0,0,0
51157,"Rappahannock County, Virginia",VA,7422,98663.0,7.64,6.49,1.59,87.39,0.4515,0.076,0.3824,0.0,0.0573,10.1,35.2,31.8,22.5,14.2,5.6,17.9,13.0,12.0,7.1,10.1,8.6,20.54444313,5.129081249,2.796830893,4.500483513,0.1790471595,0.550964177,0,0,0
51159,"Richmond County, Virginia",VA,8968,62708.0,7.55,4.0,6.28,78.72,0.4566,0.2663,0.776,0.7289,0.5485,12.7,37.4,37.7,28.3,17.8,6.2,18.8,14.5,19.4,10.5,15.8,12.8,3.211323738,2.376060963,5.670992374,13.90278339,0.1790471595,0.6513130965,0,0,0
51161,"Roanoke County, Virginia",VA,96653,80872.0,7.08,2.59,4.53,88.1,0.0681,0.3134,0.4537,0.2339,0.1333,9.5,34.4,30.4,21.1,12.3,5.1,17.4,12.1,10.7,6.4,9.6,7.5,22.17984581,3.397937298,1.436983228,2.344753504,0.137553036,0.634860158,0,0,0
51163,"Rockbridge County, Virginia",VA,22673,61903.0,8.89,3.93,4.41,84.03,0.1753,0.1947,0.265,0.153,0.125,10.1,34.3,32.0,23.4,14.6,5.7,18.5,13.4,11.9,7.2,10.1,8.3,19.9757576,7.295140743,2.712686062,8.79821682,0.175770089,0.527310252,0,0,0
51165,"Rockingham County, Virginia",VA,83905,73232.0,8.75,2.8,4.48,83.83,0.2339,0.2733,0.3888,0.3808,0.2526,10.1,33.5,31.7,24.6,14.5,5.6,18.4,13.4,12.8,7.4,10.8,10.2,9.882813454,2.778304577,4.856786251,5.172039509,0.121438809,0.364316434,0,0,0
51167,"Russell County, Virginia",VA,25763,44088.0,19.32,5.89,6.61,65.87,0.6023,0.2339,0.0169,0.3242,0.3468,11.8,39.3,35.1,28.8,19.5,6.7,21.0,16.2,17.3,9.4,12.8,10.7,1.665097594,0.98353225,5.109109402,15.26183987,0.1790471595,0.637970507,0,0,0
51169,"Scott County, Virginia",VA,21536,44535.0,17.0,3.41,8.46,72.13,0.4865,0.301,0.0169,0.7827,0.4712,12.1,38.3,35.2,28.7,19.4,6.8,21.0,15.9,16.8,9.5,12.8,10.8,15.53896046,5.701965332,6.01140976,14.08788776,0.231171116,0.647279143,0,0,0
51171,"Shenandoah County, Virginia",VA,44337,62149.0,12.56,4.15,4.98,82.48,0.469,0.7992,0.4146,0.1476,0.4298,11.0,36.3,32.1,26.9,16.4,6.0,19.3,14.2,15.0,8.5,12.4,11.1,9.071727753,3.198842049,3.379760265,6.059331417,0.136658698,0.546634793,0,0,0
51173,"Smyth County, Virginia",VA,29799,45061.0,18.8,3.26,7.98,77.91,0.5542,0.8931,0.1152,0.7671,0.6841,11.8,38.0,34.0,28.4,18.8,6.7,20.8,15.9,16.8,9.4,12.8,10.5,3.804728031,1.149394035,6.555631638,13.79684448,0.166168168,0.598205388,0,0,0
51175,"Southampton County, Virginia",VA,18003,67813.0,8.36,5.48,5.0,81.83,0.3942,0.287,0.7693,0.4184,0.4279,12.1,37.9,35.8,25.1,15.2,5.7,18.7,13.3,16.0,9.0,14.0,9.4,21.76313782,5.09804821,7.131836414,15.93507481,0.170106605,0.170106605,0,0,0
51177,"Spotsylvania County, Virginia",VA,141097,105068.0,7.35,5.65,3.09,94.09,0.3303,0.2994,0.7261,0.1336,0.2654,11.1,40.0,33.6,23.9,12.7,5.1,17.1,12.4,13.4,7.5,11.8,9.8,25.46867752,4.979304314,1.630305648,4.14508009,0.158903286,0.657281756,0,0,0
51179,"Stafford County, Virginia",VA,157606,128036.0,5.38,3.94,1.92,96.02,0.0904,0.4734,0.8212,0.2794,0.2428,10.2,35.2,30.7,22.0,10.8,4.8,15.9,11.5,11.7,6.9,10.9,9.1,33.40258026,4.326648712,0.880318046,2.231350422,0.089315332,0.567790329,0,0,0
51181,"Surry County, Virginia",VA,6546,68655.0,13.35,6.03,5.25,74.13,0.5119,0.4031,0.8447,0.1995,0.448,12.4,39.5,36.5,26.5,14.9,5.7,18.5,13.5,17.2,9.6,14.7,9.3,29.97586441,7.827674866,7.065672874,13.99619293,0.1790471595,0.6513130965,0,0,0
51183,"Sussex County, Virginia",VA,10866,59195.0,12.74,4.97,10.33,79.04,0.7012,0.2144,0.9201,0.8871,0.7385,14.4,45.7,40.6,29.9,17.6,6.3,18.6,14.3,22.4,12.0,18.6,11.8,53.47195053,13.79564667,6.605617046,13.37051392,0.1790471595,0.640732288,0,0,0
51185,"Tazewell County, Virginia",VA,40392,46508.0,18.15,5.69,7.59,83.89,0.6417,0.5619,0.1409,0.665,0.5883,12.4,40.5,36.3,28.9,18.8,6.8,20.8,16.0,17.3,9.6,13.3,10.6,19.32086182,8.283009529,5.656191826,12.27998543,0.172715828,0.764884412,0,0,0
51187,"Warren County, Virginia",VA,40800,79313.0,11.96,5.65,5.47,90.52,0.6061,0.2704,0.4683,0.4792,0.496,10.7,37.7,32.2,24.7,15.0,5.8,18.6,13.7,13.4,7.8,11.6,10.0,20.9167366,5.405418873,3.553337097,7.088455677,0.148239657,0.667078435,0,0,0
51191,"Washington County, Virginia",VA,53985,59116.0,12.01,4.16,4.42,79.65,0.3124,0.3147,0.0579,0.3904,0.2549,10.3,38.4,32.4,24.7,15.5,5.8,18.7,13.6,12.2,7.4,10.1,8.6,6.955316544,1.497676611,2.800112009,7.962483883,0.204860792,0.633206069,0,0,0
51193,"Westmoreland County, Virginia",VA,18480,56647.0,16.04,9.11,6.09,79.67,0.9281,0.903,0.7537,0.2638,0.8193,13.2,41.2,35.9,30.2,17.9,6.5,19.7,15.3,20.9,11.2,16.5,12.2,0.0,0.0,3.774261951,9.040423393,0.275497258,0.165298358,0,0,0
51195,"Wise County, Virginia",VA,36105,47541.0,19.91,9.13,9.74,73.39,0.8756,0.5387,0.2587,0.8937,0.8046,12.7,43.5,37.4,30.2,19.9,6.9,21.1,16.1,18.4,10.1,13.9,11.2,19.03618622,8.534807205,6.125280857,13.15889263,0.215019077,0.752566814,0,0,0
51197,"Wythe County, Virginia",VA,28275,53921.0,17.21,5.17,8.4,80.76,0.3812,0.72,0.1339,0.3983,0.4139,11.0,38.4,33.4,26.1,17.0,6.2,20.0,14.6,14.2,8.3,11.5,9.2,10.62136841,4.438617706,3.575340748,8.548366547,0.244584203,0.803633809,0,0,0
51199,"York County, Virginia",VA,70238,105154.0,4.74,4.22,3.93,92.4,0.0633,0.5269,0.6911,0.1384,0.1543,9.4,31.5,29.5,18.3,10.1,4.6,15.5,10.6,9.5,5.9,9.0,7.0,34.39617538,2.844307899,0.85642606,1.670657039,0.130059689,0.953770995,0,0,0
51510,"Alexandria city, Virginia",VA,157594,113179.0,8.82,3.22,11.01,93.67,0.2345,0.0242,0.8651,0.7442,0.3178,9.8,31.2,30.1,19.4,8.6,4.5,14.4,10.4,10.4,6.2,9.5,7.8,0.0,0.0,0.0,0.0,0.264606923,0.781220496,0,0,0
51520,"Bristol city, Virginia",VA,17036,45250.0,16.95,4.14,10.29,75.31,0.8088,0.8381,0.3888,0.5902,0.7696,11.8,39.3,34.8,27.6,17.8,6.4,20.1,15.2,16.7,9.4,13.0,10.0,25.33490372,13.84069824,2.702777147,6.56233263,0.288533658,2.019735813,0,0,0
51530,"Buena Vista city, Virginia",VA,6639,48783.0,21.94,1.33,4.97,83.77,0.6332,0.3732,0.3961,0.4053,0.4983,11.9,39.0,34.5,27.5,17.8,6.4,20.3,15.4,16.4,9.3,12.9,10.3,95.90496826,49.94021606,3.941096067,12.899086,0.1790471595,0.781005919,0,0,0
51540,"Charlottesville city, Virginia",VA,46289,67177.0,23.6,5.11,11.75,88.57,0.6513,0.0334,0.72,0.8562,0.5727,11.5,35.2,33.0,23.1,12.3,5.5,16.8,12.4,13.0,7.8,11.0,7.7,8.132328033,3.987244129,0.634612739,0.60652703,0.468583614,1.640042543,0,0,0
51550,"Chesapeake city, Virginia",VA,249377,92703.0,7.64,5.01,4.44,92.54,0.3153,0.6125,0.8291,0.2475,0.4149,11.6,39.6,34.2,22.2,12.4,5.1,17.0,12.2,13.8,8.0,12.3,8.5,24.13552284,4.893881798,1.181427956,2.208885908,0.129548892,0.870406568,0,0,0
51570,"Colonial Heights city, Virginia",VA,18158,72216.0,10.23,6.11,6.58,85.04,0.4782,0.9443,0.678,0.1912,0.5651,10.5,37.7,32.5,24.0,13.1,5.1,17.7,12.5,13.5,7.8,12.0,9.0,22.69415474,5.186122417,1.209783435,1.570994377,0.232490554,2.266782999,0,0,0
51580,"Covington city, Virginia",VA,5722,45737.0,16.92,2.56,8.51,80.98,0.4073,0.468,0.5237,0.1352,0.3128,13.4,40.7,36.8,31.1,20.5,6.8,21.4,16.5,20.8,11.2,15.8,11.6,24.64291763,10.83056164,2.238478661,4.336533546,0.1790471595,1.418691278,0,0,0
51590,"Danville city, Virginia",VA,42507,41484.0,25.3,5.79,13.92,74.6,0.9322,0.9765,0.9176,0.8979,0.9796,16.6,42.3,42.6,34.0,20.0,6.9,20.8,16.5,29.1,15.2,22.7,12.9,13.44553947,7.079543591,1.734236479,3.397385597,0.426396459,1.730667949,0,0,0
51595,"Emporia city, Virginia",VA,5680,41442.0,17.32,6.98,16.04,81.87,0.9071,0.994,0.9784,0.4228,0.9233,16.6,44.9,42.1,34.7,19.3,6.7,20.7,16.3,30.3,15.5,24.3,14.0,3.358989477,1.761196852,0.466960341,0.791718602,0.570667684,1.902225614,0,0,0
51600,"Fairfax city, Virginia",VA,24242,128708.0,10.0,3.68,6.16,96.4,0.1413,0.1117,0.8508,0.8113,0.3551,10.2,31.6,29.5,20.4,9.2,4.6,14.2,10.5,10.6,6.1,8.9,8.5,10.74999046,1.589652538,0.212788641,0.264047801,0.725596488,3.32920742,0,0,0
51610,"Falls Church city, Virginia",VA,14576,164536.0,2.33,6.0,5.68,96.69,0.055,0.4047,0.678,0.4486,0.2189,7.8,28.6,26.5,15.3,6.7,3.8,13.0,8.7,5.9,4.1,5.9,5.2,0.0,0.0,0.0,0.0,0.683480263,2.050440788,0,0,0
51620,"Franklin city, Virginia",VA,8194,57537.0,18.75,5.27,10.87,85.16,0.7241,0.7165,0.9303,0.6745,0.7938,15.1,44.2,40.3,31.2,17.5,6.3,20.1,15.3,25.2,13.4,20.4,11.1,63.49986267,27.43230438,5.627533913,12.39186668,0.1790471595,1.531980038,0,0,0
51630,"Fredericksburg city, Virginia",VA,28258,83445.0,18.03,5.18,9.24,90.42,0.5851,0.3624,0.8101,0.9675,0.7636,11.6,41.5,33.5,24.2,12.8,5.4,17.3,12.9,14.4,8.3,12.7,9.0,16.09605026,3.791872978,1.267284751,2.095112324,0.305167496,1.627560019,0,0,0
51640,"Galax city, Virginia",VA,6687,44612.0,22.42,4.38,9.7,83.5,0.9249,0.9478,0.6561,0.8928,0.9532,13.9,39.4,36.6,31.8,19.5,7.0,20.9,17.0,21.8,11.6,16.5,13.8,7.681509018,3.783243418,0.55624783,1.334620714,0.476493001,2.223634005,0,0,0
51650,"Hampton city, Virginia",VA,137217,64430.0,13.46,6.54,7.56,88.92,0.6277,0.58,0.937,0.7464,0.748,13.8,40.9,38.1,26.1,14.6,5.7,18.6,13.5,20.1,11.0,17.3,9.8,24.95180511,7.005272388,1.699405193,2.147330761,0.184550881,0.907990336,0,0,0
51660,"Harrisonburg city, Virginia",VA,51784,56050.0,27.23,6.75,7.22,81.91,0.9666,0.1234,0.7378,0.9504,0.8648,13.9,39.1,35.5,29.6,16.3,6.7,18.7,15.5,20.4,10.9,16.1,14.3,3.933934927,1.474157453,0.369069874,0.774446368,0.338320434,1.334486127,0,0,0
51670,"Hopewell city, Virginia",VA,23046,50661.0,21.32,8.76,8.99,86.03,0.9138,0.8435,0.9074,0.6001,0.8801,16.1,45.9,41.1,34.9,20.5,7.1,21.4,17.0,29.4,15.2,22.9,13.8,38.00653839,14.44190693,1.867307663,7.893734455,0.268156439,0.849161983,0,0,0
51678,"Lexington city, Virginia",VA,7346,93651.0,16.63,2.47,11.05,85.89,0.0789,0.0,0.5119,0.5912,0.0474,10.5,35.7,32.3,22.8,13.2,5.3,17.7,12.6,12.1,7.2,10.6,8.3,5.888015747,1.672978044,0.224989429,0.597937524,0.1790471595,1.37381506,0,0,0
51680,"Lynchburg city, Virginia",VA,79166,56243.0,17.53,5.42,10.6,90.46,0.6917,0.1429,0.7684,0.9122,0.7066,12.5,40.4,36.5,25.3,14.9,5.8,18.6,13.8,17.2,9.6,14.4,9.1,20.06486702,8.028476715,2.691538095,3.056195021,0.147129148,1.177033186,0,0,0
51683,"Manassas city, Virginia",VA,42620,110559.0,4.74,3.32,3.68,95.66,0.5173,0.3137,0.931,0.3093,0.4884,11.8,35.3,30.9,26.4,11.7,5.1,15.7,12.7,16.1,8.4,13.9,15.5,11.16734314,1.813762784,0.509003878,0.523336947,0.391494781,1.443637013,0,0,0
51685,"Manassas Park city, Virginia",VA,17123,91673.0,5.06,3.16,4.75,95.02,0.7588,0.3261,0.9593,0.4295,0.6532,13.9,38.0,33.6,31.0,13.5,5.7,16.5,14.0,20.7,10.2,16.7,18.1,40.51449966,10.17228889,1.435927391,2.825737953,0.1790471595,0.333259284,0,0,0
51690,"Martinsville city, Virginia",VA,13539,39127.0,24.58,4.26,13.22,78.86,0.8661,0.9882,0.9065,0.6414,0.9297,15.9,44.7,40.8,32.9,19.3,7.0,20.6,16.5,27.5,14.5,21.6,12.8,29.31863022,14.19756985,3.462265015,7.091518402,0.404694468,1.618777871,0,0,0
51700,"Newport News city, Virginia",VA,185118,63355.0,14.67,5.61,9.68,85.31,0.6739,0.686,0.9154,0.9179,0.8406,13.3,41.5,37.6,28.3,14.7,5.7,18.1,13.6,19.1,10.3,16.2,10.3,23.23500252,7.143896103,1.309076548,2.27507925,0.184293702,0.949391842,0,0,0
51710,"Norfolk city, Virginia",VA,236973,60998.0,16.86,6.71,11.76,86.26,0.8451,0.4203,0.9084,0.9246,0.8594,13.6,41.6,38.5,27.1,14.6,5.8,18.2,13.7,19.2,10.8,16.1,10.6,20.57997322,8.140944481,2.003714323,2.742943048,0.172979742,1.037878394,0,0,0
51720,"Norton city, Virginia",VA,3668,36974.0,29.11,7.33,8.1,72.86,0.8549,0.6328,0.0757,0.8307,0.769,13.1,40.7,36.7,30.2,20.1,6.9,21.2,16.4,19.2,10.7,14.4,10.6,39.62071228,18.06556702,3.579640865,13.12881756,0.1790471595,3.011292458,0,0,0
51730,"Petersburg city, Virginia",VA,33261,46930.0,22.21,11.34,16.47,80.46,0.9701,0.9389,0.9885,0.79,0.9733,17.0,46.6,43.4,33.2,17.3,6.3,20.4,15.4,29.5,15.3,23.9,12.0,46.80134583,26.76273727,12.58586979,14.72092628,0.394140452,1.280956507,0,0,0
51735,"Poquoson city, Virginia",VA,12479,114503.0,4.5,1.42,1.65,92.76,0.001,0.2386,0.3016,0.0048,0.0038,8.8,32.9,29.4,19.1,11.3,4.8,16.5,11.2,8.6,5.6,7.9,6.7,64.98569489,7.853803635,2.59969902,0.877374589,0.1790471595,0.734274268,0,0,0
51740,"Portsmouth city, Virginia",VA,97384,57154.0,17.36,6.64,11.42,86.48,0.804,0.6039,0.937,0.7766,0.8355,14.9,41.0,39.3,29.7,16.7,6.1,19.7,14.4,22.9,12.3,19.0,10.9,23.09831047,5.895750523,1.655787826,2.729656696,0.157738656,0.925400138,0,0,0
51750,"Radford city, Virginia",VA,16379,51039.0,33.79,7.2,4.59,87.87,0.735,0.0032,0.4779,0.5243,0.3408,13.7,40.5,37.5,29.0,18.5,7.2,20.7,16.1,19.0,10.9,14.7,9.7,43.2937851,16.39390182,5.723217487,6.606860638,0.164338544,0.438236088,0,0,0
51760,"Richmond city, Virginia",VA,227171,59606.0,19.47,6.08,14.16,83.05,0.8575,0.3016,0.9109,0.8823,0.8333,13.5,38.3,37.6,25.9,14.6,5.8,17.8,13.2,18.3,10.2,15.6,9.8,21.08768845,6.519430637,2.754415751,2.628708124,0.232532099,0.826780796,0,0,0
51770,"Roanoke city, Virginia",VA,99213,51523.0,19.11,6.57,11.16,82.5,0.8718,0.6624,0.8088,0.7639,0.8521,13.2,41.9,36.1,28.9,16.7,6.2,19.1,14.5,19.7,10.7,15.8,10.9,18.69620895,7.275857925,2.22587347,3.274665833,0.262472481,0.888368428,0,0,0
51775,"Salem city, Virginia",VA,25372,68402.0,9.62,3.54,5.77,86.81,0.2253,0.083,0.4613,0.8046,0.3248,10.4,36.2,31.9,23.2,13.9,5.4,18.2,12.9,12.4,7.3,10.6,8.2,23.40510941,4.759043217,1.624767542,1.365317464,0.157853201,1.381215453,0,0,0
51790,"Staunton city, Virginia",VA,25581,59731.0,11.44,5.06,8.82,81.39,0.5262,0.468,0.5317,0.748,0.6048,10.7,36.6,32.4,23.8,13.9,5.5,18.5,13.2,13.1,7.8,11.2,8.3,2.200998545,0.822499216,0.411643803,0.37137118,0.317586333,1.071853876,0,0,0
51800,"Suffolk city, Virginia",VA,94856,87758.0,9.43,6.31,5.97,86.81,0.4715,0.4553,0.882,0.2806,0.4788,12.1,42.0,36.4,25.2,13.1,5.2,17.6,12.6,16.2,9.1,14.5,8.8,22.4253273,3.872144699,2.094740152,4.904631138,0.170370445,0.734722555,0,0,0
51810,"Virginia Beach city, Virginia",VA,457900,87544.0,8.03,4.25,4.32,93.63,0.2743,0.3465,0.7843,0.2377,0.307,11.2,36.6,33.1,21.7,12.0,5.0,16.8,11.7,12.5,7.3,11.2,8.3,17.53014565,2.55270052,0.504955351,0.546265364,0.192805901,1.030514359,0,0,0
51820,"Waynesboro city, Virginia",VA,22341,52519.0,16.14,4.73,7.83,85.9,0.7735,0.9042,0.6332,0.4069,0.7601,11.4,38.6,33.8,26.3,15.4,5.8,18.8,14.0,15.7,8.8,13.0,10.5,16.6137619,7.953734875,1.600040197,3.721455336,0.307814091,1.275229812,0,0,0
51830,"Williamsburg city, Virginia",VA,15486,66815.0,13.65,6.02,7.09,89.31,0.4846,0.0188,0.6962,0.6398,0.3802,11.3,37.2,33.8,23.5,13.1,5.5,17.8,12.9,13.7,8.1,12.2,8.5,19.47547722,5.641509533,1.710561275,1.251052022,0.262140363,1.57284224,0,0,0
51840,"Winchester city, Virginia",VA,28103,62495.0,16.85,5.22,9.96,82.54,0.8689,0.791,0.7366,0.9135,0.9033,12.9,38.3,35.1,28.5,16.3,6.4,18.9,14.9,18.9,10.2,15.0,13.1,25.41367149,4.364808559,1.874633908,1.119437695,0.252707571,1.94945848,0,0,0
53001,"Adams County, Washington",WA,20557,63105.0,20.93,6.3,7.36,85.06,0.9835,0.7467,0.9526,0.9621,0.98,13.1,38.3,32.2,30.1,14.5,6.6,18.3,16.8,15.8,8.7,12.9,24.2,41.71207047,23.22869492,2.398581743,9.345244408,0.349528134,0.449393332,0,0,0
53003,"Asotin County, Washington",WA,22370,63724.0,16.09,5.88,3.27,88.79,0.5743,0.5807,0.3535,0.1826,0.4283,9.3,35.5,29.6,19.5,13.9,5.4,19.6,13.6,15.8,8.7,12.9,8.7,13.83821106,4.613283634,0.478939295,2.297779799,0.131463632,0.438212097,0,0,0
53005,"Benton County, Washington",WA,207560,83778.0,10.53,4.81,5.07,90.4,0.4232,0.8441,0.6993,0.6157,0.6405,9.4,36.3,26.9,20.1,10.5,5.1,16.7,13.0,15.8,8.7,12.9,10.8,22.83778381,5.228077888,0.713951826,3.387243986,0.111420073,0.620076954,0,0,0
53007,"Chelan County, Washington",WA,79076,71876.0,9.22,3.44,5.29,88.05,0.5068,0.9542,0.7098,0.8129,0.7999,8.7,29.4,27.3,19.5,11.7,5.1,17.5,12.8,15.8,8.7,12.9,12.2,18.05933189,4.596280575,1.440092683,3.097808361,0.257818341,0.709000409,0,0,0
53009,"Clallam County, Washington",WA,77333,66108.0,10.88,5.44,6.25,90.67,0.4753,0.6128,0.5161,0.6799,0.5861,8.2,31.3,28.6,17.9,12.7,5.1,18.3,13.2,15.8,8.7,12.9,8.1,38.20762253,12.60049057,2.489311457,7.661680222,0.19214265,0.486761361,0,0,0
53011,"Clark County, Washington",WA,504091,90115.0,8.87,5.2,4.75,93.4,0.3264,0.5037,0.6013,0.448,0.4257,8.4,35.0,28.2,19.1,11.0,4.8,19.0,12.5,15.8,8.7,12.9,8.2,21.72234726,3.612978458,0.679947317,2.979736328,0.126795009,0.515230477,0,0,0
53013,"Columbia County, Washington",WA,3980,68825.0,9.31,3.53,4.05,76.66,0.2549,0.9275,0.5005,0.1063,0.3576,8.7,32.7,27.8,18.5,12.6,5.2,18.6,13.2,15.8,8.7,12.9,8.7,49.13434219,14.22723961,3.529225349,6.291402817,0.1790471595,0.6513130965,0,0,0
53015,"Cowlitz County, Washington",WA,110621,70912.0,12.14,5.5,6.25,88.57,0.5288,0.8514,0.504,0.7426,0.7124,9.3,40.3,30.4,21.3,13.7,5.6,20.2,14.5,15.8,8.7,12.9,9.5,25.32548714,8.871629715,1.464048624,8.642857552,0.134684965,0.610571861,0,0,0
53017,"Douglas County, Washington",WA,43189,79422.0,7.91,4.26,4.49,86.33,0.4909,0.9911,0.7668,0.6939,0.8116,9.5,36.1,28.7,22.3,12.0,5.3,17.5,13.9,15.8,8.7,12.9,14.5,55.45383453,14.92858219,2.44250679,6.829113483,0.206611574,0.275482088,0,0,0
53019,"Ferry County, Washington",WA,7260,50424.0,15.53,7.55,6.18,75.8,0.6443,0.5905,0.6481,0.749,0.7159,10.4,40.0,30.7,22.4,16.7,6.3,20.8,15.6,15.8,8.7,12.9,9.4,48.59365082,24.53540993,3.294197083,16.92142487,0.644412935,0.6513130965,0,0,0
53021,"Franklin County, Washington",WA,96692,77877.0,13.42,5.74,4.29,92.45,0.8909,0.8715,0.9243,0.7833,0.9147,11.3,35.4,29.1,25.5,12.2,5.8,17.4,15.2,15.8,8.7,12.9,19.4,31.59661293,8.878585815,0.862358868,6.008411407,0.206026271,0.453257799,0,0,0
53023,"Garfield County, Washington",WA,2310,57958.0,11.14,6.47,1.19,82.85,0.1702,0.6007,0.328,0.2685,0.2456,8.3,30.9,29.0,17.9,11.9,5.0,18.0,12.5,15.8,8.7,12.9,7.7,12.40265656,3.535268307,0.752508759,3.641707897,0.1790471595,0.6513130965,0,0,0
53025,"Grant County, Washington",WA,99145,66387.0,14.26,5.37,4.73,88.46,0.8323,0.889,0.8657,0.9271,0.931,10.8,39.2,31.1,25.2,13.0,5.9,18.2,14.7,15.8,8.7,12.9,17.6,25.81655502,10.64602375,1.564117432,8.691907883,0.311943412,0.533322573,0,0,0
53027,"Grays Harbor County, Washington",WA,75672,59105.0,14.9,6.37,5.47,87.67,0.6694,0.8409,0.5654,0.8988,0.8215,10.5,36.8,32.4,22.2,15.4,5.9,20.5,14.5,15.8,8.7,12.9,10.5,16.68270302,5.421983242,2.272681236,9.296209335,0.381830156,0.605661631,0,0,0
53029,"Island County, Washington",WA,86510,82850.0,6.84,5.48,3.15,93.81,0.2498,0.322,0.5679,0.3945,0.3032,7.7,31.8,27.8,14.7,10.2,4.7,16.8,11.6,15.8,8.7,12.9,7.3,11.43897247,5.140560627,1.539442182,5.160191059,0.162764207,0.360406458,0,0,0
53031,"Jefferson County, Washington",WA,33006,64796.0,13.83,8.45,4.62,90.19,0.4063,0.2946,0.4085,0.3974,0.3643,8.0,29.1,27.5,14.7,10.5,4.9,17.4,12.0,15.8,8.7,12.9,6.6,19.20015144,6.696546078,1.622654676,5.960479259,0.366972476,0.550458729,0,0,0
53033,"King County, Washington",WA,2254371,116340.0,8.45,4.51,10.86,94.17,0.1938,0.0496,0.8199,0.8816,0.3761,7.2,22.4,26.2,13.8,7.1,4.0,14.7,9.6,15.8,8.7,12.9,6.8,16.72978783,2.456249952,0.573193491,1.190239668,0.218087643,0.761547983,0,0,0
53035,"Kitsap County, Washington",WA,275411,93675.0,8.27,4.66,4.33,94.44,0.195,0.2514,0.6128,0.6236,0.3334,8.3,32.0,29.5,16.0,10.7,4.7,17.0,11.8,15.8,8.7,12.9,7.1,40.67807388,7.841842175,1.470805645,4.890318871,0.157632142,0.579206467,0,0,0
53037,"Kittitas County, Washington",WA,44424,66800.0,14.49,5.92,3.36,89.02,0.5132,0.013,0.5202,0.6265,0.3366,8.9,36.3,28.5,19.4,12.2,5.3,18.5,13.3,15.8,8.7,12.9,8.5,23.45401955,9.717904091,1.380540848,5.93259716,0.182911962,0.833265603,0,0,0
53039,"Klickitat County, Washington",WA,22798,66581.0,13.77,6.93,5.23,86.9,0.6389,0.7178,0.525,0.4995,0.6414,8.7,32.7,26.8,18.8,12.4,5.4,18.3,13.2,15.8,8.7,12.9,9.8,11.79727173,4.86108923,1.50893271,11.05906582,0.308410794,0.308410794,0,0,0
53041,"Lewis County, Washington",WA,82663,67247.0,12.28,6.31,4.6,86.36,0.608,0.7887,0.5081,0.6739,0.7028,9.6,38.8,30.6,21.0,14.7,5.4,19.4,14.7,15.8,8.7,12.9,9.9,16.1608429,6.364832878,2.633799553,11.44237423,0.267936528,0.596767724,0,0,0
53043,"Lincoln County, Washington",WA,11036,68172.0,11.64,5.33,2.76,84.66,0.1489,0.6131,0.3058,0.2132,0.2113,8.3,37.8,28.3,18.5,12.3,5.3,18.4,12.9,15.8,8.7,12.9,7.8,39.40112686,12.13566589,1.26288712,8.127923965,0.450856626,0.450856626,0,0,0
53045,"Mason County, Washington",WA,66053,74388.0,12.95,6.2,3.94,90.48,0.4776,0.7162,0.5679,0.525,0.573,9.2,35.8,29.7,19.8,13.3,5.4,19.0,14.0,15.8,8.7,12.9,9.7,13.19314575,6.040613174,1.946406007,13.49602318,0.131918386,0.425070345,0,0,0
53047,"Okanogan County, Washington",WA,42336,58218.0,18.85,5.84,4.13,84.58,0.8836,0.9889,0.7502,0.7595,0.9453,10.4,32.7,30.9,23.3,15.8,6.2,19.2,15.0,15.8,8.7,12.9,13.1,13.62959862,5.380988598,1.670351267,10.72919846,0.469263256,0.492726415,0,0,0
53049,"Pacific County, Washington",WA,23396,58889.0,13.17,4.28,7.49,89.04,0.3923,0.9096,0.5371,0.8221,0.7038,9.9,36.4,30.5,19.6,13.8,5.5,19.6,13.7,15.8,8.7,12.9,9.5,11.50458336,3.922966003,3.799746275,13.31235981,0.565610886,0.522102356,0,0,0
53051,"Pend Oreille County, Washington",WA,13570,59353.0,12.93,6.13,3.09,81.54,0.447,0.4235,0.4314,0.4279,0.4314,9.3,38.6,29.3,20.8,14.0,5.7,19.7,14.4,15.8,8.7,12.9,8.5,25.75310135,10.06691551,3.143720388,13.15117168,0.494909495,0.212104067,0,0,0
53053,"Pierce County, Washington",WA,918993,91486.0,8.66,4.98,5.0,92.87,0.3452,0.4744,0.7391,0.735,0.5434,9.9,36.8,30.8,18.7,11.6,4.9,18.5,13.3,15.8,8.7,12.9,8.7,33.70619202,7.324622631,1.159683108,4.100186825,0.175075769,0.594163418,0,0,0
53055,"San Juan County, Washington",WA,18001,76745.0,10.99,3.17,4.62,91.43,0.2424,0.092,0.3723,0.2179,0.1527,7.0,24.8,25.6,13.6,9.5,4.6,16.3,10.9,15.8,8.7,12.9,6.7,0.0,0.0,2.439385176,3.385884523,0.686027884,0.628858924,0,0,0
53057,"Skagit County, Washington",WA,129480,82029.0,11.98,5.08,3.93,92.08,0.4642,0.7426,0.6402,0.5619,0.5982,8.5,33.2,27.4,18.3,11.7,5.0,17.4,13.1,15.8,8.7,12.9,10.4,28.3899498,6.753072262,1.570308208,6.688587666,0.191147581,0.604026318,0,0,0
53059,"Skamania County, Washington",WA,12118,84500.0,8.63,5.23,4.61,84.25,0.2619,0.1432,0.5011,0.3252,0.2345,8.2,32.3,28.4,17.5,12.2,5.1,18.5,12.7,15.8,8.7,12.9,7.9,4.231248379,1.019256234,2.536859751,7.319311142,0.1790471595,0.330387384,0,0,0
53061,"Snohomish County, Washington",WA,828337,104083.0,7.6,4.41,4.62,93.52,0.2428,0.1919,0.7178,0.5832,0.3557,8.3,30.1,27.6,17.4,9.8,4.5,16.2,11.6,15.8,8.7,12.9,7.8,23.52873802,3.231830597,0.856527925,2.353826046,0.183045864,0.651498735,0,0,0
53063,"Spokane County, Washington",WA,538711,70394.0,12.31,5.78,7.25,90.92,0.4181,0.419,0.4871,0.8457,0.5638,9.1,34.8,28.5,18.7,12.0,5.1,18.2,12.6,15.8,8.7,12.9,7.4,16.69023132,4.535551071,0.831362963,3.2577281,0.151450619,0.675848365,0,0,0
53065,"Stevens County, Washington",WA,46774,62381.0,13.3,5.26,3.76,83.41,0.4613,0.5873,0.4248,0.4018,0.4652,9.1,34.1,29.3,19.6,14.5,5.9,18.5,14.1,15.8,8.7,12.9,8.7,35.98493958,12.50325966,2.439261675,11.71429729,0.215703189,0.496117353,0,0,0
53067,"Thurston County, Washington",WA,294272,88895.0,9.35,5.49,4.64,92.59,0.3026,0.3443,0.6424,0.5024,0.3939,8.9,31.1,30.8,16.4,10.3,4.8,17.9,12.7,15.8,8.7,12.9,7.4,33.40628433,6.91149807,1.354198694,5.471460819,0.170025229,0.564483762,0,0,0
53069,"Wahkiakum County, Washington",WA,4476,59167.0,13.73,3.18,3.43,86.13,0.3538,0.1514,0.4839,0.1301,0.2039,9.7,39.4,31.0,19.0,14.3,5.9,19.6,14.3,15.8,8.7,12.9,8.9,15.15879917,4.425239563,1.211878896,14.74435997,0.1790471595,0.6513130965,0,0,0
53071,"Walla Walla County, Washington",WA,62150,66635.0,11.09,5.83,6.21,88.66,0.6755,0.7416,0.6634,0.8858,0.8078,9.2,35.4,28.4,19.0,11.9,5.2,17.7,13.7,15.8,8.7,12.9,11.2,23.70208931,5.370528698,1.179844379,3.404671192,0.244730145,0.522090971,0,0,0
53073,"Whatcom County, Washington",WA,226523,77581.0,12.87,4.87,6.08,91.55,0.4203,0.1104,0.5778,0.8667,0.5002,7.9,27.3,26.4,16.5,11.6,4.9,18.5,12.6,15.8,8.7,12.9,8.0,27.73410988,7.143026829,2.189052343,6.83880949,0.164490774,0.558402896,0,0,0
53075,"Whitman County, Washington",WA,47141,49345.0,23.86,6.71,8.98,84.89,0.6239,0.0099,0.5953,0.9154,0.5186,9.9,32.9,30.3,18.9,12.7,5.8,19.0,14.0,15.8,8.7,12.9,8.1,28.51563644,10.32486248,2.218584061,4.040122509,0.161616161,0.525252521,0,0,0
53077,"Yakima County, Washington",WA,256143,64910.0,15.53,7.24,5.26,87.52,0.9698,0.8976,0.9154,0.8317,0.9647,12.1,40.2,31.2,27.7,13.2,5.9,18.2,15.2,15.8,8.7,12.9,19.0,14.92663097,5.473712921,1.058301091,6.691051483,0.285851538,0.56773293,0,0,0
54001,"Barbour County, West Virginia",WV,15527,44341.0,22.0,10.15,6.93,78.86,0.6713,0.1782,0.2062,0.4855,0.4563,13.8,43.8,41.1,34.7,22.5,7.2,24.4,17.3,19.7,10.7,15.4,9.8,11.41500378,5.271882534,6.249711514,13.48832607,0.243249819,0.486499637,0,0,0
54003,"Berkeley County, West Virginia",WV,123283,73619.0,10.94,4.63,5.49,89.58,0.3296,0.1756,0.4913,0.3159,0.2704,12.0,38.1,36.9,30.4,17.2,6.0,22.4,14.9,15.5,8.8,13.5,8.9,38.80197144,10.78894138,1.943770647,7.026552677,0.122824974,0.614124894,0,0,0
54005,"Boone County, West Virginia",WV,21705,56182.0,16.53,9.8,8.07,84.57,0.5794,0.5641,0.0032,0.2603,0.4003,13.1,46.2,40.4,34.5,22.4,7.0,24.1,17.0,18.6,10.1,14.5,9.7,6.627663136,3.288461208,9.967693329,22.93561745,0.237473279,0.189978629,0,0,0
54007,"Braxton County, West Virginia",WV,12505,42245.0,18.19,14.38,8.19,77.18,0.8158,0.2342,0.314,0.5768,0.6013,14.4,41.3,40.8,35.6,24.9,7.7,24.8,18.1,21.6,11.7,16.1,11.0,18.25214005,9.453793526,8.608477592,18.7560482,0.1790471595,0.510874331,0,0,0
54009,"Brooke County, West Virginia",WV,22349,51963.0,11.04,5.71,7.05,82.77,0.2272,0.5616,0.0983,0.7124,0.378,11.7,40.3,37.0,27.6,17.9,6.0,21.9,14.7,13.9,8.1,11.9,7.9,16.89547157,4.809747696,3.268835068,6.812603951,0.184552923,0.922764599,0,0,0
54011,"Cabell County, West Virginia",WV,93965,48944.0,20.11,6.06,10.29,82.17,0.784,0.3863,0.3086,0.8635,0.7276,13.2,45.7,37.1,30.4,19.4,6.6,22.9,16.3,17.2,9.9,13.9,8.5,8.320433617,2.996209621,1.932173252,3.437681198,0.163775131,1.05907917,0,0,0
54013,"Calhoun County, West Virginia",WV,6279,39031.0,33.67,12.25,7.74,74.38,0.7302,0.4028,0.021,0.3373,0.4696,15.1,40.4,41.3,37.8,27.0,8.3,25.7,19.3,24.5,12.9,17.7,11.5,24.17050934,13.38113976,7.503055573,25.10027695,0.1790471595,0.6513130965,0,0,0
54015,"Clay County, West Virginia",WV,8049,41530.0,24.56,11.22,7.85,80.94,0.6685,0.4734,0.0057,0.6052,0.538,14.2,41.6,40.4,36.6,24.8,7.7,25.0,18.5,21.9,11.6,16.2,10.9,18.35102844,9.86042881,7.650599003,29.22935677,0.1790471595,0.6513130965,0,0,0
54017,"Doddridge County, West Virginia",WV,7847,56587.0,14.43,4.32,2.56,75.14,0.4591,0.0366,0.1225,0.5275,0.2625,13.2,41.0,39.8,32.6,22.1,7.1,22.9,16.5,18.0,10.0,14.3,10.2,4.222891808,1.187463999,2.765952349,11.62467957,0.1790471595,0.6513130965,0,0,0
54019,"Fayette County, West Virginia",WV,40545,50090.0,21.51,7.46,10.18,78.6,0.7922,0.5231,0.2109,0.7445,0.7019,13.8,40.3,38.3,33.4,22.2,7.1,24.3,17.1,18.8,10.5,15.2,9.6,12.06229782,6.026629925,5.325679779,14.24446678,0.142646566,0.546811879,0,0,0
54021,"Gilmer County, West Virginia",WV,7444,51552.0,11.14,7.1,6.61,74.39,0.5297,0.1295,0.5542,0.6621,0.4849,14.5,43.8,42.0,34.2,21.5,7.3,22.0,16.6,20.6,11.2,16.7,11.6,81.61262512,31.08652878,5.304837227,11.36561394,0.1790471595,0.6513130965,0,0,0
54023,"Grant County, West Virginia",WV,11034,52877.0,11.72,5.32,7.19,81.37,0.4368,0.3198,0.0299,0.2679,0.2695,12.2,43.3,36.9,30.8,20.2,6.5,22.9,15.8,16.0,9.0,13.0,8.8,15.34361839,5.214387417,5.453237534,8.99107933,0.260642916,0.43440488,0,0,0
54025,"Greenbrier County, West Virginia",WV,32995,45519.0,20.02,4.3,6.7,81.02,0.5848,0.3468,0.2234,0.4477,0.4537,12.9,40.2,38.5,32.4,21.4,7.0,23.6,16.9,18.7,10.2,14.5,9.8,21.15263367,8.933856964,5.928185463,12.81406975,0.116553515,0.845012963,0,0,0
54027,"Hampshire County, West Virginia",WV,23275,55222.0,17.47,8.48,5.19,78.81,0.7235,0.3,0.0821,0.3929,0.4699,12.4,38.8,37.4,31.2,20.7,6.5,22.9,15.6,15.9,9.0,13.3,9.1,28.05337334,9.894989967,4.822335243,13.36400604,0.1790471595,0.344976276,0,0,0
54029,"Hancock County, West Virginia",WV,28907,57515.0,13.42,8.46,6.67,87.52,0.5221,0.2622,0.1696,0.2109,0.2969,12.5,43.9,38.2,29.7,19.3,6.4,22.7,15.6,16.0,9.1,13.1,8.6,50.21228027,17.41805458,5.215929031,8.283436775,0.24500367,0.910013676,0,0,0
54031,"Hardy County, West Virginia",WV,14249,49205.0,17.27,4.56,8.34,84.7,0.4874,0.3602,0.3086,0.3742,0.3942,14.2,41.5,40.0,33.5,22.1,7.2,23.7,17.3,19.7,10.7,15.4,10.6,15.8137598,6.440499306,1.925759554,6.747518539,0.1790471595,0.366757125,0,0,0
54033,"Harrison County, West Virginia",WV,65862,56184.0,13.71,5.35,8.83,82.15,0.476,0.2409,0.1508,0.7814,0.4703,12.6,40.1,37.1,28.6,19.2,6.5,22.1,15.1,15.8,9.0,12.7,8.5,12.53226471,4.134225845,3.089167356,6.732092857,0.224315837,0.897263348,0,0,0
54035,"Jackson County, West Virginia",WV,27868,55173.0,19.61,3.58,9.35,77.33,0.3112,0.294,0.014,0.5558,0.2934,13.4,42.5,39.5,32.2,20.1,6.8,22.8,16.1,16.6,9.4,13.2,8.7,17.74525642,5.380979538,4.153273106,9.62874794,0.1790471595,0.773204923,0,0,0
54037,"Jefferson County, West Virginia",WV,58043,93744.0,9.12,4.85,5.57,91.21,0.2164,0.0738,0.5011,0.4658,0.217,11.2,37.9,35.9,25.3,15.1,5.6,19.9,13.3,13.0,7.6,11.7,8.2,28.4863205,5.502686024,2.070262194,7.385081291,0.12176878,0.591448367,0,0,0
54039,"Kanawha County, West Virginia",WV,179895,55226.0,16.44,5.44,10.75,85.07,0.4696,0.4804,0.3824,0.6949,0.5339,12.4,40.3,39.9,30.4,19.6,6.5,23.0,15.1,17.9,9.2,14.6,8.1,27.66375542,9.196772575,3.985192776,8.038211823,0.158862546,1.077995777,0,0,0
54041,"Lewis County, West Virginia",WV,16920,50552.0,16.83,8.65,10.29,77.66,0.5635,0.4356,0.1696,0.7617,0.5568,13.4,39.9,37.8,32.6,21.6,6.9,23.7,16.7,18.2,9.9,14.1,9.5,9.370602608,4.354531765,3.312588453,13.50722218,0.1790471595,1.075608969,0,0,0
54043,"Lincoln County, West Virginia",WV,20410,50985.0,19.18,5.95,8.98,82.56,0.5364,0.461,0.0083,0.3863,0.3983,14.4,45.2,40.3,34.0,25.1,7.8,24.9,18.8,21.9,11.7,16.6,11.1,2.973269701,1.153519154,8.67456913,20.23494911,0.199570924,0.6513130965,0,0,0
54045,"Logan County, West Virginia",WV,32350,42194.0,23.75,13.3,9.79,88.17,0.8069,0.5014,0.0337,0.7178,0.6624,14.2,44.7,41.0,37.1,24.6,7.6,25.4,18.8,21.4,11.8,16.4,10.6,6.799610138,3.259142399,9.354873657,20.25208473,0.252461493,0.788942158,0,0,0
54047,"McDowell County, West Virginia",WV,18911,28235.0,33.27,15.09,9.87,79.26,0.9131,0.8237,0.5202,0.7601,0.8721,17.4,46.1,44.6,42.6,29.3,8.9,26.0,20.4,30.2,15.7,21.6,14.3,3.317136049,1.970934153,12.7767086,27.88349152,0.295578152,0.295578152,0,0,0
54049,"Marion County, West Virginia",WV,56194,59974.0,14.91,6.39,8.02,87.22,0.4671,0.3777,0.2164,0.5632,0.4394,12.6,43.0,38.1,28.7,18.9,6.4,22.7,15.0,15.3,8.8,12.9,8.0,17.24845314,5.129230976,3.149678946,7.970359325,0.142954141,0.78624779,0,0,0
54051,"Marshall County, West Virginia",WV,30509,58129.0,14.67,3.95,6.59,81.57,0.2552,0.4827,0.0675,0.2237,0.2167,12.4,37.3,38.0,30.8,21.1,6.7,23.0,15.9,16.0,9.1,13.1,8.6,11.53826523,3.963446856,3.656048536,7.081121922,0.132877126,0.597947061,0,0,0
54053,"Mason County, West Virginia",WV,25488,53058.0,16.32,2.94,7.08,78.3,0.3137,0.1737,0.0229,0.6074,0.2774,13.2,41.2,38.6,34.3,22.5,7.1,24.0,17.2,18.9,10.3,14.8,9.6,17.95645905,6.465147018,6.359374046,14.70075703,0.1790471595,0.455667377,0,0,0
54055,"Mercer County, West Virginia",WV,59530,46409.0,18.77,4.19,8.31,81.96,0.5943,0.7856,0.314,0.8791,0.7343,13.6,41.0,38.7,32.9,22.1,7.0,23.5,16.8,18.8,10.6,15.1,9.2,30.06368256,12.64095116,4.906445026,12.87250042,0.171650246,0.532115757,0,0,0
54057,"Mineral County, West Virginia",WV,26957,64728.0,13.88,5.79,5.99,87.82,0.1884,0.357,0.1654,0.3786,0.2135,11.7,39.4,36.2,28.8,18.3,6.1,21.8,15.0,13.9,8.2,12.1,7.8,15.11842823,5.536253452,4.705526829,7.357714176,0.3742235,0.486490518,0,0,0
54059,"Mingo County, West Virginia",WV,23466,38305.0,28.62,11.19,11.76,82.47,0.8422,0.4687,0.0337,0.7092,0.6761,15.8,43.0,42.8,41.5,28.0,8.5,26.6,20.4,26.6,13.8,18.8,12.4,9.94734478,4.600347996,10.71780491,27.335392,0.217855424,0.217855424,0,0,0
54061,"Monongalia County, West Virginia",WV,105988,60893.0,20.65,5.65,7.1,90.15,0.525,0.0041,0.3748,0.8225,0.3325,12.1,34.2,35.1,24.3,15.6,6.1,20.0,13.7,13.2,8.1,11.4,7.2,21.10865784,6.096940994,2.549687147,4.533705235,0.112339564,1.151480556,0,0,0
54063,"Monroe County, West Virginia",WV,12438,52392.0,13.17,10.63,6.55,78.72,0.5842,0.7276,0.0821,0.119,0.3901,13.1,41.2,38.7,32.7,21.5,6.9,23.4,16.5,17.9,9.9,14.0,9.5,39.66676331,18.72591019,6.412635326,16.74074364,0.226774514,0.6513130965,0,0,0
54065,"Morgan County, West Virginia",WV,17237,61021.0,10.6,5.1,4.27,80.41,0.4286,0.0808,0.1094,0.1779,0.1759,12.2,38.8,37.7,30.6,19.9,6.4,22.7,15.6,15.6,8.9,13.0,8.9,10.11417484,4.465097904,3.91488862,11.85827255,0.22380127,0.22380127,0,0,0
54067,"Nicholas County, West Virginia",WV,24624,48826.0,16.68,6.63,6.63,83.81,0.4066,0.5638,0.0089,0.1903,0.2794,12.6,40.3,38.4,32.4,21.3,6.9,23.5,16.4,17.6,9.6,14.0,9.2,8.407835007,3.973943472,5.835902691,16.2285347,0.205423176,0.739523411,0,0,0
54069,"Ohio County, West Virginia",WV,42224,55521.0,14.73,5.28,12.0,83.64,0.3983,0.4324,0.2485,0.7117,0.4741,12.0,40.1,36.7,28.1,17.3,6.2,22.1,15.0,14.3,8.4,12.2,7.8,21.07150078,6.537336826,2.539690733,3.53733182,0.218542084,1.189840198,0,0,0
54071,"Pendleton County, West Virginia",WV,6156,52458.0,16.35,7.31,4.36,71.75,0.5829,0.2991,0.0757,0.1091,0.2666,12.6,36.8,37.5,30.9,20.5,6.7,23.0,16.0,16.9,9.5,13.7,9.3,48.25184631,20.36322594,4.797331333,12.07858658,0.1790471595,0.577034056,0,0,0
54073,"Pleasants County, West Virginia",WV,7622,59666.0,7.72,7.24,4.38,86.63,0.4893,0.3338,0.0379,0.6207,0.4295,12.2,43.5,38.2,31.2,19.9,6.5,22.4,15.5,15.4,8.8,12.7,8.9,0.003623683,0.001049885,5.486754417,12.86253643,0.1790471595,0.672223687,0,0,0
54075,"Pocahontas County, West Virginia",WV,7940,41680.0,20.33,8.05,7.15,72.75,0.6589,0.2001,0.0627,0.8466,0.5546,13.7,40.6,39.8,34.5,23.2,7.4,24.0,17.6,20.3,10.9,15.4,10.7,47.68457031,19.71780205,6.389769554,12.21458149,0.488400489,0.6513130965,0,0,0
54077,"Preston County, West Virginia",WV,34206,60136.0,13.79,7.16,6.38,83.64,0.518,0.1091,0.335,0.7429,0.4591,12.6,37.3,37.7,30.2,20.8,6.7,22.8,15.9,16.9,9.2,13.5,9.6,24.89345932,10.13181973,4.557173729,12.91381264,0.119832233,0.269622535,0,0,0
54079,"Putnam County, West Virginia",WV,57347,75725.0,10.95,3.78,4.9,84.59,0.084,0.1912,0.0757,0.209,0.077,11.3,37.8,37.7,26.9,16.5,5.8,21.4,14.0,12.6,7.5,10.9,7.3,18.13555145,4.008370399,1.999638438,5.989447594,0.177216992,0.99241513,0,0,0
54081,"Raleigh County, West Virginia",WV,74303,47975.0,22.03,7.12,9.31,73.49,0.7439,0.7722,0.3748,0.8447,0.7887,14.2,43.1,41.2,34.5,21.1,7.2,24.3,17.9,20.5,11.1,16.0,9.9,38.57310867,16.99873161,4.624934196,12.3470459,0.191991225,0.69939661,0,0,0
54083,"Randolph County, West Virginia",WV,28005,51186.0,15.48,7.3,10.91,75.9,0.6475,0.0983,0.2399,0.7871,0.5189,12.7,46.2,39.6,31.4,20.8,6.8,22.7,16.0,17.2,9.5,13.5,9.4,8.685878754,3.383579969,3.912968636,8.917787552,0.105682179,0.457956105,0,0,0
54085,"Ritchie County, West Virginia",WV,8507,48973.0,20.32,3.58,4.57,78.97,0.4419,0.5705,0.0083,0.1222,0.2609,13.3,42.4,39.1,35.5,23.7,7.4,24.3,17.4,19.8,10.8,15.2,10.4,10.71892548,4.747558117,3.865288019,11.12662029,0.1790471595,0.421096951,0,0,0
54087,"Roane County, West Virginia",WV,14027,41299.0,21.08,11.73,9.98,73.23,0.8953,0.5126,0.0379,0.3942,0.6141,14.5,41.3,40.7,36.9,24.6,7.8,24.7,18.4,21.8,11.6,16.1,11.1,23.46986008,12.64742661,5.703975677,16.44995117,0.1790471595,0.370864868,0,0,0
54089,"Summers County, West Virginia",WV,11985,42991.0,21.19,7.64,8.88,69.35,0.6236,0.4499,0.2294,0.9262,0.6752,14.3,39.8,39.7,35.9,23.4,7.3,24.8,18.1,22.3,12.0,17.4,10.6,22.15281677,8.23786068,6.25586462,21.11445236,0.1790471595,0.401800066,0,0,0
54091,"Taylor County, West Virginia",WV,16602,52946.0,16.85,9.33,7.07,82.54,0.5418,0.252,0.0337,0.4009,0.3538,12.6,41.6,38.4,32.5,20.8,6.8,23.1,16.3,17.1,9.5,13.6,9.4,0.0,0.0,3.147485971,10.58251572,0.1790471595,0.538954437,0,0,0
54093,"Tucker County, West Virginia",WV,6747,54053.0,9.76,6.57,9.77,77.79,0.3255,0.1721,0.0048,0.5399,0.2615,11.9,39.0,37.9,30.0,19.1,6.4,22.3,15.5,15.2,8.6,12.4,8.5,2.869760752,0.917097688,5.176972389,7.364354134,0.1790471595,0.733568072,0,0,0
54095,"Tyler County, West Virginia",WV,8336,59167.0,12.02,4.93,7.26,82.73,0.1826,0.3105,0.0115,0.2017,0.1349,12.8,42.5,38.9,31.8,20.9,6.7,23.4,16.1,16.8,9.4,13.6,8.8,1.30691123,0.707396507,3.172332048,8.307765961,0.1790471595,0.468768299,0,0,0
54097,"Upshur County, West Virginia",WV,23875,49663.0,17.83,5.8,9.29,81.73,0.7283,0.2762,0.1037,0.805,0.6045,13.3,37.1,39.0,33.2,22.1,7.0,23.6,16.6,18.2,10.1,14.2,9.4,8.046774864,3.40378499,4.271786213,11.03313446,0.123813458,0.619067252,0,0,0
54099,"Wayne County, West Virginia",WV,38933,52694.0,16.74,5.05,8.56,76.8,0.573,0.3334,0.0169,0.343,0.3694,13.1,42.6,39.4,33.3,22.3,7.0,24.1,17.0,18.2,10.1,14.4,9.5,28.43520546,10.82882786,7.714559078,16.10508728,0.179239005,0.460900307,0,0,0
54101,"Webster County, West Virginia",WV,8362,43409.0,17.84,11.12,13.06,76.58,0.7095,0.3261,0.1508,0.434,0.4916,14.1,42.6,40.2,37.9,24.9,7.7,25.0,18.5,21.6,11.6,16.3,11.2,5.046996117,2.194169283,10.41146851,20.33181,0.1790471595,0.6513130965,0,0,0
54103,"Wetzel County, West Virginia",WV,14431,50715.0,17.0,6.08,6.19,77.41,0.3799,0.2704,0.0264,0.5434,0.3201,12.8,42.4,38.0,34.2,21.5,6.8,23.9,16.4,17.3,9.6,13.9,9.1,39.81058121,16.72866631,5.975275517,11.63257217,0.402576476,0.805152953,0,0,0
54105,"Wirt County, West Virginia",WV,5202,52776.0,20.29,2.61,9.07,78.83,0.3913,0.2774,0.0115,0.3163,0.2552,13.3,42.4,38.6,33.1,21.9,7.2,23.9,16.7,18.3,10.1,14.3,9.3,1.49792397,0.640011072,4.542451859,15.78149223,0.1790471595,0.6513130965,0,0,0
54107,"Wood County, West Virginia",WV,84272,54350.0,14.78,5.25,8.37,83.84,0.4862,0.4658,0.0757,0.3907,0.3869,13.0,43.4,38.7,31.0,19.5,6.7,22.9,15.9,16.5,9.3,13.2,8.3,29.80952263,9.067135811,2.310885429,6.065329552,0.120571993,0.976633132,0,0,0
54109,"Wyoming County, West Virginia",WV,21237,44510.0,24.44,6.37,10.4,74.79,0.7213,0.3942,0.0089,0.5084,0.5173,14.3,44.1,42.1,37.4,25.2,7.8,25.0,18.7,22.1,11.7,16.5,11.1,0.010891255,0.0055786,8.52351284,22.3094101,0.149083138,0.248471901,0,0,0
55001,"Adams County, Wisconsin",WI,20730,55223.0,14.55,5.03,5.09,80.87,0.5679,0.399,0.342,0.5962,0.5259,11.2,40.3,32.3,30.3,18.3,6.4,18.0,13.9,16.4,8.6,12.8,10.5,9.921980858,3.65112257,2.91369319,14.208395,0.1790471595,0.243926242,0,0,0
55003,"Ashland County, Wisconsin",WI,16041,57000.0,16.64,4.42,6.13,79.01,0.3252,0.3271,0.503,0.8031,0.4852,10.8,41.4,30.1,29.7,18.0,6.2,18.4,14.0,15.6,8.9,12.6,8.8,28.46406174,11.28483295,3.433432579,9.451523781,0.389231265,0.583846927,0,0,0
55005,"Barron County, Wisconsin",WI,46683,59379.0,11.76,3.17,5.16,80.94,0.3713,0.6198,0.2234,0.4216,0.4009,9.8,38.3,29.3,27.3,16.0,5.7,17.7,13.1,13.5,7.4,10.8,8.6,17.77277184,6.000006199,2.442659378,7.738393307,0.221778661,0.510090947,0,0,0
55007,"Bayfield County, Wisconsin",WI,16214,67266.0,10.44,3.6,3.65,88.01,0.1199,0.1457,0.4604,0.1209,0.097,9.2,38.9,29.9,24.1,14.0,5.5,17.1,12.2,11.5,7.1,10.0,7.1,30.19083214,10.27634144,1.998509884,8.182116508,0.328040928,0.6513130965,0,0,0
55009,"Brown County, Wisconsin",WI,268393,74066.0,9.7,2.88,4.91,89.85,0.1492,0.4133,0.5444,0.5364,0.3007,9.3,41.1,28.7,26.4,13.6,5.3,16.2,11.9,12.2,7.0,10.5,8.5,24.95839119,5.723013401,1.143945813,2.264647484,0.120932691,0.699142158,0,0,0
55011,"Buffalo County, Wisconsin",WI,13329,64238.0,8.23,2.33,3.72,86.34,0.1524,0.224,0.0675,0.0525,0.0595,9.4,39.4,29.0,27.5,15.4,5.5,17.4,12.7,12.3,7.0,10.1,8.4,23.30196381,5.400711536,2.958993673,5.88658762,0.306913227,0.230184913,0,0,0
55013,"Burnett County, Wisconsin",WI,16561,60466.0,11.65,5.17,3.21,83.45,0.412,0.23,0.2879,0.0824,0.1928,10.0,38.8,29.4,28.2,17.0,5.9,18.1,13.4,13.9,7.9,11.3,8.7,9.822937965,2.896613359,2.135317326,10.29378891,0.192839235,0.38567847,0,0,0
55015,"Calumet County, Wisconsin",WI,52361,84151.0,5.85,2.3,3.77,91.37,0.0086,0.1009,0.3058,0.0391,0.0115,8.5,32.8,26.8,24.2,12.8,5.0,16.2,11.2,10.0,6.0,8.8,7.5,25.25284958,3.640444279,1.523893356,2.2819314,0.079666995,0.338584721,0,0,0
55017,"Chippewa County, Wisconsin",WI,66254,69815.0,9.93,3.01,4.17,88.1,0.1686,0.0675,0.1572,0.2704,0.1056,9.4,41.4,29.5,26.6,15.8,5.6,17.2,12.7,11.8,7.0,10.1,8.0,22.03087807,6.079530239,2.145550489,6.044414043,0.092682704,0.525201976,0,0,0
55019,"Clark County, Wisconsin",WI,34703,63187.0,12.25,3.38,9.41,77.71,0.6096,0.5584,0.2265,0.7929,0.6347,10.2,38.1,28.9,32.0,18.9,6.4,18.4,14.5,16.4,8.6,12.6,11.9,18.3910923,6.850128651,8.098902702,6.528553963,0.201612905,0.316820264,0,0,0
55021,"Columbia County, Wisconsin",WI,58272,79271.0,7.52,3.19,4.19,86.36,0.0668,0.1053,0.2399,0.3878,0.0993,9.0,33.2,27.6,24.6,14.4,5.3,16.9,12.1,11.1,6.5,9.7,7.9,20.73181343,4.680481911,3.062637091,7.417378426,0.121384479,0.554900467,0,0,0
55023,"Crawford County, Wisconsin",WI,16123,60823.0,12.37,2.77,6.57,81.13,0.2679,0.182,0.1409,0.6602,0.2905,10.1,37.6,30.4,27.5,17.2,6.0,18.2,13.3,14.2,7.8,11.4,8.9,23.89623833,8.414147377,5.276759148,11.29732609,0.249672309,0.436926544,0,0,0
55025,"Dane County, Wisconsin",WI,559891,84297.0,10.85,2.29,7.55,92.09,0.1053,0.0388,0.5616,0.65,0.1855,8.1,33.4,25.5,20.8,10.4,4.7,14.7,10.5,9.5,5.7,8.6,6.7,24.88901901,4.289265156,1.139121056,2.353219986,0.146596789,0.814426601,0,0,0
55027,"Dodge County, Wisconsin",WI,89032,71747.0,7.62,4.13,4.42,87.78,0.1613,0.0818,0.3248,0.4349,0.1584,9.2,42.5,28.8,27.0,15.0,5.5,17.2,12.4,12.8,7.1,10.7,9.0,11.98377705,2.717665911,1.930824995,4.683321476,0.125950351,0.412201166,0,0,0
55029,"Door County, Wisconsin",WI,30038,68257.0,8.66,3.73,3.1,86.81,0.1066,0.1499,0.1572,0.0808,0.0525,8.6,36.8,27.9,23.9,12.7,5.1,16.0,11.3,9.8,6.0,8.7,7.1,14.68403625,3.644305706,2.322217226,4.078260422,0.466133595,0.968123615,0,0,0
55031,"Douglas County, Wisconsin",WI,44092,64682.0,11.23,3.71,8.19,85.22,0.1654,0.3633,0.2692,0.6573,0.2946,9.4,40.9,30.3,25.8,14.7,5.5,17.5,12.5,11.9,6.8,9.8,7.4,30.13692474,8.507260323,1.808634162,4.816905975,0.160175741,0.549173951,0,0,0
55033,"Dunn County, Wisconsin",WI,45221,69721.0,10.98,3.67,4.74,86.94,0.2195,0.0235,0.2234,0.6615,0.188,9.3,40.7,29.0,26.9,15.2,5.5,16.9,12.4,11.8,7.0,10.0,7.7,19.19468498,5.714917183,2.301500559,7.082175732,0.13200739,0.484027117,0,0,0
55035,"Eau Claire County, Wisconsin",WI,105697,70127.0,12.08,3.23,5.69,89.81,0.1301,0.0487,0.3388,0.5896,0.1616,8.9,31.4,28.1,24.5,13.8,5.2,17.0,11.7,11.0,6.5,9.4,7.3,32.03098297,7.583132744,1.793831348,4.568145752,0.095002852,0.788523674,0,0,0
55037,"Florence County, Wisconsin",WI,4574,58049.0,9.8,5.98,2.79,84.68,0.3458,0.1317,0.0379,0.0697,0.112,9.2,36.8,29.2,25.9,14.9,5.5,17.3,12.6,11.5,6.7,9.8,8.0,11.94735527,5.006926537,3.141084433,11.16401386,0.1790471595,0.6513130965,0,0,0
55039,"Fond du Lac County, Wisconsin",WI,104027,70368.0,8.59,3.32,5.71,87.23,0.091,0.1766,0.3592,0.5597,0.1887,9.3,43.8,29.5,27.7,15.2,5.3,17.0,12.6,12.2,6.9,10.4,8.6,20.75644493,6.686565399,2.599684954,4.782060623,0.11661581,0.612232983,0,0,0
55041,"Forest County, Wisconsin",WI,9239,55552.0,13.94,3.96,4.22,82.62,0.4563,0.2208,0.552,0.3691,0.3799,12.0,45.8,33.9,32.4,20.6,6.6,20.4,15.5,17.4,9.8,13.8,10.1,38.1321907,12.45544338,3.449929237,12.79524612,0.1790471595,0.334821433,0,0,0
55043,"Grant County, Wisconsin",WI,51842,63497.0,13.81,3.05,5.15,83.39,0.2685,0.0379,0.0983,0.6968,0.2224,10.3,42.7,29.4,30.8,16.5,5.9,18.0,13.4,13.6,7.6,10.9,8.7,11.98144436,3.686967611,2.443582535,4.334001064,0.313596368,0.372395694,0,0,0
55045,"Green County, Wisconsin",WI,37066,76080.0,6.62,3.4,3.91,86.17,0.048,0.2701,0.1276,0.1887,0.0684,8.7,39.9,29.6,24.7,13.8,5.2,16.7,11.8,10.7,6.3,9.3,7.7,12.1794529,3.599196196,1.230675817,4.28705883,0.245881483,0.573723495,0,0,0
55047,"Green Lake County, Wisconsin",WI,19093,66395.0,12.78,3.31,6.23,82.28,0.3261,0.6987,0.2399,0.4779,0.4228,10.1,40.4,30.0,29.8,16.5,5.9,18.0,13.4,14.6,8.0,11.7,9.6,8.32808876,2.809897184,3.618565798,5.067509174,0.158663005,0.423101336,0,0,0
55049,"Iowa County, Wisconsin",WI,23766,79226.0,7.98,2.37,3.2,86.47,0.0172,0.0493,0.1339,0.0328,0.0051,8.6,38.2,27.2,26.5,13.9,5.2,16.8,11.8,10.5,6.2,9.1,7.2,8.604604721,1.577687979,2.18477416,6.534492493,0.126903549,0.423011839,0,0,0
55051,"Iron County, Wisconsin",WI,6136,55777.0,10.48,3.93,4.18,85.48,0.2087,0.2049,0.0757,0.0834,0.0926,9.6,34.6,27.8,26.6,15.6,5.7,17.7,12.7,12.3,7.2,10.4,7.8,10.08211899,3.056118011,2.543273926,9.261200905,0.1790471595,0.6513130965,0,0,0
55053,"Jackson County, Wisconsin",WI,20958,64630.0,12.71,5.52,5.27,84.42,0.5126,0.2424,0.4146,0.7541,0.5231,10.6,40.2,32.1,29.5,18.1,6.2,18.3,13.9,15.5,8.5,12.4,9.6,33.28598785,11.51480961,3.731547117,8.688037872,0.1454193,0.581677198,0,0,0
55055,"Jefferson County, Wisconsin",WI,85932,77018.0,7.63,3.37,4.38,88.43,0.1107,0.0684,0.335,0.4283,0.1276,8.9,40.9,27.2,26.7,13.8,5.3,16.5,12.2,11.2,6.5,9.9,8.5,9.556114197,2.402616501,1.070014477,3.194580078,0.152872831,0.611491323,0,0,0
55057,"Juneau County, Wisconsin",WI,26695,63455.0,14.69,4.18,3.43,81.76,0.4489,0.2354,0.342,0.6166,0.4273,10.9,41.7,32.8,30.0,18.8,6.3,18.3,14.2,15.5,8.6,12.4,9.9,25.41535187,9.428350449,2.767234802,11.33989143,0.185818344,0.445964038,0,0,0
55059,"Kenosha County, Wisconsin",WI,168693,76583.0,11.1,5.36,4.91,90.5,0.4543,0.4718,0.6268,0.5546,0.5215,10.0,40.1,30.6,26.7,14.7,5.5,16.7,12.3,13.4,7.5,11.9,9.9,28.57229805,9.547776222,2.53929019,5.73687315,0.165025249,0.660100996,0,0,0
55061,"Kewaunee County, Wisconsin",WI,20570,77610.0,6.72,1.99,3.9,84.02,0.0118,0.1107,0.1225,0.022,0.0064,9.2,41.1,28.5,26.2,15.1,5.4,16.9,12.1,11.4,6.6,9.8,8.1,0.417320371,0.094243273,1.772215962,3.643011093,0.147159815,0.392426163,0,0,0
55063,"La Crosse County, Wisconsin",WI,120216,68731.0,11.78,3.07,6.99,88.09,0.1514,0.0318,0.3388,0.6672,0.182,9.3,39.0,28.4,25.0,13.8,5.3,16.8,12.1,10.8,6.5,9.3,6.8,20.825634,4.750442982,1.138189912,2.615287304,0.109702788,0.784796894,0,0,0
55065,"Lafayette County, Wisconsin",WI,16716,69293.0,10.52,2.36,4.6,79.39,0.2383,0.3936,0.1508,0.0643,0.1339,9.8,41.9,30.3,28.8,16.3,5.8,18.1,13.4,13.9,7.6,11.2,9.4,15.3218956,4.022884369,4.379462719,8.586174011,0.1790471595,0.36044696,0,0,0
55067,"Langlade County, Wisconsin",WI,19512,55091.0,12.24,4.86,4.51,84.93,0.258,0.2669,0.1572,0.1613,0.1607,10.0,37.1,30.3,30.1,17.9,6.0,18.4,13.8,14.5,8.1,11.4,9.4,31.09021187,9.875787735,1.795366526,7.773585796,0.209215969,0.627647877,0,0,0
55069,"Lincoln County, Wisconsin",WI,28402,64314.0,10.37,4.79,5.32,83.5,0.2485,0.1995,0.1037,0.2848,0.1775,9.5,42.1,30.2,27.6,16.3,5.8,18.1,12.9,13.4,7.4,10.9,8.5,13.0695591,3.627274275,1.535958171,5.073261261,0.145106286,0.652978301,0,0,0
55071,"Manitowoc County, Wisconsin",WI,81242,66412.0,9.97,2.0,5.87,87.02,0.0566,0.3993,0.3248,0.2854,0.1346,9.2,38.9,29.9,28.1,15.3,5.4,16.7,12.5,12.6,7.0,10.3,8.7,21.54370689,6.784282684,2.191454649,4.114094257,0.139670119,0.507891357,0,0,0
55073,"Marathon County, Wisconsin",WI,137820,73248.0,8.33,3.14,4.69,88.43,0.1161,0.3086,0.3697,0.2224,0.1473,8.8,36.0,29.4,26.4,14.5,5.4,16.1,12.0,11.9,6.7,9.8,8.1,23.22118187,5.642514229,2.155898571,4.496937752,0.184375301,0.553125918,0,0,0
55075,"Marinette County, Wisconsin",WI,41827,60347.0,9.65,3.81,4.2,84.14,0.118,0.1349,0.0735,0.3379,0.1088,9.9,37.6,29.6,27.5,16.6,5.8,17.7,13.1,13.4,7.4,10.8,8.4,18.92998123,7.477485657,2.68095994,6.763995647,0.173861206,0.670607507,0,0,0
55077,"Marquette County, Wisconsin",WI,15619,59748.0,10.41,3.55,4.49,85.99,0.2829,0.44,0.1861,0.1896,0.2227,10.1,43.0,30.8,29.8,17.4,6.0,18.1,13.7,14.3,7.9,11.7,9.4,1.74812305,0.321656406,3.168661118,10.65808773,0.192492783,0.320821315,0,0,0
55078,"Menominee County, Wisconsin",WI,4279,62194.0,19.98,10.69,5.2,86.0,0.5692,0.5997,0.9927,0.2749,0.5743,15.3,45.4,34.4,35.8,23.9,7.0,20.7,17.2,28.9,15.7,21.4,10.3,21.83242416,14.42576313,8.561871529,19.31876755,0.1790471595,0.6513130965,0,0,0
55079,"Milwaukee County, Wisconsin",WI,933063,59319.0,17.82,4.68,12.61,85.47,0.6942,0.7569,0.8743,0.839,0.8276,12.4,38.8,34.1,27.7,14.9,5.8,17.2,13.4,19.5,10.2,15.1,10.8,8.604394913,2.315456867,0.689293802,1.081096172,0.23280029,0.686760843,0,0,0
55081,"Monroe County, Wisconsin",WI,46208,66451.0,11.58,2.71,7.07,84.51,0.3315,0.3497,0.3166,0.7474,0.4432,10.4,44.0,31.0,30.5,17.1,6.1,18.1,13.9,14.9,8.2,11.8,9.6,18.33826447,6.571789265,4.436262608,5.982686996,0.128805116,0.407882869,0,0,0
55083,"Oconto County, Wisconsin",WI,39048,73611.0,8.27,2.05,3.25,86.22,0.0477,0.0525,0.0983,0.1005,0.0204,9.4,42.0,29.2,27.3,15.8,5.6,18.1,12.8,12.6,7.0,10.5,8.2,6.605993748,2.200911522,2.11371398,6.699670792,0.130265996,0.390798002,0,0,0
55085,"Oneida County, Wisconsin",WI,37799,66111.0,9.56,2.19,3.7,86.95,0.0799,0.0713,0.1037,0.0974,0.036,9.3,34.9,29.1,23.9,14.6,5.4,17.4,12.6,11.0,6.5,9.6,7.3,10.07725716,2.498954535,1.775740862,4.274768829,0.223769963,0.615367413,0,0,0
55087,"Outagamie County, Wisconsin",WI,190611,78705.0,6.91,3.09,4.2,91.06,0.0366,0.1094,0.3977,0.2412,0.0671,8.9,36.4,30.0,24.7,12.8,5.1,16.3,11.6,10.7,6.1,9.1,7.4,25.31041336,4.785624504,0.925476015,2.445691347,0.132439107,0.693980932,0,0,0
55089,"Ozaukee County, Wisconsin",WI,91745,92258.0,4.5,2.65,3.57,92.27,0.0305,0.0926,0.2816,0.1492,0.0395,7.8,30.4,24.6,20.5,10.7,4.5,15.0,10.1,8.0,5.0,7.2,5.9,33.83278275,5.344980717,1.62780416,2.310144424,0.155481264,0.732983112,0,0,0
55091,"Pepin County, Wisconsin",WI,7363,70833.0,7.82,2.21,3.87,84.34,0.0808,0.2603,0.0474,0.055,0.0442,9.0,36.4,28.3,25.4,14.6,5.3,17.1,12.1,11.1,6.4,9.6,7.7,0.0,0.0,3.690154791,7.951144218,0.1790471595,0.687663317,0,0,0
55093,"Pierce County, Wisconsin",WI,42187,82996.0,9.82,2.86,3.5,89.26,0.0442,0.0051,0.1928,0.329,0.0216,8.9,34.3,28.9,24.5,13.9,5.2,16.2,11.6,10.4,6.2,9.1,7.1,16.84972382,3.8123734,1.912329435,3.251398325,0.140515223,0.374707252,0,0,0
55095,"Polk County, Wisconsin",WI,45128,74142.0,8.33,4.17,3.17,85.77,0.1648,0.1015,0.0932,0.1282,0.0703,9.2,35.2,28.8,24.8,14.5,5.3,17.0,12.0,11.4,6.6,9.6,7.8,5.776084423,1.653433204,2.358397961,7.531501293,0.296844304,0.548020303,0,0,0
55097,"Portage County, Wisconsin",WI,70281,71301.0,10.41,3.28,4.71,90.75,0.098,0.0347,0.2879,0.4613,0.1063,8.7,36.5,27.0,24.4,14.0,5.4,16.7,11.7,11.9,6.4,9.5,7.6,11.98585987,2.575637817,2.161122084,3.818469524,0.084468968,0.675751746,0,0,0
55099,"Price County, Wisconsin",WI,14066,55822.0,13.56,2.67,5.63,80.97,0.2138,0.2364,0.1276,0.4916,0.2253,10.0,42.2,29.6,28.3,17.2,6.0,17.9,13.4,14.2,7.8,11.2,8.8,14.16583252,5.019019127,4.382639885,10.82914162,0.302000761,0.377500951,0,0,0
55101,"Racine County, Wisconsin",WI,197068,72658.0,11.33,4.36,5.91,88.99,0.3163,0.6519,0.6656,0.4515,0.4674,10.4,42.2,30.3,30.1,14.8,5.4,16.4,12.3,15.0,7.8,12.0,10.1,19.62134552,3.74843049,1.031893969,2.848307371,0.178752005,0.704793632,0,0,0
55103,"Richland County, Wisconsin",WI,17256,61985.0,14.51,2.64,7.42,77.57,0.2892,0.4703,0.1508,0.6274,0.3764,10.1,37.6,29.4,29.2,17.2,6.0,17.9,13.4,14.5,7.9,11.4,9.3,52.86392975,18.97136116,5.616744518,12.04042721,0.173832431,0.405608982,0,0,0
55105,"Rock County, Wisconsin",WI,163817,70630.0,9.87,3.86,5.52,87.86,0.2176,0.5259,0.5119,0.3121,0.2988,10.3,41.7,29.3,28.4,14.9,5.5,17.0,12.9,13.4,7.4,11.2,9.2,35.26937485,12.0847311,2.872381926,8.459832191,0.147163421,0.686762631,0,0,0
55107,"Rusk County, Wisconsin",WI,14179,57473.0,11.4,4.7,3.94,83.12,0.3627,0.329,0.0983,0.1756,0.216,10.6,40.9,30.6,28.5,18.2,6.3,18.5,13.9,14.9,8.3,11.8,9.2,37.3784256,14.21536922,3.360530615,11.03289986,0.1790471595,0.427899003,0,0,0
55109,"St. Croix County, Wisconsin",WI,93752,97950.0,5.94,2.21,2.87,90.77,0.0073,0.0668,0.1753,0.0474,0.0086,8.1,35.5,28.2,23.1,12.4,4.8,15.5,10.8,9.1,5.5,7.9,6.4,11.70574379,2.365506887,1.400512338,3.30044508,0.097998649,0.566214442,0,0,0
55111,"Sauk County, Wisconsin",WI,65664,72930.0,8.61,2.81,5.17,87.56,0.1877,0.3309,0.3217,0.3869,0.2323,9.8,40.2,28.6,28.2,15.2,5.4,17.2,12.7,12.2,6.9,10.3,8.4,9.659247398,2.808269501,2.086170197,5.402159691,0.217226028,0.83787179,0,0,0
55113,"Sawyer County, Wisconsin",WI,18057,57519.0,13.24,6.47,4.35,82.47,0.4731,0.3178,0.5829,0.237,0.3758,10.4,34.2,31.0,28.3,18.1,6.0,18.0,14.1,15.6,9.0,12.4,8.5,32.73916626,10.9355135,3.582803249,13.32619858,0.179640725,0.479041904,0,0,0
55115,"Shawano County, Wisconsin",WI,40848,65493.0,10.08,2.86,4.97,83.73,0.1639,0.1728,0.4146,0.3089,0.1769,9.7,40.2,28.9,27.8,17.1,5.8,18.0,13.1,14.3,8.1,11.6,8.8,12.7098484,4.470356941,2.453107595,6.648479939,0.171627522,0.514882565,0,0,0
55117,"Sheboygan County, Wisconsin",WI,117741,68969.0,7.69,2.8,4.94,89.56,0.0465,0.2552,0.4871,0.4645,0.16,9.3,36.4,30.3,27.6,14.0,5.3,16.7,12.3,12.0,6.7,10.1,8.3,10.89783573,2.231664658,0.974873245,1.731818676,0.138840675,0.650815666,0,0,0
55119,"Taylor County, Wisconsin",WI,19979,61360.0,8.83,3.22,5.26,82.45,0.2612,0.3659,0.0579,0.2055,0.189,9.5,44.1,30.0,29.7,16.7,5.8,18.2,13.4,13.1,7.6,10.7,9.1,33.3921051,11.51081753,3.944612503,7.363714218,0.1790471595,0.344522089,0,0,0
55121,"Trempealeau County, Wisconsin",WI,30679,68474.0,7.38,2.58,4.83,84.56,0.1788,0.4213,0.3503,0.2074,0.1989,9.8,41.1,29.6,27.4,16.0,5.7,17.4,13.0,13.4,7.4,11.0,9.6,10.80720901,3.762381315,3.911063433,6.940183163,0.23584111,0.404299051,0,0,0
55123,"Vernon County, Wisconsin",WI,30811,65177.0,14.59,2.49,8.41,79.54,0.4353,0.5504,0.0544,0.6977,0.4779,9.7,38.7,29.5,27.5,16.6,6.0,18.0,13.3,13.5,7.6,10.9,8.7,15.85321903,6.050188541,6.301465988,5.926860332,0.194420144,0.291630208,0,0,0
55125,"Vilas County, Wisconsin",WI,23146,63726.0,9.79,4.57,4.39,85.61,0.2014,0.0913,0.4314,0.0398,0.0729,8.9,38.3,29.6,25.3,15.0,5.5,17.1,12.4,12.4,7.2,10.3,7.3,10.11936283,3.035259247,2.668905973,9.896670341,0.268384337,0.581499398,0,0,0
55127,"Walworth County, Wisconsin",WI,105127,75172.0,9.56,3.05,3.59,87.01,0.1995,0.1584,0.4407,0.3608,0.2074,9.2,39.3,28.5,25.2,13.6,5.4,16.3,12.3,11.8,6.8,10.2,9.1,33.18151474,9.609617233,2.777663708,7.6855793,0.144295976,0.71186018,0,0,0
55129,"Washburn County, Wisconsin",WI,16685,58504.0,12.35,4.06,3.63,83.3,0.2762,0.1788,0.1339,0.085,0.119,9.7,35.1,29.9,27.7,16.1,5.8,17.7,12.9,13.0,7.4,10.7,8.3,15.82333565,4.562727928,2.289277315,9.069330215,0.190936863,0.254582494,0,0,0
55131,"Washington County, Wisconsin",WI,136842,91915.0,4.73,3.08,3.47,91.26,0.0194,0.0344,0.2294,0.0401,0.008,8.1,35.9,27.2,21.2,12.2,4.9,16.2,10.8,9.3,5.6,8.3,6.7,32.9786377,4.614338398,1.294396162,2.738087893,0.117263369,0.615632653,0,0,0
55133,"Waukesha County, Wisconsin",WI,407290,101639.0,4.95,2.59,3.35,92.92,0.02,0.0541,0.3888,0.0853,0.0191,8.2,33.1,28.0,19.6,10.4,4.6,14.2,10.4,8.2,5.1,7.5,6.1,41.15204239,5.125816822,1.767329574,2.161817789,0.128024578,0.69921118,0,0,0
55135,"Waupaca County, Wisconsin",WI,51822,69198.0,8.84,2.66,4.55,85.6,0.1037,0.2059,0.1276,0.2937,0.1142,10.0,37.8,30.0,26.7,15.9,5.6,17.5,12.8,12.8,7.1,10.5,8.8,13.08044434,3.132297039,2.378423929,6.364560604,0.17764093,0.592136443,0,0,0
55137,"Waushara County, Wisconsin",WI,24672,61033.0,11.47,4.09,4.86,83.09,0.3837,0.3583,0.3322,0.51,0.3917,10.2,39.5,30.2,29.2,16.9,5.9,17.7,13.0,14.4,7.8,11.7,10.0,17.72813606,5.016093731,3.942859888,8.98176384,0.205541402,0.369974524,0,0,0
55139,"Winnebago County, Wisconsin",WI,171197,70041.0,10.82,2.43,5.24,89.0,0.1094,0.0853,0.3847,0.5084,0.1549,9.9,40.6,29.8,27.1,14.8,5.4,16.7,12.0,11.6,6.9,10.4,8.0,37.00525665,8.054628372,1.81963408,4.043625832,0.122355521,0.658389211,0,0,0
55141,"Wood County, Wisconsin",WI,74138,63273.0,10.5,4.16,4.81,87.36,0.1651,0.3487,0.2399,0.2619,0.1791,9.7,39.9,29.4,26.1,15.9,5.6,17.5,12.7,12.8,7.1,10.3,8.5,24.7384243,6.897931576,1.723804355,5.41210556,0.13781698,0.592612982,0,0,0
56001,"Albany County, Wyoming",WY,37525,55887.0,23.05,4.36,4.86,90.38,0.5651,0.0006,0.5119,0.5857,0.2533,9.2,30.6,30.1,19.5,12.9,5.6,15.9,12.3,15.8,8.7,12.9,10.5,28.77370262,9.218403816,0.976180434,1.221119285,0.102695763,0.641848505,0,0,0
56003,"Big Horn County, Wyoming",WY,11690,61262.0,11.13,6.03,3.03,85.38,0.5447,0.7926,0.4018,0.3064,0.531,9.8,33.9,29.4,26.2,16.1,6.0,17.7,13.4,15.8,8.7,12.9,13.9,18.65292168,5.665929317,1.081844568,2.562841654,0.259179264,0.345572352,0,0,0
56005,"Campbell County, Wyoming",WY,46857,93315.0,9.53,3.04,3.0,92.36,0.2345,0.3137,0.4018,0.2819,0.2367,9.1,35.3,28.1,25.7,15.0,5.3,17.0,12.8,15.8,8.7,12.9,12.8,36.7341156,8.244466782,1.952039838,2.451726675,0.085697144,0.642728627,0,0,0
56007,"Carbon County, Wyoming",WY,14609,65196.0,13.9,4.81,3.63,87.89,0.51,0.4547,0.5892,0.5539,0.5377,10.7,38.3,30.2,29.2,15.7,6.0,17.0,13.7,15.8,8.7,12.9,15.2,57.75082779,18.97665405,2.399630547,4.217882633,0.339881718,0.543810725,0,0,0
56009,"Converse County, Wyoming",WY,13729,79235.0,11.02,4.28,4.53,83.4,0.2778,0.3169,0.3503,0.37,0.2781,9.3,36.9,29.4,25.1,15.4,5.6,17.4,12.9,15.8,8.7,12.9,12.6,12.17606926,2.879424334,0.900427103,2.702715635,0.1790471595,0.36221385,0,0,0
56011,"Crook County, Wyoming",WY,7258,68876.0,6.33,1.03,1.52,86.21,0.0881,0.3678,0.1753,0.0767,0.0722,8.4,32.1,26.9,22.4,13.7,5.1,16.9,12.0,15.8,8.7,12.9,10.2,26.96587181,5.713353634,1.637059927,0.961758971,0.52680099,0.6513130965,0,0,0
56013,"Fremont County, Wyoming",WY,39402,60030.0,13.86,8.19,5.22,85.26,0.7582,0.4442,0.6793,0.8193,0.7642,10.1,34.1,30.3,25.9,16.9,5.8,17.8,13.6,15.8,8.7,12.9,12.3,18.19499779,5.930250645,2.316525221,6.051567078,0.152605742,0.559554398,0,0,0
56015,"Goshen County, Wyoming",WY,12592,62356.0,9.27,2.62,4.7,80.35,0.2214,0.2485,0.4445,0.5348,0.2918,9.7,37.5,29.6,25.2,14.8,5.7,16.7,13.0,15.8,8.7,12.9,12.7,20.03301239,5.855092049,0.669558287,3.214210749,0.226671711,0.528900623,0,0,0
56017,"Hot Springs County, Wyoming",WY,4616,64031.0,16.08,1.41,4.23,87.22,0.2628,0.2848,0.3118,0.1769,0.1938,10.0,35.5,29.1,25.2,15.9,5.9,17.6,13.5,15.8,8.7,12.9,11.8,8.569344521,2.372136831,1.36636591,2.334639788,0.1790471595,0.903954804,0,0,0
56019,"Johnson County, Wyoming",WY,8536,60667.0,16.66,2.34,3.07,84.76,0.2981,0.0461,0.328,0.2946,0.1709,9.3,35.6,28.2,25.7,15.3,5.7,17.2,13.0,15.8,8.7,12.9,11.3,39.48041916,11.26850319,2.825335264,0.212075755,0.465766191,0.698649287,0,0,0
56021,"Laramie County, Wyoming",WY,100316,76282.0,8.98,3.51,4.92,90.33,0.2657,0.2129,0.5759,0.272,0.2514,9.3,33.9,27.5,26.8,13.5,5.0,16.7,12.7,15.8,8.7,12.9,12.2,42.49721527,11.90620232,2.379724264,3.52243185,0.059645113,0.626273692,0,0,0
56023,"Lincoln County, Wyoming",WY,19794,83033.0,7.06,2.6,3.15,89.96,0.1015,0.2864,0.2323,0.2036,0.118,8.9,34.8,28.7,23.0,14.1,5.2,16.6,12.1,15.8,8.7,12.9,10.7,17.82322884,5.211361408,1.718642592,2.187908173,0.246877,0.543129385,0,0,0
56025,"Natrona County, Wyoming",WY,79506,69104.0,9.13,3.5,4.17,89.57,0.2991,0.5775,0.42,0.4601,0.3987,9.6,36.4,27.1,25.5,15.0,5.2,17.2,12.1,15.8,8.7,12.9,11.9,33.96325684,9.168938637,2.362705708,4.101666927,0.086617582,0.631070971,0,0,0
56027,"Niobrara County, Wyoming",WY,2460,54375.0,18.34,5.32,2.99,74.25,0.6955,0.1623,0.3118,0.2988,0.419,9.8,36.6,28.9,27.9,16.8,5.9,18.8,13.9,15.8,8.7,12.9,12.0,21.92971802,9.277957916,0.290812939,2.06344676,0.1790471595,0.6513130965,0,0,0
56029,"Park County, Wyoming",WY,29878,66754.0,9.57,2.72,2.5,89.2,0.216,0.0608,0.3446,0.1527,0.1072,8.7,31.8,26.9,22.9,13.1,5.1,16.2,11.9,15.8,8.7,12.9,10.6,38.98381424,7.995051861,0.735919416,1.407551169,0.102280863,0.579591572,0,0,0
56031,"Platte County, Wyoming",WY,8618,64753.0,11.96,3.96,3.39,74.26,0.3611,0.4757,0.4222,0.2507,0.3309,9.6,36.0,29.6,26.5,15.8,5.7,17.9,13.4,15.8,8.7,12.9,13.0,14.96500015,4.342730522,1.764852047,3.410537958,0.1790471595,0.46630916,0,0,0
56033,"Sheridan County, Wyoming",WY,31176,68898.0,8.68,2.98,4.05,85.64,0.2625,0.0872,0.265,0.49,0.2211,8.4,30.5,27.8,21.3,13.2,5.1,16.5,11.8,15.8,8.7,12.9,10.2,38.53891754,8.961774826,0.712617338,1.98350811,0.226808801,0.680426419,0,0,0
56035,"Sublette County, Wyoming",WY,8801,85960.0,8.07,3.92,0.81,88.61,0.1238,0.3828,0.265,0.1308,0.1225,8.4,32.9,27.2,22.3,12.8,5.1,16.1,11.8,15.8,8.7,12.9,10.1,19.84128189,4.267911911,0.907446325,1.429737329,0.304383129,0.6513130965,0,0,0
56037,"Sweetwater County, Wyoming",WY,42079,79375.0,11.65,5.71,2.02,89.42,0.3703,0.6309,0.5616,0.4458,0.4722,10.0,36.0,28.8,26.8,15.9,5.6,17.8,13.4,15.8,8.7,12.9,14.4,21.45879745,5.226624012,1.718153954,3.830107212,0.11717011,0.60928458,0,0,0
56039,"Teton County, Wyoming",WY,23346,108279.0,6.91,2.09,1.9,89.64,0.1005,0.0468,0.5352,0.5861,0.1693,7.3,23.5,24.3,17.7,9.0,4.3,13.3,9.6,15.8,8.7,12.9,9.3,17.425354,3.811752319,0.813934863,1.250717878,0.468144864,0.680938005,0,0,0
56041,"Uinta County, Wyoming",WY,20546,78164.0,6.51,3.42,3.73,91.47,0.1136,0.391,0.3824,0.6526,0.2803,9.3,34.1,27.9,25.0,14.9,5.4,17.2,12.8,15.8,8.7,12.9,12.2,3.438987732,1.374146938,2.281521082,3.659813166,0.1790471595,0.69255501,0,0,0
56043,"Washakie County, Wyoming",WY,7725,61875.0,6.66,1.79,4.72,85.85,0.2415,0.1858,0.5011,0.2717,0.2192,10.3,33.4,28.7,27.9,15.9,5.8,17.3,13.8,15.8,8.7,12.9,14.6,12.39009094,3.068047523,1.043335915,1.571882844,0.1790471595,0.6513130965,0,0,0
56045,"Weston County, Wyoming",WY,6870,71800.0,12.95,3.59,3.37,80.4,0.3404,0.055,0.4165,0.7283,0.3331,9.7,35.5,28.4,26.4,15.9,5.9,17.3,13.2,15.8,8.7,12.9,12.9,30.74536133,8.751014709,0.731042206,1.935002208,0.593207777,0.6513130965,0,0,0
72001,"Adjuntas Municipio, Puerto Rico",PR,17972,17659.0,63.38,21.86,11.55,73.22,0.5,0.5,0.4998,0.5,0.5,10.7,38.2,32.8,26.5,16.1,5.9,18.6,13.7,15.8,8.7,12.9,10.4,21.45865631,6.703314781,2.544986248,6.705751419,0.1790471595,0.6513130965,1,1,1
72003,"Aguada Municipio, Puerto Rico",PR,37998,20301.0,47.2,7.59,12.01,62.48,0.5,0.5,0.4998,0.5,0.5,10.7,38.2,32.8,26.5,16.1,5.9,18.6,13.7,15.8,8.7,12.9,10.4,21.45865631,6.703314781,2.544986248,6.705751419,0.1790471595,0.6513130965,1,1,1
72005,"Aguadilla Municipio, Puerto Rico",PR,54752,18348.0,48.68,15.48,16.29,78.46,0.5,0.5,0.4998,0.5,0.5,10.7,38.2,32.8,26.5,16.1,5.9,18.6,13.7,15.8,8.7,12.9,10.4,21.45865631,6.703314781,2.544986248,6.705751419,0.1790471595,0.6513130965,1,1,1
72007,"Aguas Buenas Municipio, Puerto Rico",PR,24136,23160.0,42.91,5.19,13.27,76.82,0.5,0.5,0.4998,0.5,0.5,10.7,38.2,32.8,26.5,16.1,5.9,18.6,13.7,15.8,8.7,12.9,10.4,21.45865631,6.703314781,2.544986248,6.705751419,0.1790471595,0.6513130965,1,1,1
72009,"Aibonito Municipio, Puerto Rico",PR,24555,22511.0,42.47,6.44,13.23,69.58,0.5,0.5,0.4998,0.5,0.5,10.7,38.2,32.8,26.5,16.1,5.9,18.6,13.7,15.8,8.7,12.9,10.4,21.45865631,6.703314781,2.544986248,6.705751419,0.1790471595,0.6513130965,1,1,1
72011,"Añasco Municipio, Puerto Rico",PR,25497,22673.0,46.6,8.41,10.56,70.41,0.5,0.5,0.4998,0.5,0.5,10.7,38.2,32.8,26.5,16.1,5.9,18.6,13.7,15.8,8.7,12.9,10.4,21.45865631,6.703314781,2.544986248,6.705751419,0.1790471595,0.6513130965,1,1,1
72013,"Arecibo Municipio, Puerto Rico",PR,87217,21799.0,44.95,17.57,13.05,72.39,0.5,0.5,0.4998,0.5,0.5,10.7,38.2,32.8,26.5,16.1,5.9,18.6,13.7,15.8,8.7,12.9,10.4,21.45865631,6.703314781,2.544986248,6.705751419,0.1790471595,0.6513130965,1,1,1
72015,"Arroyo Municipio, Puerto Rico",PR,15797,18496.0,57.7,11.16,10.33,77.7,0.5,0.5,0.4998,0.5,0.5,10.7,38.2,32.8,26.5,16.1,5.9,18.6,13.7,15.8,8.7,12.9,10.4,21.45865631,6.703314781,2.544986248,6.705751419,0.1790471595,0.6513130965,1,1,1
72017,"Barceloneta Municipio, Puerto Rico",PR,22604,20282.0,46.64,15.78,8.6,71.24,0.5,0.5,0.4998,0.5,0.5,10.7,38.2,32.8,26.5,16.1,5.9,18.6,13.7,15.8,8.7,12.9,10.4,21.45865631,6.703314781,2.544986248,6.705751419,0.1790471595,0.6513130965,1,1,1
72019,"Barranquitas Municipio, Puerto Rico",PR,28899,21262.0,49.95,15.54,9.85,74.06,0.5,0.5,0.4998,0.5,0.5,10.7,38.2,32.8,26.5,16.1,5.9,18.6,13.7,15.8,8.7,12.9,10.4,21.45865631,6.703314781,2.544986248,6.705751419,0.1790471595,0.6513130965,1,1,1
72021,"Bayamón Municipio, Puerto Rico",PR,184326,29403.0,34.81,9.86,12.5,80.09,0.5,0.5,0.4998,0.5,0.5,10.7,38.2,32.8,26.5,16.1,5.9,18.6,13.7,15.8,8.7,12.9,10.4,21.45865631,6.703314781,2.544986248,6.705751419,0.1790471595,0.6513130965,1,1,1
72023,"Cabo Rojo Municipio, Puerto Rico",PR,46983,23077.0,42.15,14.59,10.89,63.74,0.5,0.5,0.4998,0.5,0.5,10.7,38.2,32.8,26.5,16.1,5.9,18.6,13.7,15.8,8.7,12.9,10.4,21.45865631,6.703314781,2.544986248,6.705751419,0.1790471595,0.6513130965,1,1,1
72025,"Caguas Municipio, Puerto Rico",PR,126772,29279.0,37.03,9.6,12.95,81.89,0.5,0.5,0.4998,0.5,0.5,10.7,38.2,32.8,26.5,16.1,5.9,18.6,13.7,15.8,8.7,12.9,10.4,21.45865631,6.703314781,2.544986248,6.705751419,0.1790471595,0.6513130965,1,1,1
72027,"Camuy Municipio, Puerto Rico",PR,32733,23263.0,41.68,5.37,10.71,72.29,0.5,0.5,0.4998,0.5,0.5,10.7,38.2,32.8,26.5,16.1,5.9,18.6,13.7,15.8,8.7,12.9,10.4,21.45865631,6.703314781,2.544986248,6.705751419,0.1790471595,0.6513130965,1,1,1
72029,"Canóvanas Municipio, Puerto Rico",PR,42218,26021.0,36.37,17.67,9.69,86.12,0.5,0.5,0.4998,0.5,0.5,10.7,38.2,32.8,26.5,16.1,5.9,18.6,13.7,15.8,8.7,12.9,10.4,21.45865631,6.703314781,2.544986248,6.705751419,0.1790471595,0.6513130965,1,1,1
72031,"Carolina Municipio, Puerto Rico",PR,154126,32888.0,30.95,13.33,10.8,84.33,0.5,0.5,0.4998,0.5,0.5,10.7,38.2,32.8,26.5,16.1,5.9,18.6,13.7,15.8,8.7,12.9,10.4,21.45865631,6.703314781,2.544986248,6.705751419,0.1790471595,0.6513130965,1,1,1
72033,"Cataño Municipio, Puerto Rico",PR,23060,22407.0,45.61,13.75,23.23,54.17,0.5,0.5,0.4998,0.5,0.5,10.7,38.2,32.8,26.5,16.1,5.9,18.6,13.7,15.8,8.7,12.9,10.4,21.45865631,6.703314781,2.544986248,6.705751419,0.1790471595,0.6513130965,1,1,1
72035,"Cayey Municipio, Puerto Rico",PR,41509,26704.0,39.76,6.72,16.27,80.94,0.5,0.5,0.4998,0.5,0.5,10.7,38.2,32.8,26.5,16.1,5.9,18.6,13.7,15.8,8.7,12.9,10.4,21.45865631,6.703314781,2.544986248,6.705751419,0.1790471595,0.6513130965,1,1,1
72037,"Ceiba Municipio, Puerto Rico",PR,11256,22945.0,41.77,11.22,12.69,78.65,0.5,0.5,0.4998,0.5,0.5,10.7,38.2,32.8,26.5,16.1,5.9,18.6,13.7,15.8,8.7,12.9,10.4,21.45865631,6.703314781,2.544986248,6.705751419,0.1790471595,0.6513130965,1,1,1
72039,"Ciales Municipio, Puerto Rico",PR,16924,19618.0,55.73,17.65,13.4,69.79,0.5,0.5,0.4998,0.5,0.5,10.7,38.2,32.8,26.5,16.1,5.9,18.6,13.7,15.8,8.7,12.9,10.4,21.45865631,6.703314781,2.544986248,6.705751419,0.1790471595,0.6513130965,1,1,1
72041,"Cidra Municipio, Puerto Rico",PR,39831,25580.0,39.03,6.28,11.53,78.38,0.5,0.5,0.4998,0.5,0.5,10.7,38.2,32.8,26.5,16.1,5.9,18.6,13.7,15.8,8.7,12.9,10.4,21.45865631,6.703314781,2.544986248,6.705751419,0.1790471595,0.6513130965,1,1,1
72043,"Coamo Municipio, Puerto Rico",PR,34557,20569.0,49.85,7.45,12.54,71.62,0.5,0.5,0.4998,0.5,0.5,10.7,38.2,32.8,26.5,16.1,5.9,18.6,13.7,15.8,8.7,12.9,10.4,21.45865631,6.703314781,2.544986248,6.705751419,0.1790471595,0.6513130965,1,1,1
72045,"Comerío Municipio, Puerto Rico",PR,18817,16153.0,53.28,12.67,19.06,52.56,0.5,0.5,0.4998,0.5,0.5,10.7,38.2,32.8,26.5,16.1,5.9,18.6,13.7,15.8,8.7,12.9,10.4,21.45865631,6.703314781,2.544986248,6.705751419,0.1790471595,0.6513130965,1,1,1
72047,"Corozal Municipio, Puerto Rico",PR,34459,21670.0,46.11,15.24,13.18,69.47,0.5,0.5,0.4998,0.5,0.5,10.7,38.2,32.8,26.5,16.1,5.9,18.6,13.7,15.8,8.7,12.9,10.4,21.45865631,6.703314781,2.544986248,6.705751419,0.1790471595,0.6513130965,1,1,1
72049,"Culebra Municipio, Puerto Rico",PR,1186,25483.0,23.52,3.2,24.16,78.75,0.5,0.5,0.4998,0.5,0.5,10.7,38.2,32.8,26.5,16.1,5.9,18.6,13.7,15.8,8.7,12.9,10.4,21.45865631,6.703314781,2.544986248,6.705751419,0.1790471595,0.6513130965,1,1,1
72051,"Dorado Municipio, Puerto Rico",PR,35786,31485.0,30.61,14.2,11.05,62.85,0.5,0.5,0.4998,0.5,0.5,10.7,38.2,32.8,26.5,16.1,5.9,18.6,13.7,15.8,8.7,12.9,10.4,21.45865631,6.703314781,2.544986248,6.705751419,0.1790471595,0.6513130965,1,1,1
72053,"Fajardo Municipio, Puerto Rico",PR,31984,24309.0,42.61,22.58,13.45,82.65,0.5,0.5,0.4998,0.5,0.5,10.7,38.2,32.8,26.5,16.1,5.9,18.6,13.7,15.8,8.7,12.9,10.4,21.45865631,6.703314781,2.544986248,6.705751419,0.1790471595,0.6513130965,1,1,1
72054,"Florida Municipio, Puerto Rico",PR,11641,21560.0,47.36,22.72,12.91,73.17,0.5,0.5,0.4998,0.5,0.5,10.7,38.2,32.8,26.5,16.1,5.9,18.6,13.7,15.8,8.7,12.9,10.4,21.45865631,6.703314781,2.544986248,6.705751419,0.1790471595,0.6513130965,1,1,1
72055,"Guánica Municipio, Puerto Rico",PR,13682,14525.0,66.32,31.31,10.0,61.78,0.5,0.5,0.4998,0.5,0.5,10.7,38.2,32.8,26.5,16.1,5.9,18.6,13.7,15.8,8.7,12.9,10.4,21.45865631,6.703314781,2.544986248,6.705751419,0.1790471595,0.6513130965,1,1,1
72057,"Guayama Municipio, Puerto Rico",PR,36365,19165.0,48.03,6.85,14.4,72.95,0.5,0.5,0.4998,0.5,0.5,10.7,38.2,32.8,26.5,16.1,5.9,18.6,13.7,15.8,8.7,12.9,10.4,21.45865631,6.703314781,2.544986248,6.705751419,0.1790471595,0.6513130965,1,1,1
72059,"Guayanilla Municipio, Puerto Rico",PR,17670,21312.0,53.41,20.59,13.72,76.01,0.5,0.5,0.4998,0.5,0.5,10.7,38.2,32.8,26.5,16.1,5.9,18.6,13.7,15.8,8.7,12.9,10.4,21.45865631,6.703314781,2.544986248,6.705751419,0.1790471595,0.6513130965,1,1,1
72061,"Guaynabo Municipio, Puerto Rico",PR,89554,43304.0,25.11,8.25,10.25,81.63,0.5,0.5,0.4998,0.5,0.5,10.7,38.2,32.8,26.5,16.1,5.9,18.6,13.7,15.8,8.7,12.9,10.4,21.45865631,6.703314781,2.544986248,6.705751419,0.1790471595,0.6513130965,1,1,1
72063,"Gurabo Municipio, Puerto Rico",PR,40517,39533.0,31.94,14.73,10.15,87.43,0.5,0.5,0.4998,0.5,0.5,10.7,38.2,32.8,26.5,16.1,5.9,18.6,13.7,15.8,8.7,12.9,10.4,21.45865631,6.703314781,2.544986248,6.705751419,0.1790471595,0.6513130965,1,1,1
72065,"Hatillo Municipio, Puerto Rico",PR,38330,24407.0,39.33,6.01,7.49,73.49,0.5,0.5,0.4998,0.5,0.5,10.7,38.2,32.8,26.5,16.1,5.9,18.6,13.7,15.8,8.7,12.9,10.4,21.45865631,6.703314781,2.544986248,6.705751419,0.1790471595,0.6513130965,1,1,1
72067,"Hormigueros Municipio, Puerto Rico",PR,15571,22542.0,41.14,16.54,13.0,76.9,0.5,0.5,0.4998,0.5,0.5,10.7,38.2,32.8,26.5,16.1,5.9,18.6,13.7,15.8,8.7,12.9,10.4,21.45865631,6.703314781,2.544986248,6.705751419,0.1790471595,0.6513130965,1,1,1
72069,"Humacao Municipio, Puerto Rico",PR,50729,25940.0,37.12,7.29,14.61,78.17,0.5,0.5,0.4998,0.5,0.5,10.7,38.2,32.8,26.5,16.1,5.9,18.6,13.7,15.8,8.7,12.9,10.4,21.45865631,6.703314781,2.544986248,6.705751419,0.1790471595,0.6513130965,1,1,1
72071,"Isabela Municipio, Puerto Rico",PR,42817,19965.0,48.22,7.01,12.32,40.42,0.5,0.5,0.4998,0.5,0.5,10.7,38.2,32.8,26.5,16.1,5.9,18.6,13.7,15.8,8.7,12.9,10.4,21.45865631,6.703314781,2.544986248,6.705751419,0.1790471595,0.6513130965,1,1,1
72073,"Jayuya Municipio, Puerto Rico",PR,14726,18363.0,54.73,19.82,14.18,63.17,0.5,0.5,0.4998,0.5,0.5,10.7,38.2,32.8,26.5,16.1,5.9,18.6,13.7,15.8,8.7,12.9,10.4,21.45865631,6.703314781,2.544986248,6.705751419,0.1790471595,0.6513130965,1,1,1
72075,"Juana Díaz Municipio, Puerto Rico",PR,46333,23035.0,44.32,18.51,13.57,82.97,0.5,0.5,0.4998,0.5,0.5,10.7,38.2,32.8,26.5,16.1,5.9,18.6,13.7,15.8,8.7,12.9,10.4,21.45865631,6.703314781,2.544986248,6.705751419,0.1790471595,0.6513130965,1,1,1
72077,"Juncos Municipio, Puerto Rico",PR,36928,25931.0,38.06,14.58,8.84,81.61,0.5,0.5,0.4998,0.5,0.5,10.7,38.2,32.8,26.5,16.1,5.9,18.6,13.7,15.8,8.7,12.9,10.4,21.45865631,6.703314781,2.544986248,6.705751419,0.1790471595,0.6513130965,1,1,1
72079,"Lajas Municipio, Puerto Rico",PR,23202,17131.0,56.06,19.85,13.93,57.93,0.5,0.5,0.4998,0.5,0.5,10.7,38.2,32.8,26.5,16.1,5.9,18.6,13.7,15.8,8.7,12.9,10.4,21.45865631,6.703314781,2.544986248,6.705751419,0.1790471595,0.6513130965,1,1,1
72081,"Lares Municipio, Puerto Rico",PR,27990,18844.0,55.97,11.04,13.26,69.41,0.5,0.5,0.4998,0.5,0.5,10.7,38.2,32.8,26.5,16.1,5.9,18.6,13.7,15.8,8.7,12.9,10.4,21.45865631,6.703314781,2.544986248,6.705751419,0.1790471595,0.6513130965,1,1,1
72083,"Las Marías Municipio, Puerto Rico",PR,8826,16506.0,52.81,8.11,12.53,40.01,0.5,0.5,0.4998,0.5,0.5,10.7,38.2,32.8,26.5,16.1,5.9,18.6,13.7,15.8,8.7,12.9,10.4,21.45865631,6.703314781,2.544986248,6.705751419,0.1790471595,0.6513130965,1,1,1
72085,"Las Piedras Municipio, Puerto Rico",PR,35099,23193.0,39.12,10.95,10.03,82.01,0.5,0.5,0.4998,0.5,0.5,10.7,38.2,32.8,26.5,16.1,5.9,18.6,13.7,15.8,8.7,12.9,10.4,21.45865631,6.703314781,2.544986248,6.705751419,0.1790471595,0.6513130965,1,1,1
72087,"Loíza Municipio, Puerto Rico",PR,23580,21306.0,45.35,21.73,19.41,83.21,0.5,0.5,0.4998,0.5,0.5,10.7,38.2,32.8,26.5,16.1,5.9,18.6,13.7,15.8,8.7,12.9,10.4,21.45865631,6.703314781,2.544986248,6.705751419,0.1790471595,0.6513130965,1,1,1
72089,"Luquillo Municipio, Puerto Rico",PR,17716,22585.0,45.31,22.38,14.9,79.66,0.5,0.5,0.4998,0.5,0.5,10.7,38.2,32.8,26.5,16.1,5.9,18.6,13.7,15.8,8.7,12.9,10.4,21.45865631,6.703314781,2.544986248,6.705751419,0.1790471595,0.6513130965,1,1,1
72091,"Manatí Municipio, Puerto Rico",PR,39310,20385.0,45.49,17.37,17.96,54.24,0.5,0.5,0.4998,0.5,0.5,10.7,38.2,32.8,26.5,16.1,5.9,18.6,13.7,15.8,8.7,12.9,10.4,21.45865631,6.703314781,2.544986248,6.705751419,0.1790471595,0.6513130965,1,1,1
72093,"Maricao Municipio, Puerto Rico",PR,5354,20133.0,52.02,1.96,11.93,34.33,0.5,0.5,0.4998,0.5,0.5,10.7,38.2,32.8,26.5,16.1,5.9,18.6,13.7,15.8,8.7,12.9,10.4,21.45865631,6.703314781,2.544986248,6.705751419,0.1790471595,0.6513130965,1,1,1
72095,"Maunabo Municipio, Puerto Rico",PR,10563,21951.0,49.91,23.74,14.97,73.62,0.5,0.5,0.4998,0.5,0.5,10.7,38.2,32.8,26.5,16.1,5.9,18.6,13.7,15.8,8.7,12.9,10.4,21.45865631,6.703314781,2.544986248,6.705751419,0.1790471595,0.6513130965,1,1,1
72097,"Mayagüez Municipio, Puerto Rico",PR,72721,16788.0,53.51,23.89,19.83,76.59,0.5,0.5,0.4998,0.5,0.5,10.7,38.2,32.8,26.5,16.1,5.9,18.6,13.7,15.8,8.7,12.9,10.4,21.45865631,6.703314781,2.544986248,6.705751419,0.1790471595,0.6513130965,1,1,1
72099,"Moca Municipio, Puerto Rico",PR,37363,20331.0,46.66,21.35,9.07,78.12,0.5,0.5,0.4998,0.5,0.5,10.7,38.2,32.8,26.5,16.1,5.9,18.6,13.7,15.8,8.7,12.9,10.4,21.45865631,6.703314781,2.544986248,6.705751419,0.1790471595,0.6513130965,1,1,1
72101,"Morovis Municipio, Puerto Rico",PR,28659,22282.0,47.5,15.86,14.1,73.47,0.5,0.5,0.4998,0.5,0.5,10.7,38.2,32.8,26.5,16.1,5.9,18.6,13.7,15.8,8.7,12.9,10.4,21.45865631,6.703314781,2.544986248,6.705751419,0.1790471595,0.6513130965,1,1,1
72103,"Naguabo Municipio, Puerto Rico",PR,23340,20486.0,47.94,10.04,10.35,79.56,0.5,0.5,0.4998,0.5,0.5,10.7,38.2,32.8,26.5,16.1,5.9,18.6,13.7,15.8,8.7,12.9,10.4,21.45865631,6.703314781,2.544986248,6.705751419,0.1790471595,0.6513130965,1,1,1
72105,"Naranjito Municipio, Puerto Rico",PR,29153,20616.0,48.78,17.47,15.99,58.62,0.5,0.5,0.4998,0.5,0.5,10.7,38.2,32.8,26.5,16.1,5.9,18.6,13.7,15.8,8.7,12.9,10.4,21.45865631,6.703314781,2.544986248,6.705751419,0.1790471595,0.6513130965,1,1,1
72107,"Orocovis Municipio, Puerto Rico",PR,21378,16869.0,55.87,19.62,15.77,66.61,0.5,0.5,0.4998,0.5,0.5,10.7,38.2,32.8,26.5,16.1,5.9,18.6,13.7,15.8,8.7,12.9,10.4,21.45865631,6.703314781,2.544986248,6.705751419,0.1790471595,0.6513130965,1,1,1
72109,"Patillas Municipio, Puerto Rico",PR,15927,20778.0,48.49,13.02,15.4,75.47,0.5,0.5,0.4998,0.5,0.5,10.7,38.2,32.8,26.5,16.1,5.9,18.6,13.7,15.8,8.7,12.9,10.4,21.45865631,6.703314781,2.544986248,6.705751419,0.1790471595,0.6513130965,1,1,1
72111,"Peñuelas Municipio, Puerto Rico",PR,20298,20072.0,52.13,12.05,11.64,77.75,0.5,0.5,0.4998,0.5,0.5,10.7,38.2,32.8,26.5,16.1,5.9,18.6,13.7,15.8,8.7,12.9,10.4,21.45865631,6.703314781,2.544986248,6.705751419,0.1790471595,0.6513130965,1,1,1
72113,"Ponce Municipio, Puerto Rico",PR,136542,18994.0,50.43,12.75,16.82,76.87,0.5,0.5,0.4998,0.5,0.5,10.7,38.2,32.8,26.5,16.1,5.9,18.6,13.7,15.8,8.7,12.9,10.4,21.45865631,6.703314781,2.544986248,6.705751419,0.1790471595,0.6513130965,1,1,1
72115,"Quebradillas Municipio, Puerto Rico",PR,23540,20209.0,46.1,5.65,12.07,69.55,0.5,0.5,0.4998,0.5,0.5,10.7,38.2,32.8,26.5,16.1,5.9,18.6,13.7,15.8,8.7,12.9,10.4,21.45865631,6.703314781,2.544986248,6.705751419,0.1790471595,0.6513130965,1,1,1
72117,"Rincón Municipio, Puerto Rico",PR,15164,26771.0,41.28,6.16,9.53,68.71,0.5,0.5,0.4998,0.5,0.5,10.7,38.2,32.8,26.5,16.1,5.9,18.6,13.7,15.8,8.7,12.9,10.4,21.45865631,6.703314781,2.544986248,6.705751419,0.1790471595,0.6513130965,1,1,1
72119,"Río Grande Municipio, Puerto Rico",PR,46838,25963.0,36.24,17.59,12.1,80.38,0.5,0.5,0.4998,0.5,0.5,10.7,38.2,32.8,26.5,16.1,5.9,18.6,13.7,15.8,8.7,12.9,10.4,21.45865631,6.703314781,2.544986248,6.705751419,0.1790471595,0.6513130965,1,1,1
72121,"Sabana Grande Municipio, Puerto Rico",PR,22639,20464.0,46.01,11.47,10.35,67.23,0.5,0.5,0.4998,0.5,0.5,10.7,38.2,32.8,26.5,16.1,5.9,18.6,13.7,15.8,8.7,12.9,10.4,21.45865631,6.703314781,2.544986248,6.705751419,0.1790471595,0.6513130965,1,1,1
72123,"Salinas Municipio, Puerto Rico",PR,25688,20123.0,50.52,6.01,14.53,72.84,0.5,0.5,0.4998,0.5,0.5,10.7,38.2,32.8,26.5,16.1,5.9,18.6,13.7,15.8,8.7,12.9,10.4,21.45865631,6.703314781,2.544986248,6.705751419,0.1790471595,0.6513130965,1,1,1
72125,"San Germán Municipio, Puerto Rico",PR,31680,17862.0,49.82,6.51,17.02,41.44,0.5,0.5,0.4998,0.5,0.5,10.7,38.2,32.8,26.5,16.1,5.9,18.6,13.7,15.8,8.7,12.9,10.4,21.45865631,6.703314781,2.544986248,6.705751419,0.1790471595,0.6513130965,1,1,1
72127,"San Juan Municipio, Puerto Rico",PR,340903,26111.0,39.5,15.66,22.63,67.93,0.5,0.5,0.4998,0.5,0.5,10.7,38.2,32.8,26.5,16.1,5.9,18.6,13.7,15.8,8.7,12.9,10.4,21.45865631,6.703314781,2.544986248,6.705751419,0.1790471595,0.6513130965,1,1,1
72129,"San Lorenzo Municipio, Puerto Rico",PR,37552,19629.0,45.27,8.31,16.9,74.63,0.5,0.5,0.4998,0.5,0.5,10.7,38.2,32.8,26.5,16.1,5.9,18.6,13.7,15.8,8.7,12.9,10.4,21.45865631,6.703314781,2.544986248,6.705751419,0.1790471595,0.6513130965,1,1,1
72131,"San Sebastián Municipio, Puerto Rico",PR,39183,17557.0,52.44,14.89,11.73,65.9,0.5,0.5,0.4998,0.5,0.5,10.7,38.2,32.8,26.5,16.1,5.9,18.6,13.7,15.8,8.7,12.9,10.4,21.45865631,6.703314781,2.544986248,6.705751419,0.1790471595,0.6513130965,1,1,1
72133,"Santa Isabel Municipio, Puerto Rico",PR,20207,22680.0,46.43,8.56,11.2,78.74,0.5,0.5,0.4998,0.5,0.5,10.7,38.2,32.8,26.5,16.1,5.9,18.6,13.7,15.8,8.7,12.9,10.4,21.45865631,6.703314781,2.544986248,6.705751419,0.1790471595,0.6513130965,1,1,1
72135,"Toa Alta Municipio, Puerto Rico",PR,66699,32456.0,32.29,8.63,6.37,58.46,0.5,0.5,0.4998,0.5,0.5,10.7,38.2,32.8,26.5,16.1,5.9,18.6,13.7,15.8,8.7,12.9,10.4,21.45865631,6.703314781,2.544986248,6.705751419,0.1790471595,0.6513130965,1,1,1
72137,"Toa Baja Municipio, Puerto Rico",PR,74854,28719.0,35.45,11.31,9.07,72.64,0.5,0.5,0.4998,0.5,0.5,10.7,38.2,32.8,26.5,16.1,5.9,18.6,13.7,15.8,8.7,12.9,10.4,21.45865631,6.703314781,2.544986248,6.705751419,0.1790471595,0.6513130965,1,1,1
72139,"Trujillo Alto Municipio, Puerto Rico",PR,67497,35821.0,29.25,6.5,10.44,82.97,0.5,0.5,0.4998,0.5,0.5,10.7,38.2,32.8,26.5,16.1,5.9,18.6,13.7,15.8,8.7,12.9,10.4,21.45865631,6.703314781,2.544986248,6.705751419,0.1790471595,0.6513130965,1,1,1
72141,"Utuado Municipio, Puerto Rico",PR,28155,17164.0,53.7,30.54,15.99,59.41,0.5,0.5,0.4998,0.5,0.5,10.7,38.2,32.8,26.5,16.1,5.9,18.6,13.7,15.8,8.7,12.9,10.4,21.45865631,6.703314781,2.544986248,6.705751419,0.1790471595,0.6513130965,1,1,1
72143,"Vega Alta Municipio, Puerto Rico",PR,35279,24778.0,42.28,21.57,13.49,76.74,0.5,0.5,0.4998,0.5,0.5,10.7,38.2,32.8,26.5,16.1,5.9,18.6,13.7,15.8,8.7,12.9,10.4,21.45865631,6.703314781,2.544986248,6.705751419,0.1790471595,0.6513130965,1,1,1
72145,"Vega Baja Municipio, Puerto Rico",PR,54182,23701.0,43.21,16.34,13.06,59.27,0.5,0.5,0.4998,0.5,0.5,10.7,38.2,32.8,26.5,16.1,5.9,18.6,13.7,15.8,8.7,12.9,10.4,21.45865631,6.703314781,2.544986248,6.705751419,0.1790471595,0.6513130965,1,1,1
72147,"Vieques Municipio, Puerto Rico",PR,8199,17062.0,54.07,13.14,14.42,75.77,0.5,0.5,0.4998,0.5,0.5,10.7,38.2,32.8,26.5,16.1,5.9,18.6,13.7,15.8,8.7,12.9,10.4,21.45865631,6.703314781,2.544986248,6.705751419,0.1790471595,0.6513130965,1,1,1
72149,"Villalba Municipio, Puerto Rico",PR,21984,22461.0,42.74,13.93,12.31,77.71,0.5,0.5,0.4998,0.5,0.5,10.7,38.2,32.8,26.5,16.1,5.9,18.6,13.7,15.8,8.7,12.9,10.4,21.45865631,6.703314781,2.544986248,6.705751419,0.1790471595,0.6513130965,1,1,1
72151,"Yabucoa Municipio, Puerto Rico",PR,30313,19972.0,49.75,11.11,14.53,73.22,0.5,0.5,0.4998,0.5,0.5,10.7,38.2,32.8,26.5,16.1,5.9,18.6,13.7,15.8,8.7,12.9,10.4,21.45865631,6.703314781,2.544986248,6.705751419,0.1790471595,0.6513130965,1,1,1
72153,"Yauco Municipio, Puerto Rico",PR,33988,19827.0,43.67,13.47,11.32,70.47,0.5,0.5,0.4998,0.5,0.5,10.7,38.2,32.8,26.5,16.1,5.9,18.6,13.7,15.8,8.7,12.9,10.4,21.45865631,6.703314781,2.544986248,6.705751419,0.1790471595,0.6513130965,1,1,1
